customer_id,age,gender,city,annual_income,spending_score,membership_years,total_orders,avg_order_value,last_purchase_days,preferred_category,churn
1,56,Female,Mumbai,93805,27,9,20,2040,363,Home,0
2,46,Male,Hyderabad,88367,74,4,22,1050,109,Beauty,0
3,32,Male,Bangalore,129906,63,2,47,2171,309,Sports,1
4,60,Female,Chennai,137409,68,4,23,1391,52,Electronics,0
5,25,Female,Hyderabad,97355,19,6,41,4120,1,Home,0
6,38,Female,Hyderabad,136220,28,6,35,4828,11,Electronics,0
7,56,Male,Bangalore,110349,85,5,3,2262,314,Beauty,1
8,36,Female,Mumbai,107173,78,1,34,3246,235,Electronics,0
9,40,Male,Hyderabad,21996,33,3,33,4599,128,Home,0
10,28,Female,Chennai,139999,10,5,46,3758,214,Fashion,0
11,28,Female,Hyderabad,64387,83,6,17,4711,243,Home,1
12,41,Male,Chennai,134965,30,1,45,504,44,Electronics,0
13,53,Male,Delhi,23089,22,9,19,3047,6,Beauty,1
14,57,Female,Delhi,118827,3,3,30,2635,156,Sports,0
15,41,Female,Chennai,40659,82,3,23,3004,8,Sports,0
16,20,Female,Mumbai,65178,75,2,15,2184,5,Beauty,1
17,39,Male,Hyderabad,140053,48,8,14,4136,362,Electronics,1
18,19,Male,Hyderabad,115965,2,3,2,912,182,Beauty,0
19,41,Male,Delhi,101268,76,6,39,3095,112,Electronics,0
20,61,Male,Chennai,105042,54,2,49,1881,273,Home,0
21,47,Male,Hyderabad,126471,6,7,18,1533,265,Fashion,0
22,55,Male,Hyderabad,90726,40,4,6,3398,212,Electronics,0
23,19,Female,Mumbai,90111,93,9,32,374,78,Sports,0
24,38,Female,Bangalore,126031,94,9,21,3405,270,Sports,0
25,50,Male,Delhi,133682,2,7,40,1616,154,Fashion,0
26,29,Female,Delhi,54565,73,8,28,2187,221,Electronics,0
27,39,Female,Bangalore,120435,2,3,27,1972,347,Fashion,0
28,61,Male,Hyderabad,109242,93,5,2,4466,25,Home,0
29,42,Female,Mumbai,133204,97,2,33,1274,354,Fashion,0
30,44,Male,Mumbai,149642,74,7,16,4960,208,Home,0
31,59,Male,Delhi,42884,98,8,39,791,3,Sports,0
32,45,Female,Mumbai,37199,55,9,22,3178,215,Home,0
33,33,Male,Bangalore,80038,72,7,43,4182,112,Electronics,0
34,32,Male,Hyderabad,77786,60,8,47,2610,192,Electronics,0
35,64,Male,Bangalore,129636,97,9,13,1047,47,Electronics,1
36,61,Male,Chennai,124970,6,6,2,693,221,Electronics,0
37,20,Male,Delhi,69294,19,2,14,745,187,Beauty,0
38,54,Male,Mumbai,98015,96,2,38,2486,50,Home,0
39,24,Male,Chennai,54178,27,4,41,2897,197,Electronics,1
40,38,Male,Mumbai,32665,1,9,28,4037,216,Fashion,0
41,26,Female,Hyderabad,149604,33,7,7,1740,221,Fashion,1
42,56,Female,Hyderabad,20534,40,2,18,1083,90,Beauty,0
43,35,Female,Hyderabad,111828,32,8,41,4156,232,Home,1
44,21,Male,Mumbai,56132,69,7,36,3294,323,Home,0
45,42,Male,Chennai,135720,17,9,41,2565,258,Home,0
46,31,Female,Hyderabad,56110,8,8,36,3547,153,Beauty,1
47,26,Female,Chennai,78754,57,3,44,3271,256,Home,0
48,43,Female,Mumbai,83580,42,1,4,3875,258,Home,0
49,19,Male,Chennai,42469,98,2,30,4915,65,Electronics,0
50,37,Female,Mumbai,84016,9,2,24,1152,190,Home,0
51,45,Female,Mumbai,66233,87,4,20,3500,91,Electronics,1
52,64,Male,Delhi,122804,35,6,46,3935,173,Electronics,0
53,24,Female,Mumbai,149863,71,4,31,3379,247,Home,1
54,61,Male,Mumbai,86708,79,9,24,3163,256,Fashion,1
55,25,Male,Bangalore,78232,53,4,7,4227,116,Sports,0
56,64,Male,Hyderabad,113450,54,6,26,3447,49,Fashion,0
57,52,Female,Delhi,106437,84,6,13,4615,227,Home,1
58,31,Female,Delhi,126311,25,1,8,3557,69,Home,0
59,34,Male,Delhi,54409,67,8,5,2904,126,Fashion,1
60,53,Female,Bangalore,135159,62,3,44,1237,213,Home,0
61,57,Female,Mumbai,39324,55,6,13,270,53,Electronics,0
62,21,Female,Hyderabad,28738,46,3,29,3074,112,Beauty,1
63,19,Female,Chennai,123030,24,2,20,305,159,Home,0
64,23,Male,Mumbai,130093,98,5,14,969,240,Home,0
65,59,Female,Bangalore,44054,46,1,32,2209,150,Fashion,0
66,21,Male,Mumbai,49709,22,9,27,3140,139,Electronics,1
67,46,Male,Mumbai,129321,11,7,25,2392,113,Fashion,0
68,35,Female,Bangalore,105643,48,3,4,3695,143,Fashion,0
69,43,Male,Delhi,148805,8,4,21,4511,138,Home,0
70,61,Female,Delhi,20363,39,6,18,4555,304,Electronics,0
71,51,Female,Hyderabad,30358,35,3,39,1133,31,Home,0
72,27,Male,Hyderabad,121613,49,7,15,774,293,Home,0
73,53,Male,Delhi,135233,46,6,38,4130,108,Home,0
74,31,Male,Chennai,23240,38,9,48,4580,284,Home,1
75,48,Male,Mumbai,92201,8,5,24,4287,159,Beauty,0
76,32,Female,Chennai,65689,54,4,8,2731,326,Sports,0
77,25,Female,Mumbai,21936,37,3,28,2619,14,Electronics,1
78,31,Female,Delhi,132272,91,1,21,269,122,Beauty,0
79,40,Male,Hyderabad,111074,92,3,16,4674,215,Sports,1
80,57,Male,Hyderabad,63965,40,3,16,1502,272,Sports,0
81,38,Male,Chennai,97534,34,7,35,4014,25,Sports,0
82,33,Female,Hyderabad,20882,96,7,17,2549,322,Beauty,0
83,62,Male,Delhi,40224,79,1,9,454,294,Electronics,0
84,35,Female,Chennai,125227,17,3,35,1907,169,Fashion,0
85,64,Male,Mumbai,143750,33,8,29,4987,103,Sports,0
86,41,Female,Hyderabad,139299,47,9,39,1033,354,Fashion,0
87,43,Female,Bangalore,145865,52,7,18,2964,40,Fashion,0
88,42,Male,Hyderabad,132012,80,7,12,2671,235,Home,0
89,62,Male,Mumbai,143745,93,8,19,3942,320,Fashion,0
90,58,Female,Chennai,50825,9,6,48,2235,89,Home,0
91,46,Female,Mumbai,90740,33,3,22,2167,100,Electronics,0
92,32,Male,Bangalore,48885,60,1,49,299,144,Electronics,0
93,62,Male,Delhi,60056,93,7,15,2052,82,Home,0
94,18,Female,Hyderabad,23203,77,1,1,3383,77,Electronics,0
95,42,Male,Chennai,80241,21,1,2,2555,59,Sports,0
96,24,Female,Delhi,22244,58,9,8,311,229,Electronics,0
97,26,Female,Mumbai,118322,85,7,22,3358,91,Home,1
98,41,Male,Chennai,135329,69,4,25,382,354,Sports,0
99,18,Male,Delhi,88619,10,6,2,4052,1,Fashion,0
100,61,Male,Chennai,41584,6,1,9,364,269,Fashion,1
101,25,Male,Bangalore,28521,13,7,9,2337,286,Fashion,0
102,41,Male,Bangalore,70017,65,6,13,2223,197,Home,0
103,28,Female,Hyderabad,53541,20,4,6,654,274,Fashion,0
104,34,Female,Hyderabad,49063,57,7,30,2485,78,Electronics,0
105,25,Male,Bangalore,90268,46,3,15,741,141,Fashion,0
106,52,Male,Chennai,145234,8,1,15,2865,288,Beauty,0
107,52,Male,Bangalore,146218,10,4,7,2649,71,Beauty,0
108,50,Female,Hyderabad,138206,73,3,11,4133,50,Fashion,0
109,22,Male,Bangalore,84952,67,1,40,3086,80,Fashion,0
110,59,Male,Bangalore,113054,11,2,38,4814,235,Beauty,0
111,56,Female,Chennai,59563,12,5,40,4492,287,Fashion,0
112,58,Female,Delhi,59752,10,8,2,4104,307,Sports,0
113,45,Male,Hyderabad,115233,25,1,48,1888,155,Beauty,0
114,24,Male,Chennai,22567,49,4,39,1837,60,Home,0
115,26,Male,Bangalore,36121,49,4,10,4928,33,Beauty,1
116,25,Female,Bangalore,21674,89,5,44,4870,127,Electronics,0
117,29,Male,Delhi,96411,11,7,17,4282,221,Sports,0
118,51,Male,Hyderabad,129876,62,8,7,2090,200,Home,0
119,50,Male,Hyderabad,86275,36,6,40,3405,126,Fashion,0
120,40,Female,Mumbai,87081,39,1,39,677,41,Electronics,0
121,41,Female,Hyderabad,49140,53,7,4,2566,275,Electronics,1
122,54,Male,Delhi,145139,90,3,35,2726,297,Sports,0
123,52,Male,Mumbai,29327,78,6,47,566,85,Home,1
124,61,Female,Mumbai,90663,56,8,36,2036,89,Electronics,0
125,57,Female,Bangalore,43331,1,7,31,1915,42,Home,1
126,39,Female,Bangalore,43004,56,6,25,212,120,Home,0
127,44,Female,Hyderabad,127369,4,9,41,735,279,Electronics,0
128,52,Female,Mumbai,139243,30,9,13,3439,33,Home,1
129,18,Female,Bangalore,30492,12,1,18,2517,276,Sports,0
130,52,Female,Delhi,74797,35,1,21,4242,153,Electronics,1
131,54,Female,Bangalore,78095,77,1,48,575,90,Sports,0
132,64,Female,Bangalore,33749,52,8,1,1924,104,Sports,0
133,31,Male,Mumbai,83217,31,7,36,456,12,Home,0
134,20,Male,Mumbai,109044,87,3,8,2464,160,Home,0
135,18,Male,Chennai,29045,68,2,48,649,196,Electronics,0
136,22,Female,Delhi,40116,52,4,21,1093,307,Fashion,0
137,43,Male,Mumbai,38667,80,3,43,3412,262,Electronics,0
138,31,Female,Hyderabad,95057,7,7,21,1384,91,Sports,0
139,56,Female,Delhi,94205,22,8,27,3423,197,Home,0
140,44,Male,Delhi,47302,93,6,19,1508,69,Sports,0
141,26,Female,Mumbai,31283,75,3,23,4905,220,Beauty,0
142,32,Male,Delhi,50935,56,6,43,1116,214,Beauty,0
143,32,Male,Mumbai,92534,97,2,35,347,146,Sports,0
144,43,Male,Bangalore,114342,58,7,40,4951,233,Fashion,1
145,59,Female,Chennai,51624,93,7,42,2314,234,Fashion,0
146,30,Male,Bangalore,33440,64,4,48,4216,214,Electronics,0
147,49,Female,Mumbai,131001,12,8,5,4140,61,Electronics,0
148,56,Male,Mumbai,66501,7,4,41,4271,363,Electronics,1
149,49,Male,Bangalore,107333,55,7,8,2995,78,Home,0
150,21,Male,Hyderabad,21269,62,4,11,642,95,Fashion,0
151,47,Female,Hyderabad,27868,90,5,16,3144,330,Sports,0
152,54,Female,Hyderabad,50251,73,7,39,4136,216,Beauty,0
153,40,Female,Mumbai,97909,98,3,47,598,213,Fashion,1
154,56,Male,Delhi,104523,77,5,24,1351,304,Fashion,1
155,62,Male,Mumbai,58729,55,3,21,3992,200,Fashion,1
156,32,Female,Delhi,35734,36,5,23,3195,352,Electronics,0
157,60,Female,Bangalore,62429,89,3,49,2416,31,Home,0
158,46,Female,Chennai,61337,24,7,38,1907,290,Sports,1
159,53,Female,Delhi,60325,44,1,47,3531,343,Electronics,0
160,30,Female,Hyderabad,103600,17,9,8,2187,135,Home,0
161,49,Female,Mumbai,82514,2,9,7,4802,83,Fashion,0
162,24,Male,Bangalore,28433,13,5,2,2768,47,Home,0
163,39,Female,Hyderabad,133957,31,9,30,360,206,Electronics,0
164,45,Male,Bangalore,29111,93,6,13,4635,77,Fashion,1
165,19,Male,Chennai,123986,28,5,23,4104,259,Electronics,0
166,59,Female,Mumbai,83753,60,3,29,3773,92,Sports,0
167,62,Female,Mumbai,133783,27,8,38,3377,100,Fashion,0
168,23,Male,Chennai,100583,15,4,37,2025,195,Home,0
169,45,Female,Mumbai,93620,95,3,20,4124,192,Electronics,0
170,45,Female,Delhi,41751,79,6,33,1823,68,Beauty,0
171,61,Male,Bangalore,36453,33,8,29,1376,242,Home,0
172,61,Male,Hyderabad,105844,20,9,15,3920,90,Home,1
173,37,Male,Chennai,58968,42,6,23,3420,345,Fashion,0
174,47,Female,Delhi,50077,12,5,42,3459,10,Home,1
175,28,Male,Hyderabad,128582,73,2,3,330,264,Electronics,0
176,45,Female,Hyderabad,54775,23,2,37,3762,268,Beauty,0
177,42,Male,Chennai,78144,72,9,29,1699,320,Sports,0
178,56,Male,Delhi,68570,96,2,45,2988,118,Beauty,0
179,50,Male,Hyderabad,66097,14,2,8,3908,250,Electronics,0
180,18,Female,Hyderabad,44503,91,3,22,1907,59,Fashion,0
181,44,Female,Delhi,22779,25,3,29,1969,195,Electronics,0
182,30,Male,Mumbai,106840,77,4,2,1518,50,Home,0
183,58,Male,Hyderabad,20755,85,7,41,3579,296,Fashion,0
184,20,Male,Bangalore,59263,31,9,49,2973,97,Sports,0
185,56,Female,Delhi,128491,54,2,45,3190,127,Sports,0
186,23,Male,Hyderabad,75087,5,4,1,3244,246,Electronics,0
187,25,Female,Chennai,62281,13,9,44,575,87,Home,0
188,44,Male,Bangalore,71482,28,2,20,3236,77,Sports,0
189,26,Male,Hyderabad,74857,43,1,21,860,204,Beauty,0
190,54,Male,Bangalore,142989,89,8,37,1603,146,Fashion,0
191,50,Male,Bangalore,37400,99,9,8,940,149,Beauty,0
192,59,Male,Mumbai,60115,47,7,27,503,111,Sports,1
193,61,Male,Bangalore,34249,71,8,47,1285,129,Sports,0
194,41,Female,Mumbai,133183,38,4,35,3379,253,Electronics,1
195,32,Male,Delhi,66825,96,4,6,1410,166,Electronics,0
196,49,Female,Mumbai,130361,67,2,45,3234,297,Fashion,1
197,49,Male,Chennai,44600,62,8,44,428,137,Electronics,0
198,41,Male,Hyderabad,57706,39,2,19,3319,279,Home,1
199,58,Female,Delhi,39222,37,9,18,2054,334,Fashion,0
200,29,Male,Delhi,119041,86,4,1,467,11,Home,0
201,56,Female,Chennai,124504,8,1,25,2974,71,Electronics,0
202,19,Female,Mumbai,61139,81,4,27,3049,159,Fashion,0
203,20,Male,Hyderabad,134919,52,3,7,4549,216,Sports,1
204,54,Female,Mumbai,136605,91,6,44,2334,26,Beauty,0
205,34,Female,Bangalore,61302,33,7,42,3659,286,Sports,1
206,19,Male,Mumbai,114684,81,8,29,2469,162,Home,0
207,19,Female,Delhi,107838,42,2,31,1189,102,Sports,0
208,45,Male,Hyderabad,88159,76,6,44,4692,69,Sports,0
209,40,Male,Mumbai,28646,27,6,43,1137,133,Beauty,1
210,54,Male,Hyderabad,33543,8,5,36,639,189,Beauty,0
211,49,Male,Hyderabad,114496,23,7,19,2558,211,Sports,0
212,50,Female,Bangalore,148212,64,3,6,2207,243,Beauty,0
213,18,Male,Bangalore,42785,93,4,25,3545,166,Sports,0
214,36,Male,Delhi,98353,20,9,31,4330,61,Fashion,1
215,19,Female,Chennai,51406,16,4,9,3943,362,Sports,0
216,61,Male,Hyderabad,108992,17,3,20,718,279,Electronics,0
217,43,Male,Chennai,71428,80,2,10,468,113,Beauty,0
218,49,Female,Delhi,43777,19,5,37,4933,30,Beauty,1
219,23,Female,Hyderabad,77939,8,4,27,4385,323,Home,0
220,49,Female,Hyderabad,73026,38,8,13,1588,161,Home,0
221,21,Female,Chennai,106450,38,7,41,1894,234,Electronics,0
222,28,Female,Mumbai,49553,53,6,2,3473,339,Beauty,0
223,34,Female,Bangalore,43548,93,2,21,1589,170,Beauty,0
224,55,Female,Mumbai,83221,100,3,33,4065,318,Home,0
225,41,Male,Chennai,57265,90,9,24,3229,186,Home,1
226,22,Female,Bangalore,145549,31,9,44,2535,57,Sports,1
227,51,Female,Mumbai,60701,44,5,42,3874,240,Beauty,0
228,23,Female,Bangalore,71287,60,3,34,4776,257,Beauty,0
229,39,Male,Hyderabad,26727,76,2,9,700,358,Sports,0
230,28,Male,Mumbai,130460,17,8,2,1861,201,Beauty,0
231,33,Female,Bangalore,70717,79,6,30,2299,325,Electronics,0
232,50,Female,Bangalore,52427,73,7,22,302,315,Home,0
233,26,Female,Bangalore,36692,39,1,46,2946,302,Home,0
234,23,Male,Mumbai,51625,42,1,11,3476,106,Home,0
235,33,Male,Delhi,44918,48,2,43,3285,290,Fashion,1
236,46,Female,Mumbai,126931,12,3,17,3737,101,Electronics,0
237,20,Male,Chennai,61136,96,1,36,1527,97,Electronics,0
238,37,Female,Mumbai,134826,89,5,13,2674,153,Sports,0
239,53,Male,Bangalore,134881,18,3,7,1879,29,Fashion,0
240,36,Male,Hyderabad,72409,79,1,16,3946,153,Beauty,0
241,43,Female,Mumbai,35577,96,8,33,2762,73,Electronics,0
242,20,Female,Mumbai,105155,6,6,45,4363,254,Fashion,1
243,36,Female,Bangalore,131776,43,9,1,3517,4,Fashion,1
244,37,Female,Hyderabad,119246,35,3,11,2636,237,Electronics,0
245,49,Male,Hyderabad,122924,98,9,6,507,38,Sports,0
246,24,Male,Chennai,146759,54,9,20,4196,20,Fashion,1
247,58,Male,Mumbai,140408,62,1,35,1289,113,Home,0
248,50,Female,Hyderabad,101731,69,3,44,4755,23,Fashion,0
249,57,Male,Hyderabad,47689,82,6,37,2594,136,Beauty,0
250,56,Female,Delhi,31154,16,8,41,4204,248,Electronics,0
251,35,Male,Delhi,124657,8,4,26,866,301,Beauty,1
252,57,Female,Hyderabad,114948,89,5,12,4363,97,Sports,0
253,18,Female,Chennai,41341,96,9,30,2434,33,Home,0
254,28,Male,Hyderabad,117554,90,6,28,1436,135,Electronics,0
255,45,Female,Bangalore,94681,86,7,27,1823,255,Fashion,0
256,42,Female,Mumbai,127798,31,7,42,1574,278,Home,1
257,40,Male,Chennai,66330,10,4,19,3511,133,Fashion,0
258,48,Female,Bangalore,138069,56,4,5,376,238,Sports,0
259,47,Female,Chennai,107759,76,4,5,1553,15,Electronics,1
260,59,Female,Bangalore,88416,92,5,41,3128,277,Sports,0
261,52,Male,Mumbai,145067,70,5,27,825,126,Sports,0
262,24,Male,Mumbai,106807,20,8,28,2854,345,Sports,0
263,33,Female,Delhi,53313,5,9,26,3808,17,Sports,0
264,43,Male,Bangalore,66900,23,2,27,3915,312,Fashion,0
265,19,Female,Delhi,98840,9,7,49,4474,50,Beauty,0
266,18,Female,Bangalore,54695,58,1,42,594,135,Fashion,0
267,29,Female,Delhi,50225,59,1,21,1368,118,Home,1
268,22,Female,Mumbai,106072,93,4,1,397,306,Sports,0
269,54,Female,Chennai,116367,80,7,28,1168,60,Home,0
270,49,Male,Delhi,69156,54,2,48,4108,125,Fashion,0
271,26,Female,Bangalore,97209,46,2,15,3355,116,Sports,1
272,58,Male,Bangalore,107453,22,1,17,4964,173,Fashion,0
273,52,Male,Mumbai,47829,64,2,26,2704,187,Sports,1
274,36,Female,Bangalore,100908,8,7,20,1476,88,Fashion,0
275,33,Female,Hyderabad,45938,20,9,25,4367,203,Electronics,1
276,20,Male,Chennai,79164,51,6,13,4518,361,Beauty,0
277,37,Male,Delhi,74530,78,2,33,1469,311,Beauty,0
278,41,Male,Chennai,140921,39,9,25,1564,320,Sports,0
279,50,Female,Mumbai,88199,37,7,8,1123,182,Electronics,1
280,41,Male,Delhi,80282,50,1,5,670,352,Home,0
281,28,Female,Delhi,67801,34,9,6,3216,168,Electronics,0
282,25,Female,Hyderabad,29465,75,2,23,2254,181,Sports,0
283,53,Female,Mumbai,23326,33,4,30,4483,300,Electronics,1
284,55,Male,Bangalore,23659,31,9,14,2251,130,Home,1
285,57,Female,Hyderabad,80289,54,4,23,3154,149,Sports,0
286,37,Female,Hyderabad,47594,44,3,11,1348,306,Beauty,0
287,52,Female,Chennai,135819,34,1,31,3286,209,Electronics,0
288,42,Female,Chennai,24763,71,7,6,1159,111,Beauty,1
289,52,Female,Chennai,108657,62,6,11,829,137,Beauty,1
290,42,Male,Hyderabad,30828,23,4,13,974,355,Fashion,0
291,46,Female,Bangalore,67588,46,6,12,559,211,Home,0
292,35,Female,Delhi,31221,56,6,2,717,146,Electronics,1
293,63,Male,Chennai,31211,7,4,35,1543,84,Beauty,1
294,35,Female,Bangalore,33569,89,6,36,2169,30,Beauty,0
295,19,Male,Mumbai,116894,61,8,17,3427,65,Home,0
296,52,Female,Chennai,57860,3,3,28,3099,24,Beauty,0
297,33,Male,Delhi,91558,38,4,28,1134,211,Beauty,0
298,58,Male,Mumbai,65337,84,1,22,2186,222,Beauty,0
299,53,Female,Mumbai,72311,34,4,38,576,90,Beauty,0
300,50,Female,Delhi,33515,44,9,7,3760,106,Fashion,0
301,21,Female,Chennai,91695,30,8,15,1974,172,Fashion,0
302,50,Male,Hyderabad,142006,17,4,32,1705,230,Sports,0
303,31,Male,Delhi,131527,59,7,11,2854,77,Electronics,0
304,38,Male,Delhi,126749,10,3,24,1210,68,Home,1
305,37,Female,Delhi,107227,99,9,3,3677,353,Sports,0
306,25,Male,Mumbai,44904,84,4,30,1430,92,Fashion,0
307,24,Male,Bangalore,79935,18,2,6,1377,88,Fashion,0
308,20,Female,Hyderabad,63790,45,5,2,4057,50,Fashion,1
309,34,Male,Chennai,88580,91,2,14,2295,103,Sports,1
310,50,Male,Chennai,95148,59,6,41,1872,46,Fashion,0
311,29,Female,Bangalore,25636,62,1,18,2128,179,Sports,1
312,39,Male,Delhi,97129,59,6,44,4039,267,Fashion,0
313,39,Female,Hyderabad,134483,49,4,31,3378,268,Beauty,1
314,63,Female,Chennai,22892,100,3,13,4468,320,Beauty,0
315,47,Female,Chennai,41672,63,2,26,2753,8,Electronics,0
316,55,Female,Delhi,25812,87,7,44,2645,265,Fashion,0
317,55,Female,Bangalore,116621,32,9,12,4589,78,Electronics,0
318,62,Male,Hyderabad,148177,10,3,18,751,240,Sports,0
319,25,Male,Bangalore,20654,11,6,9,3097,258,Electronics,1
320,44,Female,Bangalore,74633,70,9,49,1239,196,Fashion,1
321,44,Female,Hyderabad,37143,62,2,21,1084,330,Sports,0
322,51,Male,Hyderabad,75934,47,7,48,3251,131,Sports,0
323,38,Female,Chennai,87334,34,5,49,4429,343,Beauty,0
324,47,Female,Chennai,123463,100,5,40,3797,261,Sports,0
325,50,Female,Hyderabad,145851,17,7,43,2755,242,Sports,0
326,45,Male,Mumbai,49087,54,9,24,1289,171,Electronics,0
327,64,Male,Chennai,31618,76,4,34,4775,147,Sports,0
328,50,Female,Mumbai,28446,85,9,8,658,270,Home,0
329,22,Female,Hyderabad,107182,40,9,44,4921,149,Beauty,0
330,36,Male,Chennai,122127,19,4,33,4454,299,Beauty,0
331,21,Male,Bangalore,68867,67,3,23,2207,28,Sports,0
332,52,Female,Hyderabad,71028,82,2,13,2120,149,Electronics,0
333,34,Female,Delhi,80101,53,9,49,4727,280,Beauty,1
334,61,Male,Mumbai,47200,64,2,14,1203,182,Beauty,0
335,45,Male,Hyderabad,115107,83,6,14,3283,166,Home,0
336,47,Male,Hyderabad,108074,47,5,16,2314,17,Sports,0
337,46,Female,Chennai,126091,6,5,49,2789,150,Beauty,0
338,63,Male,Chennai,81465,16,4,38,2343,339,Beauty,0
339,23,Female,Chennai,129500,72,6,39,4510,45,Beauty,0
340,52,Male,Delhi,106436,18,5,26,2441,330,Beauty,0
341,58,Male,Chennai,138422,52,4,26,2286,189,Electronics,1
342,54,Male,Hyderabad,144124,48,9,1,1138,139,Fashion,0
343,41,Male,Chennai,107892,43,6,32,4501,61,Home,0
344,46,Female,Bangalore,108559,39,3,15,4170,294,Electronics,0
345,63,Female,Chennai,140044,49,6,21,4199,322,Home,1
346,48,Male,Delhi,59148,12,1,18,4850,33,Beauty,0
347,52,Female,Bangalore,102928,10,5,30,3608,299,Home,0
348,50,Male,Hyderabad,40698,71,6,13,970,112,Sports,0
349,38,Male,Hyderabad,62470,55,8,24,448,291,Sports,0
350,49,Male,Mumbai,112071,1,9,30,572,37,Fashion,1
351,40,Male,Bangalore,71660,49,3,2,3126,100,Fashion,0
352,50,Female,Mumbai,73910,36,2,19,4057,23,Home,0
353,20,Male,Bangalore,55450,21,4,47,901,218,Electronics,1
354,35,Male,Bangalore,76463,37,8,44,2385,89,Electronics,0
355,42,Female,Delhi,53757,24,8,47,1141,209,Beauty,0
356,59,Male,Mumbai,98012,55,3,25,4114,271,Electronics,0
357,48,Male,Delhi,126750,25,4,14,993,237,Fashion,0
358,20,Male,Bangalore,147043,7,3,6,877,209,Electronics,1
359,57,Female,Hyderabad,90247,81,2,12,1761,278,Beauty,0
360,63,Male,Bangalore,92015,93,4,20,4253,206,Sports,0
361,41,Female,Delhi,51390,94,6,23,652,78,Electronics,1
362,49,Male,Mumbai,76116,71,5,30,2666,328,Electronics,0
363,64,Male,Mumbai,33161,97,3,30,3856,98,Fashion,0
364,39,Female,Delhi,52152,71,2,38,4346,346,Home,0
365,40,Male,Mumbai,100171,24,9,30,3954,350,Sports,1
366,19,Male,Chennai,126379,11,1,41,409,336,Home,1
367,44,Female,Hyderabad,115833,73,9,30,2126,94,Beauty,0
368,59,Female,Hyderabad,40836,12,1,36,4166,80,Beauty,0
369,19,Female,Hyderabad,110367,35,7,49,2077,38,Home,1
370,43,Female,Mumbai,86543,63,6,34,826,228,Fashion,0
371,34,Female,Mumbai,75648,68,7,16,2926,134,Fashion,1
372,57,Male,Bangalore,46331,100,3,24,1658,196,Fashion,0
373,50,Female,Bangalore,125992,92,3,14,3024,282,Sports,0
374,26,Male,Hyderabad,30763,57,1,26,1450,101,Beauty,0
375,60,Male,Chennai,89444,13,4,8,4958,75,Beauty,0
376,56,Male,Bangalore,113109,23,2,14,4563,294,Beauty,0
377,46,Female,Bangalore,39187,83,8,31,2363,208,Sports,1
378,59,Female,Mumbai,31957,39,3,2,1823,83,Beauty,0
379,43,Male,Chennai,24379,88,7,48,2053,143,Home,1
380,52,Female,Hyderabad,47959,80,7,4,953,56,Electronics,0
381,42,Female,Bangalore,102018,97,9,1,2068,361,Sports,1
382,41,Female,Chennai,143076,12,6,20,381,287,Electronics,1
383,30,Female,Chennai,47105,34,1,14,1713,211,Home,0
384,24,Male,Hyderabad,20877,71,8,40,1102,179,Fashion,0
385,53,Male,Chennai,68353,75,1,25,3544,58,Fashion,0
386,62,Female,Chennai,103788,31,3,25,3653,73,Fashion,0
387,37,Male,Chennai,116870,93,5,3,3807,215,Sports,0
388,18,Female,Bangalore,104585,62,8,5,2756,266,Fashion,1
389,25,Female,Hyderabad,103308,13,9,38,2339,73,Sports,1
390,63,Male,Chennai,71567,31,7,26,4444,271,Sports,0
391,33,Male,Chennai,77913,2,9,40,2364,354,Electronics,0
392,31,Male,Bangalore,22637,15,3,38,2812,234,Fashion,0
393,29,Female,Hyderabad,92778,57,5,38,2221,319,Beauty,0
394,40,Male,Mumbai,62025,75,8,4,3021,19,Fashion,0
395,32,Female,Bangalore,126917,34,1,7,2481,113,Fashion,1
396,45,Male,Hyderabad,121187,68,8,30,1770,63,Fashion,0
397,51,Male,Chennai,119508,75,7,30,2172,184,Beauty,0
398,19,Female,Hyderabad,102464,29,1,19,4186,277,Beauty,1
399,49,Female,Hyderabad,48742,66,6,39,2444,162,Sports,0
400,40,Female,Hyderabad,31831,16,1,35,2642,243,Beauty,1
401,39,Female,Mumbai,133768,39,2,40,913,145,Sports,0
402,42,Female,Hyderabad,135911,77,5,33,3745,146,Electronics,0
403,39,Female,Mumbai,105092,37,2,33,422,81,Sports,1
404,39,Female,Chennai,110879,81,1,14,1063,322,Fashion,0
405,59,Female,Mumbai,108370,21,6,38,4825,321,Home,1
406,23,Male,Chennai,146537,44,8,10,1625,43,Home,1
407,32,Female,Chennai,66762,19,8,28,2504,313,Fashion,0
408,60,Female,Mumbai,124824,71,8,14,853,293,Sports,0
409,54,Male,Bangalore,118958,8,6,36,1359,176,Fashion,0
410,50,Female,Delhi,108741,77,3,38,2042,69,Beauty,1
411,25,Male,Hyderabad,38830,66,1,16,643,56,Sports,0
412,61,Male,Delhi,75044,41,2,21,2665,119,Fashion,0
413,61,Female,Hyderabad,93948,75,5,28,4869,204,Beauty,0
414,22,Male,Hyderabad,89202,88,5,33,4636,55,Beauty,0
415,56,Female,Chennai,57045,70,1,6,3057,38,Sports,1
416,21,Male,Hyderabad,106322,61,1,41,1480,243,Electronics,1
417,23,Male,Hyderabad,137257,26,9,15,3239,201,Electronics,1
418,62,Male,Mumbai,91051,71,2,44,3995,236,Beauty,0
419,49,Female,Delhi,127509,83,7,3,3837,15,Electronics,1
420,47,Female,Mumbai,46627,70,4,43,3958,144,Beauty,0
421,64,Male,Hyderabad,35198,29,7,47,299,77,Electronics,0
422,52,Male,Chennai,89521,66,8,35,2286,309,Beauty,0
423,57,Female,Mumbai,131439,19,5,14,2510,263,Beauty,1
424,33,Female,Mumbai,126471,68,1,2,4445,185,Beauty,1
425,30,Male,Bangalore,49475,58,4,29,2937,55,Beauty,1
426,59,Male,Hyderabad,125752,70,3,4,1807,308,Home,1
427,47,Female,Chennai,138998,57,5,26,3153,4,Electronics,1
428,36,Female,Mumbai,39403,37,6,12,4181,299,Beauty,0
429,34,Female,Mumbai,23681,61,2,2,3394,40,Fashion,1
430,36,Female,Chennai,111555,92,7,17,4539,230,Sports,0
431,45,Female,Hyderabad,138884,30,3,35,4882,286,Fashion,0
432,43,Male,Bangalore,113122,71,1,10,3292,138,Fashion,0
433,54,Female,Mumbai,135260,73,3,48,3162,103,Home,0
434,43,Male,Bangalore,62292,25,9,22,2862,7,Electronics,0
435,40,Female,Delhi,123057,97,6,41,1055,164,Home,0
436,26,Male,Hyderabad,125386,65,6,43,2346,276,Electronics,0
437,29,Female,Delhi,122306,6,4,21,1586,49,Beauty,1
438,18,Female,Delhi,25629,18,8,15,1916,96,Home,1
439,18,Male,Delhi,113246,10,5,35,4351,59,Sports,0
440,64,Male,Hyderabad,115864,92,7,48,1925,231,Electronics,0
441,51,Female,Hyderabad,97814,11,9,21,2153,177,Home,0
442,49,Female,Chennai,28417,97,5,21,384,90,Sports,0
443,42,Female,Bangalore,138888,65,5,21,721,282,Fashion,0
444,57,Female,Bangalore,54765,77,4,44,2511,36,Beauty,1
445,62,Female,Chennai,94499,84,6,32,1448,171,Beauty,0
446,18,Male,Chennai,134088,65,2,5,1858,126,Fashion,0
447,33,Male,Delhi,76574,52,3,39,1202,299,Home,0
448,56,Female,Chennai,122828,67,1,9,3427,355,Fashion,0
449,22,Male,Mumbai,110545,82,2,18,3338,204,Sports,0
450,39,Male,Bangalore,148206,78,2,21,2128,289,Electronics,0
451,46,Male,Chennai,47675,31,8,8,593,356,Home,1
452,20,Female,Mumbai,145609,91,8,44,1817,97,Electronics,0
453,29,Male,Mumbai,121711,17,2,34,3841,238,Fashion,0
454,43,Female,Mumbai,92267,55,6,10,860,173,Beauty,0
455,33,Male,Mumbai,60563,93,5,41,4364,301,Electronics,0
456,54,Female,Delhi,31332,36,3,24,519,88,Electronics,0
457,39,Male,Mumbai,143745,26,5,40,2424,351,Beauty,0
458,46,Female,Delhi,39177,53,5,24,783,17,Electronics,0
459,31,Female,Delhi,109254,17,5,32,3800,140,Electronics,0
460,45,Male,Mumbai,88447,86,3,33,781,254,Beauty,0
461,22,Female,Bangalore,77104,25,3,38,3896,278,Beauty,0
462,64,Female,Mumbai,104335,2,4,44,1967,151,Fashion,0
463,47,Female,Mumbai,134938,86,7,49,1756,346,Fashion,0
464,63,Female,Mumbai,100730,5,2,34,1998,334,Electronics,0
465,22,Female,Bangalore,24951,4,4,11,4406,140,Home,0
466,29,Female,Hyderabad,126402,36,4,31,1198,114,Fashion,0
467,33,Female,Hyderabad,48333,6,1,18,957,68,Fashion,0
468,43,Female,Delhi,41673,21,8,23,482,179,Home,0
469,43,Male,Delhi,134421,77,1,22,330,125,Home,0
470,38,Male,Bangalore,60870,89,8,43,1493,313,Beauty,0
471,56,Female,Chennai,141945,26,7,18,260,311,Fashion,1
472,53,Female,Hyderabad,147536,55,9,40,2411,338,Sports,0
473,50,Male,Delhi,91101,39,8,47,1748,363,Sports,1
474,47,Male,Hyderabad,42821,84,5,41,4567,358,Electronics,1
475,54,Male,Bangalore,45494,33,8,47,1981,233,Fashion,1
476,40,Female,Bangalore,119477,14,3,39,237,147,Sports,1
477,27,Male,Chennai,146083,56,7,20,3831,111,Fashion,0
478,22,Female,Chennai,94160,100,4,13,2864,363,Fashion,0
479,53,Female,Bangalore,132698,81,5,45,673,358,Sports,0
480,51,Male,Delhi,131560,21,9,1,258,238,Fashion,0
481,48,Female,Hyderabad,20835,46,7,4,2836,3,Home,1
482,27,Female,Mumbai,145126,16,4,24,2814,211,Electronics,0
483,36,Female,Chennai,38646,16,6,36,2814,25,Beauty,0
484,49,Female,Mumbai,143777,84,7,36,4678,331,Sports,0
485,18,Male,Delhi,97360,29,9,45,1611,184,Beauty,0
486,22,Male,Chennai,57335,92,4,2,284,61,Electronics,0
487,62,Female,Mumbai,89351,8,3,28,1733,123,Home,0
488,21,Female,Delhi,134934,88,8,26,3997,55,Home,0
489,33,Male,Hyderabad,22429,3,1,23,2874,163,Home,0
490,41,Female,Delhi,61950,89,9,15,3073,187,Home,1
491,33,Male,Chennai,80654,19,1,36,3320,39,Sports,1
492,19,Female,Bangalore,127422,97,2,27,1290,185,Sports,0
493,45,Female,Hyderabad,129934,66,8,6,3034,83,Fashion,1
494,49,Male,Mumbai,139975,79,9,35,4424,195,Fashion,0
495,44,Male,Chennai,88143,86,7,39,2276,34,Electronics,0
496,37,Male,Bangalore,111186,74,3,38,3390,113,Fashion,0
497,41,Male,Delhi,124234,82,7,35,4987,230,Electronics,0
498,29,Female,Bangalore,117889,22,6,36,4428,283,Electronics,0
499,52,Male,Chennai,122326,46,2,10,1408,287,Electronics,0
500,50,Female,Chennai,97527,91,3,30,3777,155,Home,0
501,50,Male,Bangalore,106704,13,5,41,4941,165,Beauty,0
502,60,Male,Delhi,51099,33,4,38,2781,182,Beauty,0
503,54,Female,Bangalore,59385,5,2,29,3987,239,Sports,0
504,29,Male,Chennai,55919,90,4,43,715,137,Electronics,0
505,20,Male,Chennai,116952,77,8,39,2412,339,Home,1
506,18,Male,Mumbai,80782,27,5,4,3174,266,Fashion,0
507,50,Male,Mumbai,91116,78,5,5,1132,187,Fashion,0
508,57,Female,Hyderabad,92590,24,3,4,1863,40,Sports,0
509,27,Female,Chennai,109626,67,8,36,756,310,Sports,0
510,60,Male,Mumbai,60387,63,6,45,1871,167,Electronics,0
511,61,Male,Bangalore,35823,94,2,16,1192,260,Electronics,0
512,46,Male,Delhi,66015,99,2,25,1828,143,Fashion,0
513,30,Female,Bangalore,122877,48,9,14,1891,204,Fashion,1
514,29,Female,Delhi,35339,63,7,11,1304,176,Fashion,0
515,48,Female,Mumbai,149949,78,9,29,1470,262,Fashion,0
516,63,Female,Hyderabad,23491,12,6,34,3102,252,Beauty,1
517,19,Male,Bangalore,20706,28,5,22,4944,329,Electronics,1
518,52,Male,Bangalore,117493,44,1,14,1609,200,Electronics,0
519,40,Male,Bangalore,35728,93,6,24,3846,199,Fashion,0
520,34,Female,Delhi,26997,43,6,39,1530,196,Home,1
521,43,Male,Mumbai,123537,17,3,26,4923,314,Fashion,0
522,25,Female,Bangalore,80408,40,3,43,2254,77,Sports,0
523,46,Female,Bangalore,78097,49,3,36,1153,19,Home,0
524,43,Male,Hyderabad,149526,85,3,39,2042,62,Sports,0
525,27,Male,Hyderabad,58523,57,7,16,3002,327,Home,1
526,43,Male,Mumbai,141648,87,2,38,209,281,Sports,0
527,51,Female,Mumbai,45163,84,2,32,2809,250,Fashion,0
528,58,Female,Chennai,37718,64,3,6,321,227,Fashion,1
529,24,Male,Hyderabad,107508,75,7,34,4982,127,Home,1
530,21,Male,Chennai,103767,57,3,8,2760,58,Sports,0
531,62,Female,Delhi,59619,98,7,30,3237,204,Beauty,0
532,28,Male,Chennai,32126,74,9,27,640,243,Home,0
533,46,Female,Bangalore,109131,74,4,7,2949,332,Home,0
534,53,Female,Chennai,84926,70,7,27,790,326,Electronics,1
535,42,Male,Mumbai,60633,100,9,25,1568,252,Home,0
536,38,Male,Delhi,97654,88,8,46,2189,322,Beauty,0
537,53,Male,Bangalore,23317,76,8,41,1561,199,Fashion,0
538,27,Male,Chennai,64980,43,9,15,3973,343,Sports,0
539,54,Female,Delhi,64115,23,5,25,2264,240,Electronics,0
540,26,Female,Delhi,81646,27,5,22,2615,139,Sports,0
541,41,Female,Bangalore,63158,58,3,18,3151,122,Fashion,1
542,52,Male,Chennai,75963,37,5,12,2968,49,Home,0
543,52,Female,Delhi,67631,6,8,23,3616,304,Beauty,1
544,53,Male,Delhi,69316,65,5,45,1776,115,Electronics,0
545,35,Male,Hyderabad,125364,6,4,39,314,343,Beauty,0
546,56,Male,Delhi,79342,50,8,25,1568,251,Beauty,0
547,49,Male,Hyderabad,35504,22,7,10,338,7,Beauty,0
548,41,Male,Chennai,88593,88,6,30,3573,219,Beauty,0
549,40,Male,Chennai,46660,25,5,10,1515,77,Fashion,0
550,49,Female,Chennai,57196,79,5,34,273,179,Beauty,1
551,54,Male,Mumbai,85938,90,2,46,4046,145,Beauty,1
552,29,Female,Chennai,28605,72,4,13,683,154,Fashion,0
553,30,Female,Delhi,77388,51,8,29,4311,121,Sports,0
554,40,Male,Bangalore,101297,88,8,38,1749,124,Fashion,1
555,42,Male,Hyderabad,75501,48,1,41,1559,150,Home,0
556,52,Male,Mumbai,73309,70,2,45,2096,268,Fashion,1
557,58,Female,Chennai,47043,99,5,9,4424,327,Sports,1
558,47,Male,Chennai,53635,65,9,13,710,1,Home,0
559,34,Female,Bangalore,99315,60,7,37,622,161,Home,0
560,37,Male,Bangalore,100691,46,5,14,2632,244,Electronics,0
561,42,Male,Mumbai,126514,36,1,37,2106,251,Beauty,0
562,39,Female,Hyderabad,53132,58,6,9,4527,64,Home,0
563,30,Female,Chennai,109387,76,8,8,1158,299,Home,1
564,36,Male,Mumbai,35366,38,7,39,1024,248,Sports,0
565,53,Female,Delhi,113944,11,2,40,264,297,Home,0
566,29,Female,Delhi,92107,12,5,3,4910,115,Sports,0
567,58,Female,Mumbai,82580,42,4,47,3548,295,Beauty,0
568,36,Female,Chennai,135267,39,9,40,1000,1,Electronics,0
569,29,Female,Mumbai,142362,71,1,33,477,41,Electronics,0
570,26,Male,Chennai,77889,11,6,32,1917,173,Beauty,0
571,24,Male,Bangalore,99553,36,3,7,2613,88,Beauty,0
572,45,Female,Mumbai,59236,52,9,19,1438,98,Fashion,0
573,31,Male,Chennai,24150,31,5,34,4723,88,Home,0
574,48,Male,Mumbai,131369,33,6,14,1686,251,Home,0
575,36,Female,Mumbai,39423,13,9,47,4881,335,Home,0
576,64,Male,Chennai,24137,18,9,46,3498,141,Sports,1
577,33,Female,Chennai,49992,41,8,19,4670,71,Fashion,1
578,22,Female,Hyderabad,130540,58,9,26,3195,137,Home,0
579,52,Male,Mumbai,114438,56,4,17,292,99,Sports,0
580,29,Female,Delhi,135140,24,6,28,3731,151,Sports,0
581,42,Female,Mumbai,64921,73,5,19,2040,175,Electronics,1
582,38,Female,Mumbai,141225,31,5,27,3727,167,Sports,1
583,53,Female,Chennai,99369,55,4,48,1821,343,Beauty,0
584,40,Female,Mumbai,86917,10,2,19,1761,257,Sports,0
585,33,Male,Mumbai,93690,60,6,33,1616,224,Beauty,0
586,56,Male,Delhi,54235,2,9,7,3164,330,Beauty,0
587,62,Female,Chennai,98975,15,1,29,4390,65,Electronics,0
588,59,Female,Mumbai,39122,3,7,43,1330,69,Electronics,0
589,56,Male,Bangalore,43956,43,6,5,1613,67,Sports,0
590,31,Female,Hyderabad,83879,31,3,30,3797,50,Electronics,0
591,48,Male,Delhi,78560,70,1,49,3944,314,Electronics,0
592,22,Female,Mumbai,141435,67,4,43,2318,309,Home,0
593,52,Female,Bangalore,102800,56,9,8,863,91,Sports,0
594,40,Female,Mumbai,130310,63,2,42,2834,115,Sports,0
595,46,Female,Mumbai,88685,75,3,12,2974,57,Sports,0
596,60,Female,Chennai,44660,15,2,42,4169,342,Electronics,0
597,28,Female,Chennai,148029,92,2,13,3690,18,Electronics,0
598,35,Female,Chennai,126196,10,8,26,1771,272,Beauty,0
599,64,Male,Bangalore,106064,38,3,18,1723,130,Fashion,0
600,29,Male,Mumbai,134440,47,7,42,1187,269,Fashion,0
601,26,Male,Hyderabad,21168,57,8,49,3438,80,Fashion,0
602,27,Female,Delhi,65124,50,3,20,4045,299,Home,0
603,61,Female,Chennai,55897,71,2,16,3893,310,Electronics,0
604,34,Female,Chennai,35032,15,8,37,298,202,Beauty,0
605,55,Female,Mumbai,72797,18,3,3,2488,225,Beauty,0
606,24,Female,Mumbai,55294,82,7,27,1714,159,Fashion,0
607,63,Female,Bangalore,63827,88,1,15,4497,204,Home,0
608,30,Female,Bangalore,23516,2,6,34,833,137,Home,1
609,57,Male,Chennai,39751,84,9,45,4785,73,Fashion,0
610,59,Female,Mumbai,50373,98,3,22,778,48,Fashion,0
611,26,Male,Hyderabad,142026,43,7,40,4159,18,Electronics,0
612,44,Male,Delhi,50270,26,6,23,472,267,Home,1
613,19,Female,Mumbai,30386,71,8,49,4154,340,Beauty,0
614,22,Female,Mumbai,121859,38,3,4,4127,19,Fashion,0
615,46,Male,Bangalore,84817,94,3,41,652,100,Electronics,0
616,54,Male,Delhi,85184,42,4,23,1375,116,Beauty,0
617,55,Female,Chennai,134316,5,3,47,613,346,Home,1
618,36,Female,Mumbai,99693,11,9,9,1750,74,Fashion,0
619,25,Male,Chennai,57879,65,4,24,4726,280,Fashion,1
620,62,Female,Mumbai,125056,34,6,21,2146,269,Electronics,0
621,18,Female,Chennai,69597,1,8,41,391,125,Electronics,0
622,39,Female,Delhi,59132,83,8,46,240,116,Home,0
623,34,Male,Bangalore,23626,2,5,16,2059,174,Fashion,0
624,24,Male,Delhi,105936,85,5,25,1532,181,Electronics,0
625,42,Male,Hyderabad,122179,20,6,26,3649,226,Fashion,0
626,62,Female,Bangalore,123801,61,7,49,335,157,Home,0
627,21,Female,Delhi,101515,87,7,45,4401,164,Fashion,1
628,53,Male,Hyderabad,97065,21,4,9,4814,71,Beauty,0
629,23,Male,Mumbai,75390,88,6,15,2141,222,Fashion,0
630,48,Male,Mumbai,36645,68,7,39,1765,126,Sports,0
631,36,Female,Chennai,111960,12,5,33,4421,145,Sports,0
632,61,Male,Bangalore,74144,22,5,1,588,176,Home,0
633,56,Male,Mumbai,33382,20,2,5,1758,152,Home,0
634,44,Female,Bangalore,24025,82,7,9,2321,182,Home,1
635,27,Female,Mumbai,63226,1,6,44,1228,347,Beauty,0
636,43,Female,Chennai,99380,30,1,6,3734,85,Beauty,0
637,36,Male,Delhi,142971,97,4,28,281,364,Fashion,0
638,56,Female,Chennai,138910,24,3,45,975,121,Electronics,1
639,20,Female,Hyderabad,89711,14,3,26,3238,129,Sports,0
640,62,Male,Mumbai,116055,36,7,28,4573,6,Sports,0
641,30,Female,Hyderabad,146189,69,4,40,3087,334,Sports,1
642,45,Male,Hyderabad,94710,75,8,15,2078,183,Fashion,1
643,37,Male,Bangalore,23443,24,9,6,2471,38,Fashion,0
644,45,Female,Mumbai,41395,60,3,27,1807,116,Home,1
645,25,Female,Hyderabad,30725,95,5,38,3339,102,Electronics,0
646,58,Female,Delhi,53461,55,4,4,805,8,Home,0
647,56,Female,Hyderabad,147000,77,6,11,4935,218,Fashion,0
648,18,Female,Delhi,61115,80,4,21,3614,207,Beauty,1
649,20,Female,Bangalore,130084,24,8,30,3865,78,Home,0
650,30,Male,Hyderabad,116887,77,3,18,2344,55,Fashion,0
651,45,Male,Chennai,103732,24,5,35,4470,304,Fashion,1
652,42,Female,Bangalore,132145,54,1,3,3965,228,Beauty,0
653,50,Male,Delhi,99790,26,6,12,1576,88,Beauty,0
654,55,Female,Bangalore,99557,66,5,27,3662,10,Beauty,0
655,23,Male,Hyderabad,131672,80,8,30,547,308,Electronics,0
656,61,Male,Mumbai,91260,38,9,21,200,290,Fashion,0
657,62,Male,Mumbai,48690,65,8,38,262,164,Beauty,1
658,49,Female,Delhi,21407,75,8,21,1983,239,Electronics,0
659,62,Male,Delhi,93568,51,3,38,4014,317,Sports,0
660,64,Female,Mumbai,78560,35,4,40,425,144,Sports,0
661,38,Male,Delhi,67340,43,4,15,1242,335,Sports,0
662,33,Male,Bangalore,37794,29,5,18,1044,18,Fashion,0
663,38,Male,Chennai,39881,37,9,29,2880,71,Electronics,0
664,28,Male,Chennai,106292,81,9,48,4319,175,Electronics,0
665,54,Male,Bangalore,125698,58,1,38,1434,342,Sports,1
666,53,Female,Chennai,114952,54,8,21,2184,288,Home,0
667,52,Female,Hyderabad,69703,39,1,17,4456,299,Sports,0
668,36,Male,Bangalore,64354,42,2,41,1478,339,Fashion,1
669,37,Male,Delhi,111288,28,7,18,1794,248,Sports,1
670,35,Male,Bangalore,98462,29,8,37,2751,193,Sports,0
671,64,Male,Mumbai,139020,43,1,38,2152,325,Electronics,1
672,58,Female,Delhi,119301,3,3,12,1895,306,Sports,0
673,31,Male,Mumbai,138764,10,7,11,1154,268,Beauty,0
674,32,Female,Delhi,34390,59,9,48,3491,204,Beauty,0
675,48,Male,Chennai,124403,14,8,49,556,341,Home,0
676,18,Female,Bangalore,107475,76,8,20,3795,123,Fashion,1
677,20,Male,Hyderabad,47307,47,9,9,1168,58,Fashion,0
678,33,Male,Delhi,116364,42,3,1,441,339,Electronics,0
679,40,Female,Delhi,114049,94,8,3,3646,201,Fashion,0
680,28,Male,Mumbai,138740,32,1,21,4434,112,Home,0
681,29,Male,Chennai,139991,32,8,23,2344,128,Beauty,0
682,27,Male,Mumbai,44502,42,7,9,346,36,Electronics,0
683,49,Female,Mumbai,115599,32,8,19,742,234,Beauty,0
684,33,Male,Chennai,42486,26,1,45,891,310,Home,1
685,25,Male,Hyderabad,131813,1,6,46,1225,47,Electronics,0
686,55,Female,Mumbai,58258,56,7,19,4250,115,Sports,0
687,29,Female,Mumbai,77716,2,5,23,4205,255,Fashion,0
688,41,Female,Delhi,117228,81,5,27,3559,223,Home,0
689,45,Male,Chennai,123920,30,7,27,3151,124,Electronics,1
690,25,Male,Bangalore,101494,71,3,39,929,160,Beauty,1
691,45,Male,Hyderabad,120552,52,6,36,4699,96,Electronics,0
692,53,Female,Hyderabad,102768,91,7,12,2755,107,Sports,0
693,43,Male,Chennai,30748,9,1,27,1350,120,Home,0
694,25,Male,Delhi,82785,22,2,46,1935,101,Electronics,0
695,45,Female,Delhi,96050,34,4,34,1238,103,Home,0
696,45,Female,Chennai,42738,49,8,33,3112,166,Home,1
697,54,Female,Delhi,94231,1,6,28,2740,186,Beauty,1
698,58,Female,Hyderabad,93606,73,1,31,4614,32,Fashion,0
699,53,Female,Hyderabad,113301,84,5,32,1442,66,Sports,1
700,44,Male,Bangalore,61662,53,7,20,972,179,Electronics,1
701,34,Female,Chennai,138313,83,6,40,2116,267,Fashion,1
702,26,Male,Mumbai,116297,100,9,35,3612,37,Beauty,1
703,50,Male,Mumbai,102234,40,8,31,2699,201,Fashion,0
704,37,Female,Bangalore,35123,45,4,31,3640,358,Home,0
705,30,Female,Bangalore,120680,68,5,38,3745,49,Home,1
706,45,Female,Delhi,45616,9,7,22,1413,275,Sports,1
707,46,Male,Bangalore,122682,22,8,45,3131,168,Electronics,1
708,30,Female,Bangalore,31182,18,5,41,618,263,Electronics,0
709,63,Female,Mumbai,110369,76,9,9,3981,133,Beauty,0
710,52,Female,Delhi,118878,43,4,9,988,298,Sports,0
711,23,Female,Bangalore,82013,39,4,15,2071,344,Electronics,0
712,35,Female,Bangalore,51331,73,8,13,4790,176,Home,0
713,22,Male,Delhi,66098,6,1,22,2225,11,Sports,0
714,64,Male,Chennai,46128,83,8,16,2646,201,Fashion,0
715,42,Male,Delhi,51556,48,5,32,760,297,Sports,0
716,19,Female,Mumbai,147398,7,1,2,2851,3,Sports,0
717,27,Female,Chennai,107505,80,4,26,4104,214,Electronics,0
718,47,Female,Hyderabad,41876,69,2,14,739,296,Beauty,0
719,62,Male,Delhi,28949,16,4,38,4955,307,Beauty,0
720,22,Female,Mumbai,71962,1,8,34,3336,32,Electronics,1
721,50,Female,Chennai,110054,37,5,8,3489,48,Electronics,0
722,18,Female,Delhi,143984,83,1,36,2810,327,Electronics,0
723,35,Male,Bangalore,91206,37,7,21,2144,252,Beauty,1
724,49,Female,Delhi,44099,81,1,46,3345,199,Electronics,0
725,64,Male,Hyderabad,124871,64,9,43,2958,89,Fashion,0
726,28,Female,Delhi,32716,90,3,28,3460,109,Fashion,0
727,38,Male,Chennai,72611,86,3,46,4307,291,Home,1
728,43,Male,Chennai,58885,62,6,44,2095,108,Fashion,0
729,42,Male,Delhi,73144,72,6,48,2700,40,Sports,1
730,39,Female,Chennai,85220,61,6,6,3029,52,Home,1
731,44,Female,Bangalore,27837,33,1,20,4073,112,Fashion,0
732,30,Male,Delhi,69355,66,5,31,247,295,Sports,0
733,50,Male,Bangalore,67299,30,6,33,2564,68,Fashion,0
734,51,Female,Bangalore,39159,20,8,44,2456,189,Sports,0
735,58,Female,Mumbai,145212,60,1,7,4872,332,Electronics,0
736,52,Male,Delhi,136680,82,5,8,953,209,Sports,1
737,18,Female,Chennai,136931,74,3,9,3002,65,Electronics,0
738,38,Female,Bangalore,126802,24,2,2,4849,62,Sports,0
739,23,Female,Mumbai,136375,4,8,17,3852,258,Sports,1
740,45,Female,Delhi,122413,37,7,45,602,134,Fashion,0
741,34,Male,Delhi,71012,4,7,37,2286,122,Sports,0
742,22,Female,Hyderabad,79305,77,5,42,2427,331,Fashion,0
743,48,Female,Hyderabad,107096,89,9,44,3610,171,Sports,0
744,22,Male,Bangalore,37106,77,5,17,3190,210,Beauty,0
745,55,Male,Hyderabad,78123,18,2,38,4843,296,Home,1
746,20,Female,Bangalore,131825,88,3,35,1349,89,Fashion,0
747,40,Female,Chennai,28720,66,4,47,262,167,Fashion,0
748,54,Female,Bangalore,57661,48,5,39,3353,28,Electronics,0
749,54,Female,Hyderabad,135031,33,3,30,1208,238,Beauty,0
750,27,Male,Chennai,113898,58,7,6,2231,336,Electronics,0
751,27,Male,Hyderabad,113794,83,5,4,1522,63,Beauty,0
752,36,Male,Bangalore,107318,73,5,37,2281,255,Beauty,1
753,34,Female,Mumbai,126704,28,6,35,951,41,Sports,0
754,38,Female,Delhi,41120,35,7,9,4344,29,Electronics,1
755,31,Female,Hyderabad,39790,10,8,6,857,279,Home,0
756,26,Female,Bangalore,78655,65,9,13,1860,80,Beauty,1
757,63,Male,Chennai,79643,42,4,22,900,51,Beauty,0
758,18,Male,Hyderabad,113448,85,5,28,1280,112,Fashion,0
759,62,Female,Hyderabad,67374,9,5,30,2356,361,Sports,0
760,30,Male,Delhi,62907,60,8,36,1740,301,Home,1
761,21,Female,Bangalore,70071,15,9,2,3232,90,Beauty,1
762,18,Female,Mumbai,140507,99,7,36,2183,229,Fashion,0
763,57,Male,Chennai,54812,57,5,8,514,150,Electronics,0
764,49,Female,Bangalore,69570,69,3,45,3281,243,Beauty,0
765,51,Female,Chennai,70901,22,1,42,4933,138,Fashion,1
766,45,Male,Hyderabad,80186,64,9,9,2514,135,Electronics,1
767,48,Female,Delhi,142066,41,5,1,2335,89,Sports,1
768,25,Female,Delhi,148364,87,9,13,1849,15,Electronics,1
769,56,Male,Mumbai,70251,71,4,15,3419,333,Beauty,1
770,43,Female,Delhi,85171,56,5,32,4000,362,Home,0
771,51,Male,Hyderabad,56160,23,4,34,2678,174,Electronics,1
772,20,Female,Mumbai,39156,25,2,43,4267,90,Home,0
773,29,Male,Bangalore,96208,91,1,31,1975,213,Home,1
774,18,Male,Delhi,99980,6,8,14,2166,343,Electronics,0
775,61,Male,Mumbai,92320,34,4,47,1967,61,Sports,0
776,22,Female,Hyderabad,37929,63,5,14,4015,364,Electronics,0
777,47,Male,Chennai,86606,9,6,48,441,220,Fashion,0
778,47,Male,Chennai,108442,60,8,29,4997,61,Home,0
779,34,Male,Hyderabad,120154,49,8,47,3149,307,Beauty,0
780,64,Male,Hyderabad,82559,97,7,19,2456,166,Home,0
781,40,Male,Chennai,74205,51,4,27,4311,12,Beauty,0
782,32,Female,Mumbai,130694,60,6,9,3568,216,Fashion,0
783,54,Female,Chennai,88475,70,4,37,566,77,Fashion,0
784,38,Female,Hyderabad,84341,37,7,37,3027,232,Fashion,1
785,31,Female,Delhi,115377,31,1,43,1452,112,Electronics,1
786,19,Female,Bangalore,62863,98,5,28,2687,66,Home,0
787,28,Female,Delhi,101837,41,4,24,4985,182,Beauty,1
788,56,Female,Delhi,85439,62,7,28,3803,204,Fashion,0
789,55,Male,Hyderabad,27194,93,9,36,3721,206,Fashion,0
790,51,Female,Chennai,91387,58,5,18,4717,286,Beauty,0
791,55,Male,Mumbai,141361,14,4,25,1843,105,Home,0
792,51,Male,Delhi,101914,36,9,35,1412,242,Home,0
793,35,Female,Chennai,86214,36,5,4,4903,235,Beauty,1
794,47,Male,Mumbai,116176,79,9,14,219,176,Sports,0
795,32,Male,Delhi,119292,8,8,39,875,211,Home,0
796,44,Male,Mumbai,49777,26,4,26,4677,31,Beauty,1
797,51,Male,Chennai,145355,36,7,8,808,235,Beauty,0
798,55,Female,Bangalore,46183,48,5,24,261,242,Fashion,0
799,50,Female,Chennai,47445,85,4,16,1465,153,Beauty,0
800,41,Female,Hyderabad,87038,28,5,20,2485,196,Electronics,0
801,32,Female,Mumbai,136477,68,5,15,1354,269,Fashion,0
802,47,Female,Bangalore,107201,62,9,7,1828,170,Fashion,0
803,59,Female,Mumbai,36198,80,9,17,1826,357,Home,0
804,34,Female,Mumbai,41411,86,6,22,3916,323,Sports,0
805,22,Female,Delhi,70577,76,4,22,1642,336,Home,0
806,46,Female,Hyderabad,35867,80,2,12,1853,232,Electronics,0
807,21,Female,Mumbai,82501,51,3,18,2702,184,Fashion,0
808,27,Male,Chennai,34266,42,2,46,3469,359,Fashion,1
809,34,Female,Chennai,59422,29,5,47,481,275,Beauty,0
810,27,Male,Delhi,55208,82,6,15,1224,32,Sports,0
811,34,Male,Hyderabad,128538,10,5,37,3603,177,Sports,0
812,37,Male,Hyderabad,141544,39,2,16,1435,65,Beauty,0
813,41,Male,Chennai,51213,82,5,5,4382,198,Electronics,0
814,22,Female,Bangalore,27367,1,9,2,4960,27,Sports,0
815,51,Male,Delhi,144158,39,4,28,985,151,Fashion,1
816,23,Female,Delhi,99026,21,2,41,3517,303,Electronics,0
817,19,Female,Chennai,55362,65,3,27,1867,268,Home,0
818,30,Male,Chennai,139377,15,3,31,3208,85,Home,0
819,60,Female,Bangalore,71588,4,9,41,3394,66,Electronics,1
820,60,Male,Bangalore,58285,60,4,36,4989,133,Fashion,0
821,28,Male,Hyderabad,146683,61,1,47,3975,82,Home,0
822,64,Female,Delhi,145085,20,1,43,2646,319,Fashion,0
823,40,Female,Delhi,94755,10,7,1,3990,328,Beauty,0
824,33,Male,Chennai,91846,87,7,29,733,98,Sports,0
825,48,Female,Hyderabad,56307,34,2,1,601,73,Electronics,1
826,28,Female,Delhi,115167,48,9,8,3863,327,Sports,0
827,33,Female,Hyderabad,100280,33,9,16,329,30,Beauty,0
828,25,Male,Hyderabad,39867,98,5,28,2539,125,Home,1
829,21,Male,Chennai,76523,61,3,22,4571,210,Fashion,0
830,57,Female,Hyderabad,104161,10,3,18,3159,272,Fashion,0
831,21,Female,Bangalore,26378,54,3,22,2058,213,Beauty,0
832,42,Female,Bangalore,104685,84,6,41,3173,133,Electronics,0
833,20,Female,Mumbai,127669,65,4,12,4350,157,Sports,0
834,49,Female,Chennai,96958,77,8,19,3849,47,Home,0
835,20,Male,Mumbai,47926,1,5,25,2986,357,Electronics,1
836,44,Female,Bangalore,123215,5,1,5,3297,363,Beauty,1
837,46,Male,Mumbai,118707,80,9,34,3712,22,Beauty,0
838,49,Female,Chennai,33180,15,1,39,1420,83,Fashion,0
839,36,Male,Chennai,112837,28,6,10,841,234,Home,0
840,38,Female,Hyderabad,138070,95,1,47,3514,60,Electronics,0
841,22,Male,Delhi,56931,23,3,7,923,188,Fashion,0
842,35,Female,Hyderabad,44014,17,5,37,937,58,Home,1
843,45,Male,Chennai,134775,98,7,47,1499,259,Sports,0
844,59,Male,Bangalore,116472,13,8,15,3680,162,Sports,1
845,39,Male,Bangalore,99872,14,9,42,539,301,Fashion,0
846,38,Male,Hyderabad,78502,11,6,24,352,306,Electronics,0
847,23,Male,Chennai,107736,28,9,26,1621,2,Home,0
848,18,Male,Bangalore,25470,42,8,26,3251,271,Sports,0
849,22,Female,Chennai,116395,96,9,46,626,143,Sports,1
850,58,Male,Bangalore,34953,99,4,26,3758,188,Electronics,1
851,29,Female,Chennai,124580,61,9,10,1335,352,Fashion,0
852,43,Female,Mumbai,58507,64,7,17,2572,341,Beauty,0
853,63,Female,Chennai,138961,31,5,14,3529,224,Home,0
854,51,Female,Chennai,112969,81,5,2,1149,180,Sports,0
855,31,Female,Hyderabad,111493,73,1,48,1573,23,Beauty,0
856,43,Male,Mumbai,26523,10,2,13,1156,355,Electronics,0
857,62,Male,Delhi,106923,8,3,27,1901,37,Fashion,0
858,44,Male,Hyderabad,77190,21,8,9,3141,107,Home,0
859,26,Female,Delhi,67761,77,6,7,2682,297,Electronics,1
860,43,Male,Bangalore,51169,59,5,48,1503,229,Fashion,0
861,64,Male,Delhi,65641,50,1,10,570,313,Electronics,0
862,39,Male,Chennai,42990,69,9,9,3180,97,Sports,0
863,64,Male,Delhi,49661,70,3,22,2496,281,Sports,0
864,47,Male,Hyderabad,33419,30,3,23,4998,110,Beauty,0
865,60,Female,Hyderabad,34457,95,2,7,2325,37,Electronics,0
866,34,Male,Delhi,87600,17,4,48,3166,40,Sports,1
867,43,Female,Hyderabad,123619,75,2,9,4345,85,Fashion,1
868,53,Female,Hyderabad,96102,20,9,27,2942,302,Beauty,1
869,18,Female,Delhi,53085,48,7,24,4221,188,Home,0
870,25,Female,Mumbai,117064,73,8,29,2564,240,Electronics,0
871,52,Female,Mumbai,70654,2,3,17,962,358,Sports,0
872,32,Male,Bangalore,26130,37,6,20,4262,354,Fashion,0
873,64,Male,Hyderabad,125723,1,6,7,1204,19,Electronics,0
874,39,Male,Delhi,22042,4,1,43,3955,347,Fashion,0
875,31,Female,Hyderabad,90134,100,6,40,3046,325,Beauty,0
876,43,Male,Chennai,62982,54,3,7,549,261,Sports,0
877,45,Male,Hyderabad,118422,25,3,28,3164,158,Sports,1
878,40,Female,Hyderabad,85185,3,3,19,886,304,Beauty,0
879,31,Female,Mumbai,53477,9,8,20,4837,112,Fashion,1
880,41,Female,Delhi,134161,86,5,44,3326,144,Electronics,0
881,19,Female,Hyderabad,72709,87,4,39,4656,256,Fashion,0
882,62,Male,Mumbai,48716,76,9,40,2955,18,Electronics,0
883,43,Female,Bangalore,98137,74,9,7,3724,184,Beauty,0
884,31,Female,Mumbai,56018,34,1,6,3824,287,Home,0
885,24,Male,Mumbai,28061,43,2,25,2932,131,Electronics,0
886,20,Male,Mumbai,28609,74,8,41,1893,281,Sports,0
887,64,Female,Hyderabad,55371,94,5,13,3092,245,Sports,0
888,40,Male,Hyderabad,130350,22,7,39,4011,8,Sports,0
889,63,Female,Bangalore,103021,70,1,40,4380,193,Fashion,0
890,60,Female,Chennai,40805,2,5,22,884,318,Fashion,0
891,64,Male,Chennai,27857,94,3,49,4540,7,Fashion,1
892,62,Male,Chennai,31620,66,2,17,3119,136,Sports,0
893,35,Female,Bangalore,28177,32,2,48,3956,19,Electronics,0
894,55,Female,Chennai,50111,16,9,22,3483,139,Sports,1
895,52,Female,Chennai,140770,76,4,34,4891,177,Electronics,1
896,32,Male,Mumbai,108578,1,4,8,4226,11,Fashion,0
897,42,Female,Hyderabad,104181,72,7,49,1356,41,Home,0
898,54,Female,Hyderabad,109941,48,2,45,3261,114,Fashion,0
899,45,Female,Mumbai,147049,50,3,18,4645,180,Beauty,0
900,27,Female,Mumbai,31826,13,3,24,2529,194,Electronics,0
901,56,Female,Mumbai,33890,15,6,42,1492,196,Home,0
902,34,Male,Hyderabad,102428,53,3,2,2084,348,Fashion,1
903,56,Female,Chennai,137067,44,5,2,1760,225,Home,0
904,39,Female,Mumbai,146044,8,4,27,1183,331,Sports,1
905,43,Female,Bangalore,78031,74,3,14,2267,323,Electronics,1
906,61,Female,Mumbai,139440,46,8,48,2063,261,Beauty,0
907,42,Male,Delhi,132134,69,3,39,2179,116,Sports,0
908,34,Male,Mumbai,95020,19,6,12,1936,150,Home,0
909,30,Male,Hyderabad,25495,38,7,32,2652,118,Fashion,1
910,37,Female,Mumbai,48481,11,7,28,2118,165,Electronics,0
911,42,Female,Delhi,31267,43,2,28,900,252,Beauty,0
912,21,Male,Bangalore,137897,20,3,46,4246,267,Fashion,0
913,27,Male,Chennai,125702,20,4,25,2273,44,Beauty,1
914,20,Male,Mumbai,26743,21,7,4,4861,181,Electronics,1
915,58,Female,Delhi,74800,82,2,26,3953,77,Home,0
916,62,Female,Delhi,123475,57,3,36,594,116,Beauty,0
917,35,Male,Bangalore,68773,50,7,3,2156,67,Electronics,0
918,64,Male,Hyderabad,77042,74,7,1,3248,13,Beauty,0
919,53,Male,Mumbai,69476,98,3,17,3652,92,Fashion,1
920,64,Female,Delhi,147967,26,1,7,722,246,Beauty,0
921,39,Female,Bangalore,112105,30,3,48,1762,267,Fashion,1
922,51,Female,Chennai,48552,73,5,5,3109,139,Fashion,0
923,64,Male,Delhi,85242,31,7,19,3049,341,Electronics,0
924,25,Male,Bangalore,65772,42,4,39,749,244,Sports,0
925,57,Female,Hyderabad,63730,68,1,46,1668,341,Beauty,0
926,61,Male,Hyderabad,48948,61,6,34,1032,273,Home,0
927,36,Female,Delhi,96311,61,2,35,4682,304,Fashion,0
928,59,Male,Delhi,89093,70,3,49,1621,191,Sports,0
929,58,Male,Mumbai,89123,78,4,16,485,97,Fashion,0
930,54,Male,Bangalore,36535,68,6,40,2945,331,Sports,0
931,23,Male,Delhi,86490,90,6,47,3965,205,Sports,0
932,43,Female,Mumbai,66562,17,7,39,4664,137,Home,0
933,51,Male,Mumbai,139042,19,5,27,1645,77,Sports,0
934,62,Female,Delhi,145251,51,7,41,1666,37,Home,0
935,23,Female,Hyderabad,109080,70,2,38,1976,286,Electronics,0
936,54,Female,Bangalore,147844,63,1,25,3855,303,Fashion,0
937,50,Male,Bangalore,78535,93,8,26,1114,135,Home,1
938,39,Female,Hyderabad,118991,75,1,14,487,142,Fashion,1
939,38,Female,Delhi,61269,80,2,14,4390,254,Beauty,0
940,23,Female,Bangalore,100674,30,6,14,2288,48,Electronics,0
941,23,Male,Delhi,62462,25,1,25,4626,255,Beauty,0
942,21,Male,Delhi,23127,75,3,36,2004,134,Beauty,0
943,47,Female,Mumbai,43147,71,7,4,1378,290,Sports,0
944,28,Male,Hyderabad,65528,26,8,47,2751,208,Sports,0
945,47,Female,Delhi,97095,56,4,15,4570,101,Beauty,0
946,48,Female,Chennai,133100,22,3,32,1788,46,Sports,0
947,41,Male,Hyderabad,88931,89,1,18,2156,70,Fashion,1
948,26,Female,Bangalore,110925,19,9,14,1975,136,Sports,0
949,20,Male,Mumbai,86381,31,6,1,1187,280,Beauty,1
950,48,Male,Bangalore,119468,26,6,42,1403,67,Sports,0
951,57,Female,Bangalore,131258,42,9,20,3530,4,Sports,0
952,54,Male,Hyderabad,83749,41,1,10,1319,224,Home,0
953,53,Male,Bangalore,58672,100,6,10,396,1,Home,0
954,41,Female,Delhi,33731,23,5,24,4175,290,Beauty,0
955,48,Female,Bangalore,144647,47,6,34,725,109,Fashion,0
956,23,Male,Mumbai,74512,13,8,28,4927,265,Electronics,0
957,19,Male,Mumbai,118658,89,5,27,1610,63,Electronics,0
958,37,Female,Chennai,71024,66,2,40,4703,266,Beauty,0
959,45,Male,Mumbai,136712,66,2,1,1492,138,Fashion,0
960,28,Male,Bangalore,121121,16,5,33,1394,44,Fashion,1
961,21,Male,Mumbai,23832,73,3,4,2148,262,Fashion,0
962,32,Male,Hyderabad,52332,28,3,7,3855,216,Home,1
963,23,Male,Mumbai,32467,77,8,9,4986,121,Beauty,0
964,47,Male,Delhi,61025,35,7,16,2417,152,Electronics,1
965,55,Male,Hyderabad,33107,41,1,5,4454,213,Fashion,0
966,19,Female,Chennai,148347,77,5,34,3780,234,Beauty,0
967,32,Female,Delhi,97994,31,9,23,1217,351,Electronics,0
968,28,Female,Bangalore,114202,85,4,43,3353,111,Home,1
969,25,Female,Bangalore,63481,32,1,25,3790,361,Sports,0
970,43,Female,Bangalore,22581,54,8,13,4407,320,Electronics,0
971,62,Male,Delhi,95118,98,5,24,4269,222,Electronics,1
972,61,Male,Delhi,144010,72,2,11,247,226,Electronics,0
973,22,Male,Delhi,71638,59,1,17,3863,210,Sports,0
974,23,Male,Hyderabad,143714,41,3,37,4671,71,Fashion,0
975,43,Female,Hyderabad,28418,66,9,13,1027,360,Sports,0
976,21,Male,Bangalore,113627,96,1,27,4922,89,Electronics,0
977,36,Male,Mumbai,49113,54,4,20,2289,262,Home,0
978,37,Female,Bangalore,104363,40,8,33,2256,188,Electronics,1
979,50,Male,Chennai,143607,28,8,42,1018,112,Home,0
980,37,Male,Hyderabad,83044,37,8,32,4952,239,Beauty,0
981,29,Female,Delhi,99955,65,8,8,4184,256,Home,0
982,64,Male,Hyderabad,81030,74,4,29,3880,150,Electronics,1
983,18,Male,Delhi,31814,55,8,40,2011,127,Sports,0
984,43,Male,Chennai,119340,4,9,19,3314,319,Electronics,1
985,31,Male,Chennai,30024,99,7,6,1829,274,Electronics,0
986,55,Male,Hyderabad,83288,10,2,44,1743,333,Beauty,0
987,54,Female,Delhi,129236,47,9,39,3779,139,Fashion,0
988,28,Female,Chennai,77836,75,8,48,2104,103,Electronics,0
989,53,Female,Bangalore,27435,14,5,41,1636,242,Beauty,0
990,30,Female,Bangalore,87084,38,3,21,3517,117,Sports,0
991,60,Female,Delhi,144023,12,7,22,3720,214,Beauty,0
992,20,Female,Hyderabad,90601,45,2,42,3259,17,Beauty,1
993,50,Male,Chennai,108416,17,3,10,4316,179,Home,1
994,23,Female,Hyderabad,140871,80,9,10,1198,224,Fashion,1
995,27,Female,Bangalore,138645,35,4,29,1631,270,Fashion,1
996,22,Male,Chennai,23407,66,4,16,4752,313,Sports,0
997,40,Male,Hyderabad,118943,75,3,1,3261,349,Beauty,0
998,27,Female,Mumbai,52940,41,5,17,464,134,Sports,1
999,61,Male,Delhi,25666,67,3,30,3931,114,Sports,0
1000,19,Female,Delhi,57122,29,9,26,2474,132,Fashion,0
1001,30,Male,Mumbai,138647,18,3,46,4075,139,Fashion,0
1002,57,Female,Bangalore,45092,20,2,19,3517,232,Fashion,0
1003,19,Male,Chennai,149753,14,5,21,2246,92,Electronics,0
1004,37,Male,Delhi,143402,34,6,17,3344,267,Beauty,0
1005,18,Female,Mumbai,95645,49,1,46,3421,99,Sports,0
1006,54,Female,Mumbai,121190,54,6,40,3340,207,Beauty,1
1007,26,Female,Bangalore,120468,31,3,21,1453,8,Sports,1
1008,34,Female,Bangalore,149207,58,4,41,922,321,Sports,1
1009,26,Female,Hyderabad,46505,42,6,40,283,93,Sports,0
1010,28,Male,Delhi,56713,58,8,45,3570,158,Sports,1
1011,32,Female,Hyderabad,74387,82,9,49,4019,360,Home,1
1012,41,Female,Mumbai,63169,30,6,19,3564,99,Home,0
1013,55,Male,Chennai,93282,25,7,7,1957,225,Electronics,1
1014,52,Male,Chennai,97511,63,5,17,4518,340,Fashion,0
1015,47,Female,Bangalore,71742,19,9,1,2980,208,Sports,1
1016,48,Male,Chennai,60522,72,4,37,3487,73,Beauty,0
1017,22,Male,Chennai,101132,92,6,6,2652,59,Home,0
1018,61,Female,Chennai,139622,8,5,26,528,287,Fashion,0
1019,31,Male,Mumbai,138764,95,1,2,625,64,Electronics,0
1020,28,Male,Chennai,123489,3,5,32,969,256,Fashion,0
1021,26,Female,Chennai,119397,67,5,48,4175,48,Sports,1
1022,51,Female,Chennai,23880,86,9,5,807,279,Fashion,1
1023,29,Male,Hyderabad,63454,81,1,37,2052,198,Sports,1
1024,52,Male,Mumbai,75711,100,5,31,2872,158,Home,0
1025,52,Female,Bangalore,63539,17,7,12,2324,311,Home,1
1026,18,Male,Hyderabad,128984,14,6,35,1500,7,Sports,0
1027,57,Male,Delhi,88321,9,6,30,665,248,Beauty,1
1028,39,Male,Mumbai,107985,62,7,48,2164,232,Home,0
1029,46,Female,Mumbai,34799,94,6,6,2145,106,Beauty,0
1030,25,Male,Delhi,134584,21,5,15,2739,98,Sports,1
1031,28,Male,Delhi,124843,76,5,15,2560,268,Sports,1
1032,58,Female,Delhi,80102,37,9,16,2239,60,Home,0
1033,54,Male,Bangalore,70726,96,8,20,1384,308,Beauty,1
1034,31,Male,Chennai,68784,11,4,13,4134,140,Sports,0
1035,47,Female,Mumbai,140364,20,4,44,3417,328,Home,0
1036,52,Female,Chennai,133034,35,5,42,2982,190,Sports,0
1037,38,Female,Chennai,63333,53,3,46,977,125,Fashion,0
1038,54,Female,Delhi,60828,47,8,31,3579,163,Fashion,0
1039,22,Male,Bangalore,89526,75,7,34,2618,60,Home,0
1040,36,Male,Hyderabad,74362,52,5,29,4277,31,Sports,0
1041,31,Female,Bangalore,73997,8,3,3,4462,333,Home,0
1042,43,Female,Chennai,143973,4,5,9,2639,76,Electronics,0
1043,21,Male,Bangalore,70341,27,3,11,2189,243,Home,0
1044,42,Female,Delhi,39073,44,5,11,1266,317,Home,0
1045,62,Male,Hyderabad,122399,40,1,25,1144,258,Fashion,0
1046,59,Female,Delhi,34549,47,6,22,228,190,Fashion,0
1047,42,Male,Hyderabad,103795,94,4,42,2097,315,Sports,0
1048,35,Female,Chennai,76920,44,4,46,1897,296,Home,0
1049,57,Female,Hyderabad,105326,48,8,9,3014,177,Home,0
1050,25,Male,Hyderabad,95515,91,2,20,3565,288,Sports,1
1051,56,Female,Hyderabad,149392,85,4,21,2688,294,Beauty,0
1052,57,Male,Bangalore,40316,52,2,10,1865,348,Sports,0
1053,31,Male,Bangalore,46183,84,1,22,4819,207,Fashion,0
1054,49,Male,Chennai,113860,68,3,29,1770,215,Fashion,0
1055,55,Male,Hyderabad,44624,11,8,9,1933,344,Home,1
1056,50,Male,Mumbai,82515,77,6,5,959,141,Fashion,0
1057,40,Female,Chennai,123712,73,7,40,2357,85,Sports,0
1058,32,Female,Hyderabad,105781,4,2,11,1551,182,Home,0
1059,50,Male,Hyderabad,66705,76,6,1,3676,332,Sports,0
1060,42,Female,Bangalore,109326,73,8,42,1468,128,Sports,0
1061,34,Male,Chennai,46756,77,8,1,1985,269,Home,1
1062,50,Female,Hyderabad,80390,48,4,39,4149,39,Beauty,1
1063,64,Female,Hyderabad,88369,26,6,46,2807,23,Fashion,0
1064,19,Female,Chennai,90821,77,5,5,598,242,Electronics,1
1065,31,Female,Mumbai,29589,39,9,49,2830,107,Electronics,0
1066,57,Male,Chennai,133012,92,8,22,2646,348,Electronics,1
1067,57,Male,Chennai,34116,58,2,26,1869,142,Fashion,1
1068,56,Female,Mumbai,93181,19,7,6,438,145,Beauty,0
1069,23,Female,Chennai,64786,88,7,32,3736,280,Sports,0
1070,23,Male,Hyderabad,114686,83,1,48,4061,245,Home,0
1071,20,Female,Chennai,143711,77,1,11,3303,191,Beauty,0
1072,24,Male,Mumbai,96425,77,4,10,1346,290,Electronics,0
1073,25,Male,Delhi,50286,58,5,47,1757,179,Fashion,1
1074,59,Male,Chennai,123081,28,4,39,3938,112,Fashion,1
1075,32,Female,Bangalore,35994,66,7,34,2357,214,Home,1
1076,64,Male,Hyderabad,121039,10,3,31,3651,138,Sports,1
1077,46,Female,Hyderabad,131915,86,7,12,499,200,Beauty,1
1078,50,Male,Bangalore,142961,77,8,44,3898,7,Beauty,0
1079,47,Female,Bangalore,110198,58,6,16,4253,346,Beauty,0
1080,56,Female,Chennai,124672,73,6,38,448,13,Sports,0
1081,44,Female,Bangalore,46639,97,8,3,2768,80,Sports,0
1082,53,Male,Delhi,37205,14,8,2,4329,286,Sports,0
1083,46,Male,Mumbai,76677,84,7,5,4523,159,Home,0
1084,55,Female,Bangalore,52930,15,6,11,4880,272,Fashion,1
1085,50,Female,Bangalore,93313,96,6,25,3060,201,Electronics,1
1086,54,Female,Delhi,113851,33,6,35,923,150,Sports,0
1087,44,Male,Hyderabad,133153,17,8,35,769,296,Fashion,1
1088,50,Male,Hyderabad,112509,24,1,22,419,293,Sports,0
1089,21,Male,Chennai,38316,30,5,37,1594,334,Electronics,1
1090,39,Male,Delhi,47304,62,3,22,3034,272,Sports,0
1091,19,Female,Mumbai,121839,13,8,11,2322,43,Fashion,0
1092,27,Female,Mumbai,116058,62,6,32,4431,319,Home,1
1093,22,Male,Delhi,107876,47,2,35,4200,15,Electronics,0
1094,27,Male,Mumbai,105366,16,7,31,4549,248,Fashion,0
1095,50,Female,Hyderabad,33403,66,7,45,3289,172,Beauty,0
1096,55,Male,Mumbai,100052,81,5,8,249,218,Beauty,0
1097,30,Male,Mumbai,137478,96,8,20,714,137,Beauty,1
1098,48,Male,Delhi,104627,43,5,42,2991,321,Home,0
1099,64,Male,Delhi,93495,8,1,34,2978,227,Sports,1
1100,53,Male,Mumbai,51932,3,9,4,2818,44,Sports,0
1101,62,Male,Bangalore,116090,12,4,18,2037,20,Sports,0
1102,41,Female,Delhi,56701,84,2,4,4871,119,Home,0
1103,32,Male,Chennai,23385,16,4,20,1365,234,Beauty,1
1104,46,Male,Chennai,141324,78,9,9,2449,336,Sports,0
1105,25,Female,Hyderabad,119226,80,2,16,614,356,Home,0
1106,22,Female,Mumbai,77241,59,4,26,2468,262,Home,0
1107,46,Female,Bangalore,30367,49,2,38,1304,83,Fashion,0
1108,64,Male,Hyderabad,85030,63,5,25,4858,31,Sports,1
1109,21,Female,Mumbai,66505,62,3,4,3556,322,Beauty,0
1110,29,Male,Delhi,144462,49,2,41,2616,274,Electronics,0
1111,62,Male,Chennai,53332,51,9,45,2134,234,Home,0
1112,19,Male,Bangalore,105178,33,5,41,403,28,Fashion,0
1113,44,Female,Chennai,96325,30,5,38,268,252,Electronics,0
1114,48,Female,Delhi,55268,59,1,19,715,324,Home,0
1115,53,Female,Mumbai,106486,76,6,14,3763,253,Fashion,0
1116,53,Female,Delhi,45563,15,7,21,4656,239,Sports,0
1117,43,Female,Delhi,125185,82,1,15,1664,314,Fashion,0
1118,60,Male,Chennai,56404,92,9,3,1852,175,Home,1
1119,44,Male,Bangalore,75182,23,8,37,906,194,Sports,1
1120,22,Male,Delhi,52991,78,8,46,1825,180,Beauty,0
1121,37,Male,Chennai,124601,94,7,16,4952,295,Fashion,0
1122,28,Female,Bangalore,67663,97,5,14,3985,215,Electronics,0
1123,27,Female,Mumbai,85886,45,3,9,1545,203,Sports,1
1124,57,Male,Mumbai,142002,62,9,47,543,250,Sports,0
1125,55,Female,Hyderabad,103848,79,7,7,3986,362,Beauty,1
1126,23,Female,Chennai,44127,71,8,14,735,257,Fashion,0
1127,25,Male,Bangalore,77692,15,6,6,554,75,Electronics,0
1128,40,Male,Delhi,114389,46,5,21,3742,344,Beauty,0
1129,64,Female,Mumbai,57500,64,8,15,1182,202,Fashion,0
1130,43,Female,Bangalore,53785,46,3,8,1545,142,Electronics,0
1131,63,Male,Chennai,104146,56,7,34,3209,206,Electronics,1
1132,60,Male,Hyderabad,109126,44,2,40,726,199,Home,1
1133,29,Male,Mumbai,114979,75,3,1,1130,171,Electronics,1
1134,43,Female,Bangalore,67997,29,2,32,2956,316,Fashion,0
1135,30,Male,Bangalore,27170,95,5,49,2482,228,Beauty,0
1136,57,Male,Bangalore,33303,62,7,5,2146,179,Beauty,0
1137,35,Female,Chennai,91743,89,1,30,4127,275,Home,0
1138,42,Female,Chennai,97852,52,9,22,2741,62,Fashion,1
1139,50,Female,Chennai,55187,54,1,20,2116,327,Electronics,0
1140,64,Female,Delhi,85034,88,1,16,3560,204,Home,0
1141,57,Female,Bangalore,91776,57,8,7,1793,133,Sports,1
1142,60,Male,Mumbai,21893,83,6,7,3125,72,Fashion,1
1143,29,Male,Chennai,33753,66,6,2,3825,78,Home,0
1144,61,Female,Chennai,58090,22,9,47,1423,189,Beauty,0
1145,53,Female,Bangalore,84922,20,4,14,2159,356,Home,1
1146,21,Female,Chennai,96768,33,8,31,1165,71,Sports,0
1147,22,Female,Delhi,79412,72,4,41,3878,263,Fashion,1
1148,54,Female,Delhi,142406,25,2,14,4512,306,Home,0
1149,25,Male,Chennai,76030,46,8,5,822,46,Electronics,0
1150,59,Male,Bangalore,37509,73,7,11,4648,224,Fashion,0
1151,45,Male,Bangalore,88653,98,4,40,4987,328,Home,1
1152,48,Male,Bangalore,56929,57,9,5,4926,250,Home,1
1153,26,Female,Hyderabad,149626,87,9,29,2572,76,Fashion,1
1154,46,Male,Chennai,68291,5,8,11,3148,74,Beauty,0
1155,31,Female,Bangalore,24042,55,1,5,3499,142,Electronics,1
1156,57,Female,Delhi,82574,61,7,49,1368,73,Fashion,0
1157,58,Female,Mumbai,57201,89,5,32,4949,102,Electronics,0
1158,39,Male,Mumbai,112282,8,7,36,591,94,Electronics,0
1159,28,Female,Bangalore,34016,16,9,15,4009,69,Fashion,1
1160,40,Male,Mumbai,45022,48,2,19,2607,65,Home,1
1161,18,Male,Mumbai,120962,61,4,22,4460,193,Beauty,0
1162,63,Female,Hyderabad,47938,15,4,34,780,62,Electronics,0
1163,54,Female,Delhi,63678,65,2,17,1020,20,Electronics,1
1164,38,Female,Delhi,138171,22,3,12,1447,241,Home,0
1165,43,Male,Hyderabad,149638,3,8,25,323,203,Fashion,1
1166,63,Female,Hyderabad,121248,54,9,17,4639,300,Beauty,0
1167,53,Male,Mumbai,81720,14,6,10,2074,195,Electronics,0
1168,40,Female,Chennai,125514,36,2,28,723,62,Electronics,0
1169,18,Female,Mumbai,76805,82,2,18,3323,107,Fashion,0
1170,57,Male,Hyderabad,94323,82,7,18,4424,125,Home,0
1171,32,Male,Delhi,21986,67,8,45,3398,301,Sports,0
1172,38,Male,Mumbai,96478,10,8,32,2985,267,Home,0
1173,64,Male,Chennai,102994,49,6,14,2318,202,Electronics,0
1174,26,Male,Mumbai,32161,65,8,16,1410,162,Electronics,1
1175,26,Male,Bangalore,40689,91,1,18,1226,344,Beauty,0
1176,27,Female,Mumbai,147101,57,9,16,4317,302,Home,0
1177,43,Female,Hyderabad,114699,27,1,17,4461,112,Sports,1
1178,58,Male,Delhi,80924,75,3,7,697,337,Beauty,0
1179,52,Female,Delhi,121311,5,9,12,4729,32,Sports,0
1180,42,Male,Hyderabad,119273,71,5,34,3005,98,Beauty,0
1181,43,Female,Bangalore,94308,83,9,10,1893,247,Home,1
1182,28,Female,Hyderabad,121128,57,9,5,4958,261,Electronics,1
1183,55,Male,Mumbai,83745,93,6,21,924,191,Sports,0
1184,19,Male,Hyderabad,146881,15,1,3,575,29,Home,1
1185,24,Male,Hyderabad,21211,99,7,19,4598,48,Sports,0
1186,35,Female,Bangalore,20229,76,6,45,2652,250,Home,0
1187,44,Male,Mumbai,138972,30,9,44,4059,226,Beauty,1
1188,51,Female,Chennai,68542,20,7,35,1886,272,Home,0
1189,44,Male,Chennai,34345,37,4,6,456,153,Beauty,1
1190,34,Female,Delhi,121489,3,7,14,4694,328,Electronics,0
1191,60,Female,Hyderabad,51819,73,2,4,3800,285,Beauty,0
1192,61,Male,Delhi,67779,41,6,45,250,180,Fashion,1
1193,41,Female,Bangalore,102421,39,6,18,794,302,Electronics,0
1194,42,Female,Chennai,112244,26,2,29,4931,153,Home,1
1195,24,Male,Hyderabad,85584,2,4,35,4073,234,Home,1
1196,23,Female,Bangalore,39950,23,8,38,3636,23,Fashion,1
1197,41,Male,Bangalore,35173,23,8,16,1272,94,Home,0
1198,50,Male,Hyderabad,137743,85,8,20,1676,245,Electronics,0
1199,46,Male,Bangalore,78032,16,8,24,3220,290,Electronics,1
1200,60,Male,Hyderabad,135074,9,1,35,1864,160,Beauty,1
1201,39,Female,Hyderabad,119273,13,2,44,4692,285,Sports,0
1202,43,Female,Mumbai,48036,28,4,19,2930,9,Home,1
1203,45,Female,Delhi,143885,27,9,4,1595,185,Fashion,0
1204,38,Male,Bangalore,132857,51,3,33,4097,295,Electronics,1
1205,24,Female,Bangalore,91356,64,6,2,4824,135,Electronics,0
1206,34,Female,Mumbai,34292,52,7,13,4980,110,Electronics,0
1207,37,Male,Mumbai,23052,81,8,45,4245,69,Sports,0
1208,58,Male,Mumbai,64377,38,7,30,2860,136,Sports,0
1209,37,Female,Chennai,109317,100,3,34,2433,96,Home,1
1210,39,Male,Chennai,87838,65,6,30,3522,119,Fashion,0
1211,45,Male,Chennai,87819,18,5,24,4397,274,Sports,1
1212,57,Male,Hyderabad,133689,63,4,48,4418,358,Beauty,0
1213,24,Male,Bangalore,128103,51,1,44,2301,338,Sports,0
1214,18,Female,Delhi,35620,9,7,33,1506,177,Electronics,0
1215,49,Male,Hyderabad,50461,13,8,41,1837,361,Fashion,0
1216,30,Male,Bangalore,40750,40,2,49,1340,237,Home,0
1217,47,Male,Bangalore,118426,55,7,10,815,272,Sports,0
1218,40,Male,Mumbai,108719,79,6,18,4852,277,Electronics,0
1219,36,Male,Mumbai,29472,43,5,19,4409,138,Beauty,0
1220,49,Male,Hyderabad,89263,44,4,7,1766,362,Beauty,0
1221,47,Male,Mumbai,132036,68,2,19,1176,132,Home,1
1222,46,Male,Bangalore,77602,33,6,24,4996,44,Home,0
1223,62,Female,Mumbai,45523,24,5,15,1516,123,Sports,0
1224,46,Male,Chennai,50766,36,2,41,2539,136,Home,0
1225,47,Female,Mumbai,123262,10,7,42,4556,126,Electronics,0
1226,33,Male,Bangalore,86060,100,6,23,2296,275,Electronics,0
1227,57,Male,Hyderabad,29079,20,9,4,578,64,Electronics,0
1228,36,Male,Delhi,28399,75,5,38,3665,296,Sports,1
1229,35,Male,Mumbai,80726,12,9,4,2471,232,Sports,1
1230,18,Female,Bangalore,112906,62,9,5,1246,51,Home,0
1231,31,Male,Delhi,36532,18,1,41,1207,137,Sports,1
1232,64,Male,Delhi,142689,94,5,44,309,158,Electronics,0
1233,19,Female,Chennai,102357,63,9,23,2971,56,Fashion,0
1234,45,Female,Delhi,63162,84,7,40,4083,81,Electronics,0
1235,47,Male,Bangalore,23749,25,6,37,2800,232,Fashion,0
1236,55,Female,Bangalore,31353,12,6,11,3443,326,Home,0
1237,21,Female,Mumbai,132313,21,7,11,1205,128,Beauty,0
1238,18,Female,Mumbai,48477,25,1,13,4993,126,Sports,1
1239,25,Male,Mumbai,44570,11,4,14,505,317,Sports,0
1240,46,Male,Delhi,106373,64,1,8,1158,80,Electronics,0
1241,56,Male,Delhi,31437,73,6,25,1153,357,Electronics,0
1242,20,Female,Chennai,58104,50,4,18,2868,333,Fashion,1
1243,49,Male,Mumbai,83370,62,1,44,3738,175,Sports,0
1244,27,Female,Hyderabad,24551,89,9,44,2877,145,Home,0
1245,27,Male,Chennai,88359,99,4,18,1830,126,Electronics,0
1246,36,Male,Hyderabad,74880,96,6,10,1991,182,Sports,0
1247,63,Female,Delhi,32916,49,7,7,2803,219,Beauty,0
1248,51,Male,Chennai,146150,14,8,44,2171,278,Fashion,0
1249,50,Female,Chennai,100703,1,9,14,266,83,Electronics,0
1250,40,Female,Bangalore,61445,81,9,15,1034,141,Electronics,0
1251,45,Male,Delhi,67636,25,8,16,405,334,Home,0
1252,49,Female,Delhi,93927,59,3,2,3033,95,Electronics,0
1253,24,Male,Chennai,98194,72,2,30,4450,194,Sports,0
1254,46,Male,Delhi,49685,69,5,30,1914,110,Sports,0
1255,25,Female,Chennai,71134,5,1,18,1732,52,Sports,0
1256,18,Male,Bangalore,108916,99,3,31,3345,103,Beauty,1
1257,20,Female,Chennai,127967,19,1,44,3320,101,Beauty,0
1258,41,Male,Delhi,114455,23,3,48,907,142,Electronics,0
1259,40,Male,Delhi,147763,9,4,13,378,201,Beauty,0
1260,25,Male,Chennai,87847,94,7,20,312,319,Beauty,1
1261,64,Male,Chennai,59993,50,5,49,956,199,Home,1
1262,54,Male,Chennai,64333,16,5,35,1096,284,Beauty,0
1263,20,Female,Mumbai,128574,33,1,23,3068,217,Fashion,0
1264,50,Female,Delhi,78865,2,8,42,358,46,Fashion,0
1265,45,Female,Delhi,99096,14,4,33,985,28,Fashion,0
1266,64,Female,Mumbai,69756,1,5,38,2003,2,Electronics,1
1267,25,Female,Chennai,142863,90,2,35,2039,17,Sports,0
1268,51,Female,Bangalore,81192,58,1,36,3368,315,Home,0
1269,52,Male,Chennai,80686,89,9,20,2498,77,Electronics,0
1270,49,Male,Chennai,68733,16,2,3,4278,165,Sports,0
1271,41,Female,Mumbai,124089,79,6,8,1742,97,Home,1
1272,31,Female,Delhi,45993,90,1,40,4408,105,Home,0
1273,49,Male,Chennai,50492,47,1,32,4554,24,Home,1
1274,63,Male,Delhi,40981,44,9,29,2354,200,Fashion,0
1275,60,Male,Hyderabad,44143,80,4,7,774,35,Fashion,0
1276,33,Female,Delhi,97603,14,9,2,3238,2,Fashion,0
1277,21,Female,Bangalore,109452,93,5,21,1581,289,Home,0
1278,54,Female,Bangalore,80277,24,7,6,1422,332,Home,0
1279,38,Male,Chennai,127044,55,1,28,2674,342,Fashion,0
1280,31,Male,Delhi,131957,15,6,48,1701,138,Home,0
1281,48,Female,Chennai,69990,83,8,42,1058,337,Fashion,0
1282,35,Female,Mumbai,148406,72,1,36,3774,62,Fashion,0
1283,24,Male,Bangalore,82888,34,9,32,3929,299,Fashion,0
1284,27,Male,Chennai,89351,2,3,45,3165,197,Sports,0
1285,24,Male,Mumbai,117372,27,1,42,3391,59,Home,1
1286,50,Male,Chennai,69999,74,1,46,1796,265,Electronics,0
1287,40,Female,Delhi,123013,99,6,9,1761,333,Fashion,0
1288,38,Male,Delhi,122811,87,6,11,2722,188,Electronics,0
1289,36,Male,Delhi,124879,72,1,23,2799,63,Sports,1
1290,36,Male,Delhi,90309,92,3,11,2591,308,Home,0
1291,53,Female,Hyderabad,32446,23,7,49,2875,279,Fashion,1
1292,46,Female,Mumbai,50733,68,3,2,2383,30,Fashion,0
1293,35,Male,Mumbai,139156,14,3,3,476,171,Fashion,0
1294,19,Male,Delhi,96000,63,3,11,4082,21,Electronics,0
1295,18,Male,Hyderabad,68632,93,7,35,3804,299,Sports,0
1296,64,Female,Delhi,41576,65,4,15,2278,201,Home,0
1297,22,Female,Hyderabad,23320,68,4,43,4542,135,Sports,1
1298,37,Female,Delhi,30750,63,3,11,4706,272,Fashion,0
1299,28,Male,Bangalore,123002,96,9,31,4277,23,Sports,1
1300,59,Female,Bangalore,73463,97,2,28,4368,87,Electronics,0
1301,19,Male,Chennai,46572,90,4,28,1320,31,Beauty,0
1302,20,Male,Delhi,138361,81,8,32,4968,121,Beauty,0
1303,40,Male,Mumbai,37948,87,6,25,2723,69,Home,0
1304,29,Female,Chennai,146898,64,7,20,3570,134,Home,1
1305,37,Male,Bangalore,136528,32,7,28,4582,315,Sports,0
1306,22,Female,Delhi,58826,79,2,25,2108,146,Home,1
1307,54,Female,Chennai,109051,13,4,11,3720,333,Electronics,0
1308,55,Male,Delhi,47867,66,6,19,4507,263,Fashion,0
1309,47,Male,Bangalore,80231,19,3,28,4696,293,Fashion,1
1310,26,Female,Chennai,86262,24,9,1,4950,86,Sports,0
1311,51,Male,Bangalore,111356,88,4,5,3305,16,Fashion,1
1312,61,Female,Hyderabad,146340,11,2,10,697,216,Sports,0
1313,52,Male,Bangalore,92233,59,6,42,3787,116,Home,1
1314,39,Female,Delhi,64678,86,1,46,4393,118,Home,0
1315,61,Female,Mumbai,127561,15,6,34,2613,270,Electronics,0
1316,41,Female,Bangalore,32963,10,1,36,4000,343,Fashion,0
1317,34,Female,Mumbai,84360,41,8,2,662,162,Electronics,0
1318,27,Male,Hyderabad,69434,27,5,18,2960,188,Beauty,0
1319,47,Male,Chennai,86617,60,6,13,3657,104,Electronics,0
1320,63,Female,Chennai,40269,73,2,5,472,141,Sports,0
1321,40,Female,Mumbai,137569,52,2,20,1350,167,Sports,0
1322,49,Male,Chennai,96312,28,9,2,3589,300,Electronics,0
1323,34,Male,Bangalore,117352,65,3,11,218,28,Home,0
1324,34,Male,Mumbai,99732,17,6,30,1816,272,Beauty,0
1325,31,Male,Delhi,137658,95,5,32,3378,50,Electronics,0
1326,26,Male,Bangalore,127648,44,4,32,4281,156,Home,0
1327,57,Male,Bangalore,101494,10,2,38,611,324,Electronics,0
1328,19,Female,Bangalore,108905,63,8,28,941,348,Fashion,0
1329,62,Male,Delhi,97225,93,7,10,2871,121,Sports,1
1330,42,Male,Hyderabad,102867,82,2,22,2979,140,Fashion,0
1331,56,Female,Chennai,57528,47,6,17,2824,16,Fashion,0
1332,26,Male,Mumbai,144597,38,8,22,714,309,Beauty,0
1333,39,Male,Hyderabad,98972,70,7,43,406,49,Home,0
1334,60,Male,Mumbai,85602,76,1,19,1147,164,Sports,1
1335,63,Male,Chennai,116261,53,5,17,2641,62,Fashion,1
1336,21,Male,Delhi,110748,78,2,24,2028,340,Sports,0
1337,43,Female,Bangalore,143193,44,6,36,3798,154,Home,0
1338,46,Male,Bangalore,146277,74,7,32,2367,312,Electronics,0
1339,62,Female,Delhi,53332,54,7,46,1856,346,Fashion,0
1340,51,Female,Hyderabad,144481,20,3,36,801,150,Home,1
1341,40,Male,Hyderabad,110937,79,7,28,911,73,Sports,0
1342,54,Female,Mumbai,149529,31,5,14,1403,69,Home,0
1343,28,Male,Delhi,98929,7,8,36,1591,177,Electronics,0
1344,23,Female,Hyderabad,89206,58,8,6,2896,354,Home,0
1345,35,Female,Delhi,111137,10,7,9,3472,2,Sports,0
1346,38,Male,Chennai,22251,10,6,21,3331,309,Fashion,1
1347,59,Male,Bangalore,65717,39,2,12,3930,119,Fashion,0
1348,53,Male,Bangalore,119108,28,6,30,2866,7,Beauty,1
1349,58,Male,Bangalore,47027,30,9,31,749,255,Sports,0
1350,55,Male,Delhi,117382,37,2,40,4941,75,Beauty,0
1351,51,Female,Delhi,106551,67,1,4,4182,351,Beauty,0
1352,34,Female,Mumbai,29583,43,5,31,1444,195,Electronics,0
1353,54,Female,Bangalore,70387,79,6,27,4086,187,Sports,1
1354,42,Female,Mumbai,43104,85,3,25,4212,3,Fashion,0
1355,55,Female,Bangalore,32224,52,8,5,2749,184,Sports,0
1356,29,Female,Mumbai,80624,56,7,6,3404,335,Electronics,0
1357,40,Female,Mumbai,76058,76,2,5,1045,273,Sports,0
1358,59,Male,Chennai,124320,68,7,27,4745,52,Sports,1
1359,39,Male,Mumbai,116372,9,1,8,243,263,Beauty,0
1360,38,Female,Delhi,49299,92,9,9,858,133,Sports,0
1361,44,Female,Mumbai,98572,23,7,15,4130,225,Beauty,0
1362,48,Male,Bangalore,105469,63,6,36,3067,310,Beauty,0
1363,23,Male,Mumbai,97928,61,2,41,3847,61,Home,0
1364,44,Male,Hyderabad,149518,40,3,7,2982,16,Electronics,1
1365,57,Male,Bangalore,93474,44,1,32,1891,229,Beauty,0
1366,51,Female,Hyderabad,24141,86,5,8,2425,195,Sports,0
1367,29,Male,Bangalore,43350,24,9,47,3266,251,Beauty,0
1368,62,Female,Delhi,95082,51,6,15,2147,303,Beauty,0
1369,24,Female,Delhi,90871,58,5,37,1565,48,Beauty,0
1370,27,Female,Delhi,25077,90,3,19,3330,235,Fashion,0
1371,62,Male,Hyderabad,66015,94,5,39,4733,121,Fashion,0
1372,34,Male,Chennai,91147,33,8,6,4721,320,Fashion,0
1373,43,Female,Bangalore,79180,16,2,19,1167,50,Fashion,0
1374,38,Female,Delhi,60857,22,5,28,1604,41,Home,0
1375,45,Female,Bangalore,121196,57,6,17,685,22,Beauty,1
1376,63,Male,Hyderabad,79840,62,8,42,1955,182,Home,0
1377,19,Female,Chennai,145463,82,8,19,3830,5,Sports,1
1378,60,Male,Hyderabad,79902,71,5,31,3168,145,Electronics,0
1379,18,Female,Bangalore,25577,90,9,11,1779,357,Home,0
1380,53,Female,Chennai,40002,72,4,15,2995,78,Fashion,0
1381,43,Female,Chennai,70711,70,9,10,250,231,Fashion,0
1382,46,Male,Hyderabad,59451,30,7,43,1859,297,Sports,0
1383,38,Male,Delhi,119811,23,6,23,4500,348,Beauty,0
1384,28,Female,Bangalore,69103,32,4,3,2987,209,Electronics,1
1385,57,Male,Mumbai,48647,86,2,3,4828,163,Home,0
1386,28,Female,Mumbai,54831,57,8,18,2355,168,Beauty,1
1387,53,Male,Hyderabad,138330,9,6,25,4546,278,Beauty,0
1388,56,Male,Bangalore,120304,31,3,43,4430,237,Home,0
1389,57,Male,Bangalore,116498,71,7,20,3361,176,Home,0
1390,52,Female,Hyderabad,148949,9,7,29,1814,53,Home,0
1391,51,Male,Bangalore,133870,13,6,22,2936,349,Home,0
1392,64,Male,Delhi,115119,58,2,15,606,10,Fashion,1
1393,41,Female,Hyderabad,86830,3,8,39,3579,146,Beauty,0
1394,39,Female,Delhi,100632,35,1,10,4397,227,Beauty,0
1395,22,Female,Bangalore,56833,97,1,21,1584,236,Fashion,0
1396,50,Female,Hyderabad,132394,21,6,29,3895,242,Beauty,0
1397,53,Male,Bangalore,112864,64,5,32,4699,305,Home,0
1398,64,Male,Hyderabad,44398,95,9,10,3102,71,Electronics,0
1399,37,Male,Bangalore,144633,52,7,13,1829,158,Beauty,0
1400,36,Male,Delhi,81554,34,2,47,3462,19,Electronics,0
1401,52,Male,Delhi,70755,96,7,23,1226,55,Electronics,0
1402,60,Female,Bangalore,37706,35,3,23,3189,215,Fashion,0
1403,34,Male,Hyderabad,42340,15,1,31,2424,209,Sports,0
1404,62,Male,Mumbai,84994,96,8,4,3120,21,Beauty,0
1405,60,Male,Delhi,83884,6,3,49,4515,282,Fashion,0
1406,51,Female,Delhi,104361,85,8,3,4468,249,Fashion,1
1407,26,Female,Mumbai,37482,97,7,21,2983,28,Electronics,1
1408,43,Male,Bangalore,74225,32,2,2,1613,296,Beauty,0
1409,19,Female,Hyderabad,78849,52,1,4,4797,211,Fashion,1
1410,26,Female,Bangalore,94854,83,7,1,3848,285,Home,0
1411,26,Female,Chennai,61256,97,1,15,3008,20,Fashion,0
1412,57,Female,Delhi,129545,28,6,33,3531,20,Home,0
1413,34,Female,Chennai,128721,95,8,6,2378,330,Sports,1
1414,18,Female,Delhi,101110,85,7,7,997,120,Home,0
1415,42,Female,Delhi,133606,98,4,19,3046,97,Home,1
1416,60,Male,Chennai,34650,64,1,44,1129,120,Electronics,1
1417,57,Male,Chennai,66118,79,1,1,3291,25,Fashion,0
1418,59,Female,Bangalore,48930,78,4,39,2462,153,Sports,0
1419,42,Male,Chennai,105707,19,5,19,1533,245,Fashion,0
1420,56,Male,Bangalore,149030,15,7,45,1474,260,Home,0
1421,52,Female,Bangalore,120400,6,4,26,4783,4,Home,0
1422,20,Male,Bangalore,31801,73,1,44,3680,143,Fashion,0
1423,54,Female,Delhi,71360,84,7,12,3542,282,Sports,0
1424,61,Female,Delhi,107908,98,2,22,1417,335,Sports,0
1425,61,Female,Chennai,36559,38,2,13,1664,346,Electronics,0
1426,47,Male,Delhi,52334,26,8,28,4608,220,Home,0
1427,55,Male,Chennai,125473,82,5,14,4374,327,Home,0
1428,51,Male,Delhi,33288,92,2,22,4970,160,Electronics,0
1429,29,Male,Hyderabad,42398,51,5,30,213,76,Fashion,0
1430,36,Female,Hyderabad,96230,73,8,44,2493,99,Home,1
1431,54,Female,Chennai,32191,96,6,20,2245,180,Fashion,0
1432,61,Male,Delhi,38051,53,3,44,1237,127,Sports,0
1433,34,Female,Delhi,81715,56,8,27,4328,32,Beauty,1
1434,27,Female,Bangalore,30737,59,9,38,1659,265,Electronics,0
1435,64,Male,Mumbai,85140,70,5,42,456,334,Home,1
1436,29,Female,Chennai,45251,78,2,41,4329,13,Electronics,0
1437,33,Male,Mumbai,70975,92,2,34,4273,352,Sports,1
1438,41,Female,Mumbai,25147,58,7,39,1483,339,Sports,1
1439,36,Male,Chennai,70508,88,1,41,3687,202,Sports,0
1440,25,Female,Delhi,72224,13,2,44,2384,18,Sports,0
1441,48,Female,Chennai,39643,43,4,37,558,93,Beauty,1
1442,38,Male,Mumbai,58967,76,1,1,3991,280,Fashion,1
1443,34,Male,Delhi,118850,51,4,15,3387,358,Fashion,1
1444,40,Male,Hyderabad,123535,19,5,32,4699,316,Beauty,0
1445,54,Male,Chennai,60733,21,9,8,1425,60,Fashion,1
1446,33,Female,Chennai,104003,91,1,33,2497,214,Sports,0
1447,23,Female,Delhi,54808,83,5,18,477,100,Fashion,0
1448,25,Male,Hyderabad,139222,24,2,45,4407,1,Electronics,0
1449,42,Female,Hyderabad,87288,26,9,29,2186,43,Fashion,0
1450,35,Male,Delhi,78959,45,6,32,3744,311,Electronics,0
1451,42,Male,Bangalore,21849,28,2,33,2993,168,Home,0
1452,29,Female,Chennai,88178,82,3,5,591,192,Electronics,0
1453,32,Female,Chennai,87136,100,8,18,1168,34,Electronics,0
1454,43,Male,Mumbai,80740,29,1,48,2390,34,Sports,1
1455,58,Male,Delhi,132255,17,3,10,2428,176,Sports,0
1456,62,Male,Mumbai,106322,68,1,36,2826,196,Sports,0
1457,43,Female,Mumbai,64565,44,8,33,3045,158,Electronics,0
1458,64,Female,Hyderabad,40183,61,1,23,4564,245,Beauty,0
1459,49,Female,Chennai,135306,93,5,40,3507,340,Sports,0
1460,27,Female,Mumbai,21132,68,4,5,2800,346,Sports,0
1461,33,Male,Hyderabad,58259,74,7,34,2880,335,Electronics,0
1462,24,Male,Delhi,116612,25,5,24,4570,71,Home,1
1463,34,Male,Mumbai,83668,95,8,17,285,327,Home,0
1464,40,Male,Chennai,148355,67,1,31,3334,114,Fashion,0
1465,43,Male,Mumbai,58563,2,5,7,4699,285,Home,0
1466,38,Male,Delhi,112227,89,4,17,2439,143,Sports,0
1467,39,Female,Mumbai,128835,49,3,28,3564,97,Beauty,0
1468,24,Female,Chennai,30931,70,5,38,2245,309,Fashion,0
1469,31,Male,Hyderabad,147156,26,3,22,1254,320,Beauty,0
1470,32,Male,Chennai,93169,72,8,15,3601,212,Beauty,0
1471,24,Female,Hyderabad,149457,99,3,37,3929,317,Sports,0
1472,26,Female,Bangalore,70639,27,1,15,2869,185,Electronics,0
1473,25,Female,Chennai,142536,89,9,25,475,205,Electronics,1
1474,40,Female,Chennai,123313,18,9,21,4946,364,Electronics,0
1475,46,Male,Delhi,78901,54,6,38,4290,216,Home,0
1476,35,Male,Mumbai,120417,1,1,2,1305,246,Electronics,0
1477,48,Male,Hyderabad,21044,61,8,27,4881,239,Sports,1
1478,47,Male,Hyderabad,66691,3,2,49,3132,293,Home,1
1479,56,Male,Delhi,120735,68,9,32,328,8,Electronics,0
1480,52,Female,Delhi,44363,41,8,21,4551,78,Beauty,1
1481,35,Male,Mumbai,66694,37,3,4,4526,324,Sports,0
1482,59,Female,Mumbai,21582,51,5,44,3768,277,Sports,1
1483,56,Male,Chennai,99910,15,9,19,2602,202,Fashion,0
1484,34,Male,Bangalore,86844,8,1,2,1847,214,Sports,0
1485,31,Male,Mumbai,41301,38,9,26,3756,94,Beauty,0
1486,48,Male,Delhi,94329,83,4,34,4091,75,Sports,0
1487,41,Male,Mumbai,21620,56,4,14,2393,157,Fashion,0
1488,52,Female,Hyderabad,82224,47,4,15,2247,153,Sports,0
1489,61,Female,Bangalore,76655,90,9,20,3304,142,Sports,0
1490,62,Female,Chennai,115419,10,6,34,4555,78,Fashion,0
1491,51,Male,Hyderabad,57534,78,8,36,2334,322,Sports,0
1492,20,Male,Hyderabad,140050,49,4,19,1042,182,Home,1
1493,54,Female,Bangalore,123496,41,3,9,2171,195,Sports,1
1494,60,Male,Chennai,59390,83,1,7,4560,158,Electronics,1
1495,57,Male,Delhi,91629,30,7,30,4103,146,Electronics,0
1496,43,Female,Chennai,75856,5,4,13,3813,54,Home,0
1497,40,Male,Mumbai,69252,95,8,27,591,356,Sports,0
1498,61,Female,Hyderabad,75809,71,3,44,2479,277,Beauty,0
1499,56,Male,Mumbai,42259,83,1,35,1100,309,Sports,0
1500,32,Female,Delhi,40655,31,5,13,4883,83,Electronics,0
1501,21,Male,Mumbai,53005,52,2,15,2694,156,Fashion,1
1502,46,Male,Chennai,51629,88,3,46,1352,4,Home,0
1503,39,Female,Mumbai,43610,98,6,9,1494,311,Fashion,1
1504,42,Male,Delhi,77184,23,3,45,665,271,Beauty,0
1505,30,Male,Delhi,41602,48,3,23,2375,64,Sports,0
1506,35,Female,Delhi,105945,40,6,36,3445,112,Beauty,0
1507,50,Male,Chennai,31110,6,5,40,687,239,Fashion,0
1508,33,Female,Delhi,26073,38,9,3,3138,144,Sports,1
1509,62,Male,Hyderabad,120846,41,1,34,2826,20,Beauty,0
1510,59,Male,Delhi,100818,100,3,19,1149,64,Electronics,0
1511,61,Male,Mumbai,30195,27,3,28,4701,289,Electronics,0
1512,19,Male,Mumbai,21537,75,6,23,1249,81,Home,0
1513,52,Female,Mumbai,37138,69,8,40,4275,197,Electronics,0
1514,59,Male,Chennai,64328,57,3,49,4659,69,Electronics,0
1515,51,Female,Mumbai,145138,17,3,45,1590,186,Fashion,0
1516,47,Male,Chennai,66202,71,6,7,1283,167,Electronics,0
1517,30,Male,Chennai,60164,91,8,41,4846,205,Electronics,0
1518,30,Male,Delhi,146545,47,6,12,1858,164,Fashion,1
1519,35,Male,Hyderabad,109743,79,3,14,4587,94,Electronics,1
1520,49,Female,Delhi,74659,13,4,46,2017,249,Electronics,0
1521,49,Female,Delhi,106155,11,1,15,390,68,Home,0
1522,52,Female,Chennai,69692,90,8,3,660,343,Electronics,0
1523,56,Female,Chennai,140198,86,4,15,2721,21,Electronics,1
1524,63,Male,Mumbai,44845,92,6,24,3676,319,Home,0
1525,46,Female,Mumbai,109846,24,3,46,2905,85,Fashion,1
1526,46,Female,Delhi,123435,93,6,8,4566,24,Electronics,0
1527,61,Male,Bangalore,50562,73,9,5,1357,111,Beauty,0
1528,33,Male,Bangalore,48036,4,9,4,4466,351,Fashion,0
1529,61,Male,Mumbai,80752,46,3,14,227,83,Fashion,0
1530,64,Male,Bangalore,94233,18,3,16,4431,358,Electronics,0
1531,27,Female,Mumbai,103049,43,4,20,3172,78,Home,0
1532,47,Female,Chennai,128575,80,7,24,3224,140,Fashion,0
1533,42,Male,Delhi,88681,33,3,6,1464,271,Home,0
1534,56,Male,Hyderabad,47818,93,8,31,1055,339,Beauty,1
1535,37,Male,Delhi,50544,10,8,6,4225,169,Home,0
1536,22,Female,Mumbai,82532,73,6,35,1451,197,Sports,1
1537,18,Female,Mumbai,98636,59,4,15,4804,262,Home,1
1538,47,Male,Delhi,77705,31,5,29,4070,215,Fashion,1
1539,20,Male,Mumbai,40104,28,2,3,1526,67,Home,1
1540,62,Female,Bangalore,144336,60,6,11,1225,229,Home,1
1541,31,Male,Bangalore,147904,3,3,3,561,161,Sports,0
1542,47,Male,Mumbai,89603,55,6,28,1418,122,Sports,0
1543,21,Female,Mumbai,122499,14,5,10,805,149,Electronics,0
1544,35,Male,Bangalore,79025,58,2,33,1870,340,Fashion,0
1545,54,Female,Mumbai,116264,89,5,48,2497,193,Electronics,1
1546,42,Male,Mumbai,52317,15,5,16,2394,231,Sports,0
1547,18,Male,Delhi,51416,2,9,10,4643,111,Home,0
1548,63,Female,Hyderabad,62012,24,8,33,1477,145,Sports,0
1549,32,Female,Bangalore,125585,78,7,36,598,221,Beauty,1
1550,26,Male,Delhi,88045,64,3,3,2372,64,Home,0
1551,32,Female,Hyderabad,41400,71,4,5,3010,126,Electronics,0
1552,41,Male,Mumbai,68270,100,6,12,2852,218,Home,0
1553,21,Male,Mumbai,92069,24,3,44,3139,284,Beauty,0
1554,29,Female,Delhi,139415,27,9,13,1021,354,Sports,0
1555,54,Male,Mumbai,69833,37,8,24,1144,236,Fashion,0
1556,54,Male,Chennai,83644,94,6,44,3678,13,Fashion,1
1557,60,Female,Delhi,100206,91,4,32,2979,153,Fashion,0
1558,23,Female,Hyderabad,89468,39,7,16,4629,239,Sports,0
1559,56,Male,Delhi,132899,63,3,32,4650,190,Fashion,1
1560,63,Female,Bangalore,79473,79,8,45,1396,151,Beauty,1
1561,41,Female,Delhi,65809,26,1,37,1412,86,Sports,1
1562,28,Female,Mumbai,58328,65,3,36,1023,21,Fashion,0
1563,30,Female,Mumbai,56784,4,5,21,2096,182,Electronics,1
1564,51,Male,Chennai,43723,29,5,47,4463,319,Sports,0
1565,42,Male,Chennai,80646,1,2,12,2615,158,Sports,0
1566,24,Male,Chennai,86255,50,8,21,735,76,Home,0
1567,21,Female,Hyderabad,20074,86,5,21,3210,329,Fashion,0
1568,25,Female,Chennai,144173,11,7,43,2827,203,Electronics,0
1569,37,Female,Hyderabad,46498,74,7,6,3977,229,Beauty,0
1570,46,Female,Chennai,85522,59,5,9,1149,152,Sports,1
1571,62,Female,Hyderabad,116881,62,8,1,3708,263,Beauty,0
1572,63,Female,Delhi,40541,81,9,12,4502,72,Beauty,0
1573,27,Female,Delhi,65929,36,4,14,743,225,Beauty,0
1574,60,Male,Mumbai,143199,56,4,6,4100,131,Home,0
1575,51,Male,Hyderabad,120453,90,8,1,3953,360,Beauty,1
1576,43,Female,Bangalore,46028,21,1,22,4424,28,Fashion,1
1577,58,Female,Mumbai,49545,13,4,34,2282,299,Fashion,1
1578,20,Female,Delhi,99569,9,6,11,3066,97,Electronics,0
1579,23,Male,Hyderabad,51673,11,4,3,2446,46,Electronics,0
1580,22,Male,Chennai,50974,75,6,42,2036,1,Beauty,0
1581,22,Female,Bangalore,78899,70,5,6,276,166,Beauty,0
1582,64,Female,Delhi,43097,1,9,6,568,245,Home,0
1583,40,Male,Mumbai,122511,70,9,20,4821,219,Beauty,0
1584,26,Male,Hyderabad,113144,77,4,21,548,102,Beauty,0
1585,52,Male,Bangalore,84824,86,4,2,4801,291,Beauty,0
1586,37,Male,Hyderabad,43525,56,8,26,4938,204,Sports,0
1587,59,Female,Chennai,77804,31,4,31,4533,202,Sports,0
1588,52,Male,Mumbai,35043,86,2,26,1655,54,Home,0
1589,35,Male,Hyderabad,61846,37,2,32,2385,280,Home,0
1590,34,Female,Delhi,97261,47,1,10,4011,278,Fashion,0
1591,41,Male,Mumbai,122240,91,5,23,3472,16,Home,0
1592,20,Male,Delhi,127611,78,6,6,3882,13,Fashion,1
1593,49,Male,Hyderabad,70227,47,9,23,2046,356,Beauty,1
1594,52,Female,Mumbai,73028,69,5,28,2054,356,Home,0
1595,55,Male,Delhi,57383,58,6,49,3185,318,Home,0
1596,30,Female,Chennai,49483,36,6,30,4650,87,Home,0
1597,64,Female,Chennai,27265,32,3,14,2825,78,Fashion,0
1598,42,Male,Hyderabad,42763,98,4,37,3094,67,Fashion,1
1599,26,Male,Mumbai,95652,64,1,32,758,347,Electronics,1
1600,21,Male,Bangalore,35733,71,4,49,3096,211,Fashion,1
1601,31,Male,Mumbai,132196,42,1,34,2117,214,Fashion,0
1602,54,Female,Chennai,111038,48,5,41,1454,185,Sports,1
1603,51,Male,Delhi,57420,74,8,44,1881,33,Home,0
1604,28,Male,Bangalore,141480,81,8,22,2014,115,Fashion,1
1605,58,Male,Hyderabad,128777,30,5,31,862,275,Home,0
1606,20,Female,Bangalore,29247,21,2,7,4316,198,Home,0
1607,45,Male,Hyderabad,43840,60,6,41,3525,143,Sports,0
1608,46,Male,Bangalore,85149,13,1,21,1441,228,Home,0
1609,26,Female,Hyderabad,41058,1,7,16,3343,120,Fashion,0
1610,20,Female,Hyderabad,135229,65,4,20,3237,353,Home,1
1611,42,Male,Bangalore,54929,33,5,43,361,24,Electronics,0
1612,51,Male,Bangalore,104171,38,6,44,4425,27,Electronics,0
1613,29,Male,Hyderabad,111164,25,1,47,2150,75,Sports,0
1614,59,Male,Chennai,51362,26,9,19,4520,241,Fashion,0
1615,26,Male,Bangalore,106489,77,4,48,1981,23,Sports,1
1616,32,Female,Mumbai,104664,59,8,32,4875,161,Electronics,0
1617,57,Female,Delhi,67356,92,5,15,1677,41,Fashion,0
1618,42,Male,Hyderabad,97597,33,8,5,3230,238,Home,1
1619,22,Male,Hyderabad,147880,41,1,11,4186,239,Fashion,1
1620,28,Female,Delhi,26041,30,8,15,306,56,Beauty,0
1621,51,Male,Chennai,98209,57,4,29,2868,98,Fashion,1
1622,41,Male,Delhi,147037,49,2,45,1364,146,Home,0
1623,32,Male,Bangalore,81954,48,6,4,1357,262,Beauty,1
1624,55,Male,Delhi,81869,72,2,49,2446,40,Sports,0
1625,25,Male,Hyderabad,41059,49,5,36,866,193,Fashion,1
1626,22,Female,Delhi,119864,47,2,48,2326,239,Sports,0
1627,43,Male,Mumbai,64722,56,3,23,3141,42,Fashion,0
1628,35,Male,Bangalore,37548,65,6,15,711,222,Electronics,0
1629,23,Male,Delhi,35078,12,1,46,449,196,Electronics,0
1630,54,Female,Hyderabad,25419,69,6,44,1088,288,Home,1
1631,30,Female,Bangalore,55490,88,3,3,1223,10,Electronics,0
1632,45,Female,Hyderabad,96086,6,7,32,4894,235,Beauty,0
1633,22,Female,Chennai,135158,89,2,10,799,325,Beauty,0
1634,30,Male,Mumbai,78760,65,6,40,3222,265,Fashion,0
1635,34,Female,Chennai,50337,25,8,38,2730,69,Sports,1
1636,57,Male,Mumbai,21468,1,1,22,3083,139,Beauty,0
1637,62,Male,Delhi,44309,32,9,14,2264,355,Fashion,0
1638,49,Female,Bangalore,86344,3,5,17,1958,219,Sports,0
1639,46,Female,Delhi,110283,49,5,21,3769,196,Electronics,1
1640,20,Female,Mumbai,92255,19,5,48,1442,74,Fashion,0
1641,57,Female,Mumbai,147006,60,6,15,4529,103,Sports,0
1642,51,Female,Mumbai,101899,29,2,15,2495,225,Home,1
1643,57,Male,Hyderabad,48718,50,6,1,2125,123,Home,0
1644,44,Female,Bangalore,114337,2,4,24,2262,102,Beauty,0
1645,30,Female,Delhi,128895,73,8,12,3595,264,Sports,1
1646,62,Female,Delhi,57841,56,9,10,640,161,Home,1
1647,50,Male,Chennai,93548,17,9,46,2943,233,Beauty,1
1648,23,Female,Mumbai,103565,60,8,42,206,275,Fashion,1
1649,41,Male,Mumbai,66660,36,3,42,1786,258,Fashion,0
1650,36,Female,Mumbai,126553,61,4,31,1025,311,Sports,0
1651,33,Female,Delhi,70281,17,1,11,4024,139,Sports,0
1652,57,Male,Chennai,133451,49,9,16,1468,227,Sports,0
1653,45,Female,Hyderabad,136041,76,5,9,3636,273,Sports,1
1654,50,Male,Bangalore,20767,60,6,47,3638,317,Home,1
1655,58,Male,Hyderabad,23895,20,3,14,1510,86,Home,0
1656,30,Male,Delhi,78026,50,8,19,4233,291,Beauty,1
1657,60,Female,Mumbai,138142,3,7,31,1827,217,Home,0
1658,62,Female,Bangalore,62968,43,1,9,1236,359,Fashion,0
1659,42,Female,Delhi,60097,57,5,36,677,66,Beauty,0
1660,59,Male,Delhi,35332,50,9,39,2878,257,Home,0
1661,53,Female,Delhi,34621,68,6,26,914,135,Sports,0
1662,44,Male,Bangalore,96870,81,8,8,1876,55,Home,1
1663,55,Female,Bangalore,38174,50,1,24,2362,356,Electronics,0
1664,24,Male,Chennai,144357,37,7,8,708,243,Beauty,1
1665,22,Male,Chennai,119189,46,3,19,581,252,Home,0
1666,60,Male,Hyderabad,60502,42,9,47,1380,21,Home,0
1667,62,Female,Bangalore,56674,15,6,48,2045,307,Fashion,0
1668,48,Male,Bangalore,57260,33,5,30,4570,163,Sports,0
1669,40,Male,Bangalore,62498,80,8,22,1918,356,Sports,1
1670,59,Male,Chennai,87609,11,8,9,1300,264,Fashion,0
1671,27,Male,Delhi,69464,20,3,44,2060,68,Fashion,1
1672,49,Male,Mumbai,91805,24,2,48,2291,107,Electronics,1
1673,60,Male,Chennai,84919,64,2,4,917,67,Beauty,1
1674,47,Female,Bangalore,148564,80,5,37,517,199,Sports,0
1675,56,Female,Chennai,74469,94,7,8,4829,192,Fashion,1
1676,48,Male,Hyderabad,37194,98,8,1,1976,2,Fashion,0
1677,35,Female,Bangalore,46811,65,8,28,2484,257,Beauty,0
1678,53,Female,Hyderabad,92377,88,8,6,1444,1,Fashion,0
1679,19,Male,Bangalore,145737,88,3,47,1533,358,Electronics,1
1680,31,Male,Chennai,63723,73,2,36,3869,115,Beauty,0
1681,30,Male,Delhi,120336,86,4,11,1400,88,Electronics,0
1682,46,Female,Mumbai,95235,76,1,5,1994,197,Home,0
1683,29,Male,Hyderabad,131041,17,3,24,2901,92,Sports,0
1684,56,Female,Chennai,96298,89,9,47,1654,274,Fashion,0
1685,19,Male,Delhi,79238,92,7,18,2133,344,Beauty,1
1686,49,Female,Chennai,148353,61,7,20,946,160,Electronics,0
1687,30,Male,Hyderabad,125433,15,1,28,1040,173,Sports,1
1688,63,Male,Mumbai,137393,94,7,13,2695,33,Sports,0
1689,44,Female,Chennai,127092,51,7,5,1288,73,Fashion,1
1690,58,Female,Bangalore,22147,27,4,30,992,196,Sports,0
1691,34,Female,Delhi,118919,86,7,1,1467,284,Fashion,0
1692,57,Female,Chennai,119251,74,8,22,1750,87,Home,0
1693,48,Female,Delhi,58445,61,3,18,2890,309,Fashion,0
1694,51,Female,Bangalore,73803,58,2,46,492,224,Electronics,1
1695,41,Male,Mumbai,147253,31,7,5,4222,44,Sports,0
1696,62,Female,Mumbai,81108,91,5,31,1604,336,Sports,1
1697,52,Male,Bangalore,126170,12,5,6,1848,138,Sports,1
1698,23,Male,Delhi,22013,46,5,27,3016,270,Fashion,0
1699,36,Female,Chennai,105617,31,7,25,4110,359,Beauty,0
1700,47,Male,Bangalore,102410,32,9,29,3118,36,Fashion,0
1701,24,Female,Hyderabad,73502,32,8,28,1597,34,Electronics,0
1702,27,Female,Delhi,137116,99,6,16,1893,88,Fashion,0
1703,58,Male,Mumbai,57755,53,7,12,1237,146,Sports,1
1704,49,Male,Bangalore,28733,61,9,20,4052,16,Home,0
1705,51,Female,Mumbai,29479,46,6,18,1762,233,Electronics,0
1706,45,Female,Delhi,95361,85,1,34,1312,41,Home,0
1707,32,Male,Mumbai,41304,74,4,23,1491,255,Electronics,0
1708,47,Male,Bangalore,55694,80,8,45,1361,281,Electronics,1
1709,54,Male,Delhi,144232,7,7,27,1229,126,Sports,1
1710,46,Male,Hyderabad,125586,4,3,49,4537,8,Fashion,0
1711,39,Female,Bangalore,101171,91,3,17,4457,350,Sports,1
1712,21,Female,Chennai,134151,52,3,48,2939,340,Sports,0
1713,37,Female,Bangalore,106296,89,1,21,1178,324,Sports,0
1714,49,Female,Delhi,29490,31,1,40,717,176,Home,0
1715,53,Male,Bangalore,41252,75,6,31,982,228,Electronics,1
1716,21,Male,Hyderabad,125290,84,1,3,3031,323,Beauty,0
1717,44,Female,Hyderabad,26862,36,5,17,4380,18,Fashion,0
1718,34,Female,Chennai,130463,54,4,26,337,56,Sports,0
1719,29,Female,Mumbai,89959,54,5,23,953,35,Electronics,0
1720,39,Female,Delhi,30450,17,7,6,3153,118,Fashion,1
1721,34,Female,Delhi,76022,75,6,28,2655,282,Beauty,0
1722,27,Female,Mumbai,147898,30,9,8,3034,254,Beauty,1
1723,18,Female,Hyderabad,81991,99,6,45,779,213,Sports,0
1724,39,Female,Hyderabad,60927,22,9,8,3455,61,Beauty,0
1725,43,Female,Bangalore,120377,43,4,19,3466,88,Beauty,0
1726,35,Male,Chennai,108090,27,1,38,4849,271,Fashion,0
1727,31,Female,Chennai,69853,37,1,29,595,347,Fashion,0
1728,64,Male,Chennai,51826,46,7,23,2137,32,Sports,0
1729,46,Male,Bangalore,62879,35,3,47,2789,133,Electronics,0
1730,29,Female,Chennai,77265,4,2,32,3234,64,Sports,1
1731,53,Female,Mumbai,92361,80,6,10,369,199,Home,0
1732,52,Male,Bangalore,128956,80,6,27,2537,256,Beauty,0
1733,29,Male,Mumbai,97990,85,7,49,3439,342,Electronics,0
1734,24,Female,Bangalore,109787,26,5,1,3615,155,Fashion,0
1735,46,Male,Chennai,106184,100,8,39,3768,231,Home,0
1736,28,Female,Mumbai,60736,19,7,29,3416,301,Home,1
1737,50,Female,Mumbai,44530,81,2,45,3684,35,Beauty,0
1738,23,Female,Mumbai,98052,45,1,3,2041,26,Fashion,1
1739,64,Male,Bangalore,67058,26,9,47,3960,23,Electronics,1
1740,32,Male,Delhi,126080,22,5,37,4752,141,Fashion,0
1741,49,Female,Chennai,94094,58,5,31,3226,285,Beauty,0
1742,28,Male,Mumbai,94255,63,4,11,4165,320,Home,0
1743,40,Male,Delhi,24886,28,2,22,1801,156,Beauty,0
1744,43,Male,Chennai,146598,65,5,18,1346,113,Sports,1
1745,51,Male,Chennai,113721,44,2,35,4526,139,Home,1
1746,63,Male,Mumbai,138623,100,7,6,2884,209,Beauty,0
1747,51,Male,Mumbai,57387,43,9,3,311,323,Electronics,0
1748,46,Male,Bangalore,41575,37,9,5,792,364,Electronics,1
1749,21,Female,Delhi,132260,66,6,9,2639,86,Electronics,0
1750,34,Male,Delhi,128649,17,1,28,1438,285,Sports,1
1751,52,Male,Mumbai,59643,40,6,19,2994,60,Fashion,1
1752,30,Male,Chennai,30100,38,5,28,2614,54,Electronics,0
1753,58,Male,Mumbai,80356,85,4,27,2329,93,Sports,0
1754,56,Male,Chennai,27856,61,6,13,3053,325,Electronics,0
1755,32,Male,Chennai,58169,9,6,38,3069,265,Sports,0
1756,46,Male,Mumbai,48804,77,6,43,3798,213,Electronics,0
1757,46,Male,Hyderabad,149557,75,2,21,4003,333,Fashion,0
1758,28,Female,Delhi,55790,61,7,27,1726,10,Beauty,1
1759,49,Male,Chennai,50988,80,4,46,2169,358,Electronics,0
1760,19,Male,Chennai,129979,16,9,6,1151,203,Beauty,0
1761,64,Male,Hyderabad,96448,2,2,38,1702,196,Electronics,0
1762,31,Male,Bangalore,58506,72,5,49,4667,58,Fashion,0
1763,37,Female,Hyderabad,133430,43,4,11,3536,256,Beauty,0
1764,39,Female,Hyderabad,107904,42,9,47,309,223,Sports,0
1765,28,Female,Chennai,87306,77,4,41,4186,180,Electronics,0
1766,44,Female,Delhi,32305,57,8,17,2554,362,Electronics,0
1767,20,Female,Hyderabad,29969,81,8,39,425,35,Sports,0
1768,34,Female,Bangalore,32404,88,6,7,3211,359,Fashion,0
1769,61,Female,Mumbai,28989,67,6,30,4326,103,Home,0
1770,45,Female,Hyderabad,85305,30,8,21,813,161,Electronics,0
1771,46,Female,Hyderabad,55983,13,9,1,298,200,Sports,1
1772,38,Female,Bangalore,130284,19,5,25,1010,160,Home,0
1773,64,Female,Delhi,59462,7,1,32,3537,183,Electronics,0
1774,33,Female,Hyderabad,39360,9,1,8,2899,353,Beauty,1
1775,54,Female,Hyderabad,105657,83,2,5,1219,136,Sports,0
1776,37,Female,Delhi,46287,54,5,30,3225,226,Beauty,1
1777,23,Female,Bangalore,85472,86,4,8,3728,243,Fashion,0
1778,36,Female,Hyderabad,135440,82,1,49,4086,106,Home,0
1779,22,Male,Delhi,128965,61,4,19,3179,71,Sports,0
1780,20,Female,Hyderabad,81313,87,4,44,3540,77,Electronics,0
1781,18,Male,Mumbai,54160,2,4,30,996,54,Electronics,0
1782,55,Female,Chennai,26789,50,1,15,2157,277,Home,0
1783,32,Female,Mumbai,47181,75,9,36,3266,111,Beauty,0
1784,51,Male,Hyderabad,34385,31,3,44,3220,224,Beauty,1
1785,52,Female,Bangalore,102597,33,4,27,2880,75,Sports,0
1786,42,Male,Chennai,85641,78,5,13,4641,14,Sports,0
1787,41,Male,Mumbai,64247,80,7,14,3148,258,Beauty,0
1788,29,Male,Delhi,106673,11,6,37,3931,189,Sports,0
1789,35,Female,Bangalore,120250,33,5,48,1301,364,Beauty,1
1790,32,Female,Mumbai,25544,7,8,30,1237,239,Home,0
1791,61,Female,Delhi,135783,31,1,39,4431,334,Sports,0
1792,33,Male,Hyderabad,33275,48,7,47,991,304,Beauty,0
1793,44,Male,Delhi,125289,47,6,13,4374,91,Sports,1
1794,25,Female,Mumbai,83248,78,5,16,1978,184,Electronics,0
1795,63,Female,Mumbai,54550,92,7,44,1181,17,Electronics,0
1796,42,Female,Hyderabad,73693,53,3,7,1465,12,Fashion,0
1797,34,Female,Delhi,148924,80,1,48,943,166,Beauty,0
1798,46,Female,Delhi,39641,19,9,27,2631,146,Fashion,0
1799,25,Male,Hyderabad,91749,81,2,45,574,282,Beauty,0
1800,32,Male,Delhi,144877,90,3,35,1953,37,Sports,1
1801,44,Male,Hyderabad,100021,6,8,15,4097,70,Beauty,0
1802,63,Female,Bangalore,35605,49,9,28,2736,169,Electronics,0
1803,24,Male,Mumbai,123173,73,3,35,2191,335,Sports,0
1804,20,Male,Bangalore,70713,50,6,7,3128,170,Electronics,0
1805,46,Male,Chennai,40390,81,7,46,3646,253,Sports,0
1806,61,Male,Chennai,95403,95,1,46,791,346,Beauty,0
1807,41,Male,Chennai,78466,12,7,20,4828,297,Beauty,0
1808,20,Female,Hyderabad,23981,23,4,32,2769,142,Electronics,0
1809,37,Male,Delhi,29493,54,5,38,3072,273,Home,0
1810,63,Female,Bangalore,91218,69,8,40,1376,225,Beauty,0
1811,32,Female,Bangalore,91318,100,4,32,1535,183,Home,0
1812,42,Female,Bangalore,135631,59,4,26,4893,221,Sports,0
1813,47,Female,Bangalore,139238,36,8,39,312,53,Home,0
1814,31,Female,Chennai,115335,3,5,20,3972,118,Electronics,0
1815,24,Male,Bangalore,127441,58,6,18,2045,159,Fashion,1
1816,34,Male,Delhi,36984,88,5,15,2187,136,Fashion,0
1817,61,Female,Chennai,145580,55,1,22,2185,77,Electronics,0
1818,37,Female,Bangalore,131316,57,7,22,3492,336,Fashion,1
1819,53,Female,Hyderabad,42760,17,6,21,3442,45,Electronics,0
1820,26,Male,Mumbai,111529,39,2,2,452,18,Beauty,1
1821,55,Female,Mumbai,21524,90,7,40,323,355,Home,0
1822,39,Male,Mumbai,138454,68,6,43,1436,205,Fashion,0
1823,19,Female,Chennai,69402,55,5,18,823,324,Beauty,0
1824,41,Male,Bangalore,111656,45,8,23,3356,83,Fashion,0
1825,25,Female,Chennai,85614,76,5,13,3336,50,Sports,1
1826,28,Male,Delhi,55891,1,2,41,3589,281,Electronics,0
1827,30,Female,Hyderabad,111009,21,6,9,3617,166,Electronics,0
1828,34,Male,Hyderabad,59832,83,1,49,1855,243,Beauty,0
1829,25,Male,Mumbai,65836,21,5,7,1466,164,Sports,0
1830,38,Male,Mumbai,93953,52,6,41,3145,324,Home,0
1831,35,Male,Mumbai,33362,82,7,1,1360,56,Sports,0
1832,47,Male,Bangalore,86745,43,2,2,2494,39,Sports,0
1833,35,Male,Delhi,57921,52,1,4,640,319,Home,1
1834,63,Male,Delhi,90434,67,6,14,2292,128,Home,0
1835,64,Female,Delhi,147717,44,3,32,2905,122,Sports,0
1836,48,Female,Delhi,38562,32,5,36,3959,247,Fashion,0
1837,55,Female,Mumbai,84510,10,2,2,753,186,Fashion,1
1838,49,Female,Hyderabad,96407,64,1,40,1312,208,Sports,0
1839,28,Female,Mumbai,27610,79,1,14,2977,315,Fashion,0
1840,62,Male,Delhi,129381,69,4,20,2033,304,Home,1
1841,42,Male,Mumbai,112918,68,2,25,1514,239,Home,0
1842,50,Male,Delhi,35791,28,1,42,3693,215,Fashion,0
1843,55,Male,Chennai,78047,53,6,49,3338,292,Home,0
1844,58,Male,Hyderabad,120848,51,4,8,3312,224,Electronics,1
1845,25,Female,Chennai,123826,53,7,28,298,88,Home,1
1846,28,Female,Bangalore,87906,4,6,46,4125,25,Sports,1
1847,39,Female,Mumbai,39665,79,5,21,1679,220,Beauty,0
1848,41,Female,Bangalore,90246,17,2,23,4596,275,Fashion,0
1849,58,Male,Mumbai,85864,67,5,32,1422,135,Fashion,0
1850,34,Male,Chennai,66451,74,9,8,4783,233,Home,1
1851,29,Male,Delhi,123883,47,9,31,1204,66,Home,1
1852,63,Female,Delhi,106148,56,2,37,676,80,Beauty,0
1853,49,Male,Mumbai,65890,23,7,16,1335,255,Beauty,0
1854,32,Female,Delhi,26794,18,4,40,3056,125,Sports,0
1855,33,Male,Chennai,52888,1,3,42,1905,146,Electronics,0
1856,39,Male,Delhi,26749,35,1,27,717,103,Sports,0
1857,45,Female,Chennai,66531,64,3,40,1420,277,Fashion,0
1858,37,Male,Bangalore,135652,58,9,41,2706,124,Home,0
1859,50,Male,Chennai,40608,95,9,18,4525,267,Sports,0
1860,27,Female,Hyderabad,100986,59,7,35,1391,278,Home,1
1861,57,Male,Hyderabad,89211,1,3,49,4080,111,Home,1
1862,49,Female,Hyderabad,140382,3,3,15,3443,313,Sports,1
1863,50,Male,Mumbai,103996,67,4,27,2177,89,Sports,0
1864,19,Male,Mumbai,76017,37,7,17,2442,158,Beauty,0
1865,50,Male,Mumbai,123947,83,7,40,3290,216,Electronics,0
1866,50,Male,Chennai,77676,29,2,2,2087,301,Beauty,1
1867,58,Male,Mumbai,31560,89,5,49,4759,36,Electronics,0
1868,30,Male,Bangalore,74401,33,7,31,1173,87,Sports,0
1869,47,Male,Hyderabad,70468,100,7,37,265,118,Electronics,0
1870,50,Male,Chennai,135884,61,6,41,3106,328,Fashion,1
1871,30,Female,Hyderabad,52463,93,8,41,770,182,Beauty,0
1872,43,Female,Mumbai,51663,90,3,34,4092,68,Beauty,0
1873,39,Male,Chennai,133687,4,1,34,507,359,Beauty,0
1874,56,Male,Delhi,88706,14,3,3,3608,159,Home,1
1875,19,Female,Bangalore,78773,91,2,17,3942,285,Home,0
1876,55,Male,Mumbai,53123,33,2,14,982,164,Sports,0
1877,56,Male,Mumbai,114346,22,2,14,4416,361,Sports,0
1878,43,Female,Bangalore,29718,48,5,46,965,73,Home,0
1879,63,Male,Bangalore,146777,3,1,38,3675,119,Beauty,0
1880,32,Male,Delhi,82637,87,4,35,972,341,Home,0
1881,51,Female,Mumbai,20028,85,5,1,4057,195,Electronics,0
1882,59,Male,Mumbai,82370,23,2,48,3385,89,Beauty,1
1883,61,Male,Hyderabad,67599,68,5,29,739,345,Home,0
1884,57,Female,Chennai,37397,21,4,4,2249,76,Sports,1
1885,28,Male,Chennai,129198,43,8,33,3483,221,Home,0
1886,20,Female,Hyderabad,127323,95,1,17,4875,139,Fashion,0
1887,23,Male,Chennai,65406,85,5,28,1863,241,Home,1
1888,26,Male,Bangalore,67657,26,1,26,1247,154,Beauty,0
1889,23,Female,Chennai,87560,41,4,8,4036,53,Home,0
1890,26,Female,Chennai,143178,99,8,34,3639,142,Sports,0
1891,56,Male,Hyderabad,124143,38,1,18,705,320,Electronics,1
1892,48,Female,Delhi,144745,88,2,31,3447,31,Fashion,0
1893,49,Female,Chennai,146896,11,1,27,3700,223,Beauty,0
1894,58,Male,Chennai,33503,29,7,16,2110,292,Sports,1
1895,29,Male,Delhi,74943,60,2,10,932,266,Fashion,0
1896,25,Male,Hyderabad,95839,67,1,40,3713,282,Home,0
1897,25,Female,Delhi,102674,65,6,12,1771,276,Fashion,0
1898,45,Female,Hyderabad,45345,61,6,22,4809,44,Electronics,1
1899,37,Female,Bangalore,138423,19,2,16,3142,62,Fashion,0
1900,64,Female,Hyderabad,70390,46,1,12,4656,201,Fashion,0
1901,24,Male,Bangalore,115041,49,3,11,2521,335,Home,0
1902,28,Female,Bangalore,79557,22,5,20,3535,9,Home,1
1903,37,Male,Hyderabad,85054,78,6,1,4822,71,Beauty,1
1904,33,Female,Mumbai,21906,57,3,27,4574,90,Home,0
1905,21,Male,Hyderabad,60167,14,9,3,2953,24,Fashion,0
1906,23,Male,Chennai,27961,44,5,12,1572,140,Electronics,1
1907,39,Male,Chennai,46140,16,2,30,1644,316,Home,0
1908,43,Female,Mumbai,144098,97,6,9,3576,340,Beauty,1
1909,20,Male,Bangalore,139289,77,8,37,489,78,Beauty,0
1910,58,Male,Mumbai,78701,12,6,1,2265,214,Fashion,0
1911,59,Female,Chennai,97567,55,4,42,263,16,Home,0
1912,31,Male,Mumbai,100664,51,6,49,4145,29,Home,0
1913,28,Female,Hyderabad,101199,39,8,4,529,291,Beauty,0
1914,35,Female,Mumbai,149856,33,8,15,2163,43,Home,0
1915,29,Male,Bangalore,119764,33,2,27,3288,352,Fashion,0
1916,40,Male,Hyderabad,101218,29,8,8,2690,53,Electronics,0
1917,29,Female,Delhi,142357,69,6,23,340,276,Fashion,0
1918,30,Male,Chennai,100729,70,2,15,4739,232,Home,0
1919,42,Female,Chennai,48561,31,1,27,2673,212,Fashion,1
1920,62,Female,Mumbai,70568,80,6,31,4103,8,Sports,0
1921,36,Female,Hyderabad,129349,31,7,39,649,122,Sports,0
1922,63,Male,Delhi,93302,89,5,47,2025,42,Home,0
1923,53,Female,Hyderabad,115380,46,8,8,4646,333,Home,0
1924,62,Male,Chennai,114968,97,9,30,4894,233,Electronics,0
1925,25,Male,Hyderabad,49504,77,4,42,1069,70,Fashion,1
1926,46,Male,Delhi,136116,52,7,18,3764,16,Electronics,1
1927,49,Male,Mumbai,57146,10,8,4,3859,69,Home,0
1928,61,Female,Bangalore,60297,88,6,47,3802,53,Home,1
1929,35,Male,Hyderabad,106394,74,2,43,592,173,Beauty,0
1930,23,Female,Bangalore,147173,41,7,22,1041,262,Electronics,0
1931,35,Female,Chennai,145942,95,9,3,2648,289,Home,0
1932,36,Male,Mumbai,88607,77,5,15,2991,15,Sports,0
1933,39,Female,Mumbai,36939,3,2,35,3153,270,Beauty,0
1934,54,Female,Hyderabad,110467,59,4,47,1558,167,Fashion,0
1935,49,Male,Mumbai,70715,52,3,38,1190,63,Beauty,0
1936,58,Female,Hyderabad,64460,34,4,33,1238,261,Fashion,1
1937,20,Female,Hyderabad,86576,49,7,14,227,121,Sports,0
1938,45,Female,Bangalore,88222,28,8,48,587,346,Fashion,0
1939,27,Female,Mumbai,32666,83,1,1,1032,240,Electronics,0
1940,52,Male,Hyderabad,82119,87,8,49,449,107,Fashion,1
1941,46,Female,Bangalore,55321,96,5,26,2227,180,Fashion,1
1942,32,Female,Delhi,21779,13,7,8,1728,16,Beauty,0
1943,50,Female,Bangalore,33186,97,1,16,4393,355,Sports,1
1944,24,Female,Bangalore,36459,98,2,38,2038,309,Fashion,1
1945,29,Male,Hyderabad,106246,97,1,10,1560,215,Electronics,0
1946,47,Female,Chennai,107755,69,5,42,3309,77,Beauty,0
1947,38,Male,Chennai,25057,67,6,37,1523,225,Sports,0
1948,48,Female,Chennai,80663,61,9,26,2426,93,Sports,0
1949,41,Male,Bangalore,38733,60,8,28,3880,181,Home,0
1950,37,Male,Hyderabad,39157,71,7,12,1091,174,Electronics,1
1951,54,Male,Mumbai,55030,24,5,20,1505,354,Beauty,0
1952,21,Male,Bangalore,39613,63,3,49,4748,354,Beauty,0
1953,45,Male,Bangalore,128612,86,9,14,4392,219,Electronics,0
1954,61,Female,Hyderabad,135080,61,5,46,461,143,Sports,0
1955,37,Female,Delhi,103028,23,3,35,2540,315,Fashion,0
1956,41,Female,Bangalore,106282,30,3,29,1993,282,Electronics,0
1957,49,Male,Delhi,25188,60,3,12,2496,259,Beauty,0
1958,58,Female,Delhi,127106,18,6,18,2492,356,Electronics,1
1959,53,Male,Chennai,148346,96,1,44,2370,47,Sports,0
1960,51,Male,Hyderabad,49680,56,4,2,524,5,Home,1
1961,53,Female,Delhi,123361,53,8,2,1185,62,Home,0
1962,19,Female,Hyderabad,80119,7,3,17,4982,84,Fashion,0
1963,32,Male,Chennai,122302,97,5,10,4052,133,Fashion,0
1964,51,Male,Hyderabad,94400,69,2,18,1939,336,Sports,0
1965,53,Female,Bangalore,75718,92,2,22,2060,63,Fashion,0
1966,23,Female,Delhi,56445,72,7,19,3337,281,Home,0
1967,56,Female,Hyderabad,25796,79,3,1,4098,44,Sports,0
1968,59,Female,Mumbai,67218,52,5,24,1035,153,Sports,0
1969,29,Male,Hyderabad,59131,4,3,36,4354,270,Sports,0
1970,20,Female,Delhi,28123,34,6,25,2978,342,Electronics,0
1971,62,Female,Chennai,28222,69,3,36,1596,171,Fashion,0
1972,35,Female,Chennai,44074,33,8,31,1876,156,Beauty,1
1973,57,Male,Delhi,131958,69,2,31,4531,275,Home,1
1974,38,Male,Bangalore,136088,38,3,2,4513,358,Fashion,1
1975,32,Male,Bangalore,49825,98,8,19,2037,20,Home,0
1976,50,Male,Chennai,56839,26,8,12,3921,214,Fashion,0
1977,52,Female,Chennai,127112,1,1,10,3872,79,Beauty,1
1978,43,Male,Delhi,147514,4,8,31,3222,139,Home,0
1979,25,Female,Bangalore,88322,39,2,45,4884,98,Beauty,0
1980,53,Female,Chennai,76321,54,7,22,1871,152,Home,0
1981,47,Female,Bangalore,119174,90,6,23,1116,198,Electronics,0
1982,40,Female,Chennai,122500,33,2,23,1117,273,Electronics,0
1983,59,Male,Hyderabad,130100,33,5,15,1333,156,Home,0
1984,61,Male,Mumbai,45988,72,7,26,2036,50,Home,0
1985,31,Male,Hyderabad,55507,20,8,3,2338,228,Beauty,0
1986,31,Female,Chennai,119244,16,3,23,4207,10,Sports,1
1987,19,Female,Mumbai,118644,21,1,20,2105,149,Home,0
1988,54,Female,Mumbai,145788,45,7,45,4189,58,Fashion,0
1989,22,Female,Chennai,115251,90,5,40,3685,162,Fashion,0
1990,55,Female,Chennai,43806,87,5,39,4997,351,Fashion,0
1991,62,Male,Bangalore,56901,82,7,8,2320,107,Electronics,0
1992,58,Female,Chennai,37043,62,1,18,2932,289,Beauty,0
1993,64,Male,Delhi,95761,31,8,41,2969,186,Electronics,0
1994,31,Female,Chennai,29752,42,5,6,1521,46,Fashion,0
1995,56,Female,Delhi,88993,12,8,27,3916,129,Home,1
1996,42,Male,Chennai,62616,65,5,36,3554,318,Fashion,0
1997,37,Male,Bangalore,72127,73,7,15,1728,87,Home,0
1998,19,Female,Delhi,94777,3,3,37,4943,249,Beauty,0
1999,56,Female,Hyderabad,20453,90,2,5,959,329,Sports,1
2000,23,Female,Delhi,95432,9,6,39,3612,257,Home,0
2001,34,Female,Bangalore,142872,51,5,9,1557,277,Electronics,1
2002,42,Male,Delhi,107362,16,9,7,2390,278,Fashion,0
2003,45,Female,Chennai,30976,88,4,41,3681,4,Fashion,0
2004,19,Male,Chennai,134176,78,3,20,1148,65,Fashion,0
2005,52,Female,Bangalore,119122,3,9,10,2279,202,Home,0
2006,54,Male,Mumbai,90404,98,8,26,1966,63,Beauty,0
2007,22,Male,Chennai,101932,97,6,4,227,143,Home,0
2008,18,Female,Hyderabad,117170,24,1,38,2670,244,Electronics,0
2009,57,Male,Bangalore,97707,73,1,24,2738,292,Fashion,0
2010,29,Female,Delhi,109647,13,6,14,359,285,Home,0
2011,53,Male,Delhi,53688,2,3,41,3092,180,Fashion,1
2012,62,Female,Hyderabad,106840,71,3,1,4313,174,Electronics,1
2013,40,Male,Chennai,137106,21,6,17,3922,325,Sports,0
2014,64,Female,Bangalore,127810,19,3,45,3931,111,Sports,1
2015,48,Female,Hyderabad,124779,89,6,24,2671,175,Sports,0
2016,28,Male,Chennai,113789,47,5,27,1770,153,Fashion,0
2017,27,Male,Bangalore,116516,22,4,7,1036,356,Home,0
2018,20,Male,Delhi,22017,75,8,9,4138,217,Fashion,0
2019,31,Male,Bangalore,27957,33,2,43,2486,297,Beauty,0
2020,33,Female,Mumbai,134534,32,7,35,3605,240,Home,0
2021,27,Male,Bangalore,127724,64,4,12,2870,226,Electronics,0
2022,46,Female,Mumbai,24792,85,2,21,4312,186,Sports,0
2023,27,Male,Bangalore,75982,39,7,3,4947,48,Home,1
2024,29,Female,Mumbai,33237,84,1,15,4555,208,Home,1
2025,47,Female,Delhi,71586,72,4,21,1827,157,Sports,0
2026,58,Female,Chennai,101787,42,9,10,2066,225,Electronics,0
2027,18,Female,Mumbai,39252,9,4,33,404,144,Fashion,0
2028,22,Male,Mumbai,30707,25,3,46,3779,111,Fashion,0
2029,37,Male,Delhi,54206,89,2,6,3374,318,Home,0
2030,25,Female,Mumbai,114276,97,3,2,991,363,Sports,0
2031,60,Male,Hyderabad,23543,2,1,29,4292,362,Beauty,0
2032,29,Male,Delhi,64135,19,8,40,3947,132,Electronics,0
2033,18,Female,Hyderabad,136469,20,1,33,1305,113,Fashion,1
2034,37,Male,Delhi,133824,93,3,4,1290,324,Electronics,1
2035,45,Male,Mumbai,124647,70,3,4,1807,89,Electronics,0
2036,60,Male,Hyderabad,55031,17,2,29,2039,161,Electronics,0
2037,54,Female,Mumbai,62929,89,5,37,3597,334,Sports,1
2038,64,Male,Delhi,85747,68,3,20,266,75,Sports,0
2039,54,Female,Mumbai,77851,94,3,41,4979,281,Sports,0
2040,29,Male,Hyderabad,75311,84,8,23,1478,7,Home,0
2041,54,Male,Hyderabad,132113,3,4,45,4358,113,Sports,0
2042,61,Male,Mumbai,125331,87,4,18,1013,36,Home,1
2043,45,Female,Bangalore,85867,51,3,49,602,266,Fashion,0
2044,64,Female,Delhi,108780,82,1,25,2202,113,Fashion,0
2045,32,Male,Delhi,77196,26,8,1,4366,292,Fashion,0
2046,23,Female,Mumbai,93705,56,1,15,3125,223,Fashion,0
2047,61,Male,Bangalore,77894,100,7,34,3193,211,Fashion,0
2048,37,Female,Hyderabad,107640,64,5,48,1286,18,Sports,0
2049,31,Female,Chennai,127437,8,4,20,4540,241,Beauty,0
2050,19,Male,Chennai,34591,81,4,37,2766,134,Sports,0
2051,26,Male,Mumbai,117247,95,8,27,4688,220,Beauty,0
2052,54,Male,Bangalore,68893,37,6,22,971,102,Sports,0
2053,37,Male,Bangalore,20727,97,1,5,3872,140,Fashion,0
2054,43,Female,Delhi,41359,27,8,34,3448,169,Electronics,0
2055,46,Female,Hyderabad,63822,45,2,39,1869,191,Beauty,0
2056,18,Female,Bangalore,121547,4,6,3,1756,25,Electronics,0
2057,52,Male,Chennai,135336,86,9,17,3158,33,Fashion,0
2058,23,Male,Hyderabad,123399,90,1,24,1351,343,Beauty,1
2059,54,Female,Hyderabad,132113,96,6,24,1417,329,Electronics,0
2060,22,Male,Mumbai,108534,88,8,3,2431,6,Sports,0
2061,50,Female,Bangalore,30929,99,2,45,4542,194,Fashion,0
2062,31,Female,Mumbai,148588,37,5,7,4144,230,Sports,0
2063,29,Female,Bangalore,80091,96,6,25,2242,137,Sports,0
2064,59,Female,Delhi,100378,71,5,3,905,323,Fashion,0
2065,37,Female,Mumbai,43519,33,3,15,2869,216,Beauty,0
2066,41,Male,Mumbai,37393,31,4,29,2313,349,Home,0
2067,60,Male,Chennai,54318,55,7,29,3177,364,Home,0
2068,51,Male,Mumbai,94531,12,4,10,4549,183,Fashion,0
2069,42,Female,Bangalore,114192,11,9,32,4578,168,Home,0
2070,46,Female,Chennai,67934,88,2,23,622,282,Electronics,0
2071,56,Female,Mumbai,125796,72,5,39,2221,38,Beauty,1
2072,48,Female,Mumbai,130805,32,8,9,3993,163,Sports,1
2073,64,Male,Delhi,101103,57,5,37,4331,142,Sports,0
2074,60,Male,Mumbai,48840,38,8,40,730,248,Fashion,0
2075,40,Female,Hyderabad,138089,60,8,14,290,103,Sports,0
2076,61,Female,Chennai,109367,86,9,4,3572,199,Electronics,0
2077,55,Female,Hyderabad,33265,98,6,20,2142,200,Electronics,0
2078,37,Male,Chennai,25424,19,4,28,4005,42,Fashion,0
2079,40,Male,Delhi,40625,84,3,14,1440,147,Sports,0
2080,62,Male,Mumbai,99622,56,5,44,1958,66,Home,0
2081,33,Female,Mumbai,49187,14,6,34,297,193,Home,0
2082,59,Female,Mumbai,55929,33,3,13,1679,298,Beauty,1
2083,25,Male,Chennai,81892,10,2,31,4826,38,Fashion,0
2084,38,Female,Mumbai,40539,80,7,33,2032,141,Beauty,0
2085,18,Male,Hyderabad,76630,64,5,39,2785,106,Home,0
2086,25,Female,Mumbai,110639,64,9,28,3847,152,Home,0
2087,46,Male,Delhi,113410,62,3,25,279,352,Home,0
2088,49,Female,Hyderabad,29215,68,8,32,4909,326,Beauty,0
2089,55,Male,Mumbai,59385,91,6,9,2423,38,Fashion,0
2090,22,Male,Mumbai,107580,92,4,28,2769,97,Electronics,0
2091,64,Male,Bangalore,97462,43,9,31,1972,108,Electronics,0
2092,39,Male,Chennai,133396,80,5,17,4718,119,Home,0
2093,64,Male,Hyderabad,117037,59,6,23,1323,151,Fashion,0
2094,51,Male,Bangalore,115310,52,9,13,4011,74,Fashion,0
2095,18,Female,Delhi,45008,97,7,10,3674,57,Sports,0
2096,43,Female,Chennai,68928,19,5,16,2823,335,Sports,0
2097,60,Female,Hyderabad,103096,21,2,6,1603,252,Beauty,0
2098,27,Male,Mumbai,109876,22,4,48,2778,292,Sports,1
2099,47,Male,Hyderabad,44976,9,2,11,531,313,Beauty,0
2100,35,Female,Mumbai,133942,9,3,3,4948,255,Electronics,1
2101,34,Male,Chennai,144984,73,3,28,3808,254,Home,0
2102,43,Male,Mumbai,47626,27,4,41,939,259,Fashion,1
2103,25,Male,Delhi,118256,17,6,15,4806,270,Electronics,0
2104,64,Male,Mumbai,120537,44,3,13,241,34,Electronics,1
2105,57,Male,Delhi,79789,45,1,42,4078,326,Beauty,0
2106,29,Female,Chennai,24700,8,1,45,2149,325,Home,0
2107,44,Female,Chennai,129331,80,9,17,3660,238,Beauty,0
2108,25,Female,Hyderabad,83645,18,9,7,2328,179,Electronics,1
2109,42,Female,Delhi,140594,33,5,28,4697,104,Fashion,0
2110,63,Female,Delhi,93396,1,9,38,2354,29,Sports,0
2111,21,Male,Bangalore,27526,76,7,13,1437,227,Beauty,0
2112,50,Male,Bangalore,123863,6,9,17,1966,232,Electronics,0
2113,18,Male,Bangalore,59500,41,7,15,2041,304,Sports,0
2114,36,Male,Mumbai,88049,55,9,36,705,350,Sports,0
2115,48,Female,Bangalore,93366,5,2,28,2041,335,Electronics,1
2116,33,Female,Delhi,100317,59,8,15,1594,117,Home,1
2117,31,Female,Mumbai,79117,80,7,46,456,207,Electronics,0
2118,22,Male,Chennai,76096,18,6,11,1920,185,Fashion,0
2119,58,Female,Hyderabad,27910,49,5,31,1271,138,Sports,0
2120,43,Male,Bangalore,101383,82,4,4,1822,323,Fashion,0
2121,45,Female,Chennai,91185,65,7,35,2266,164,Beauty,0
2122,19,Female,Delhi,70248,83,3,34,1269,75,Sports,1
2123,23,Male,Hyderabad,94656,54,8,27,650,233,Home,0
2124,26,Male,Chennai,21951,61,2,10,1097,284,Electronics,1
2125,50,Female,Hyderabad,85212,8,1,30,3928,255,Beauty,1
2126,58,Female,Bangalore,95701,3,2,45,281,9,Fashion,0
2127,42,Male,Delhi,99888,25,9,20,936,203,Beauty,1
2128,30,Female,Hyderabad,95282,69,5,29,4374,305,Home,0
2129,26,Female,Chennai,129274,55,8,29,4144,91,Electronics,0
2130,30,Male,Bangalore,114533,40,3,23,2407,332,Beauty,0
2131,48,Female,Bangalore,61954,83,7,21,4148,150,Fashion,0
2132,58,Male,Chennai,109719,82,2,48,2202,360,Beauty,0
2133,28,Female,Chennai,28804,50,8,43,1891,176,Electronics,0
2134,21,Male,Hyderabad,112705,95,7,10,1379,33,Beauty,0
2135,51,Female,Mumbai,20595,33,5,41,3135,184,Fashion,0
2136,55,Male,Bangalore,49592,18,4,12,2715,157,Electronics,0
2137,63,Female,Hyderabad,60643,57,1,30,661,53,Home,0
2138,21,Male,Chennai,143721,16,5,33,3101,296,Home,0
2139,55,Female,Hyderabad,82665,80,9,18,316,202,Sports,0
2140,36,Female,Chennai,40823,38,4,14,1854,274,Beauty,0
2141,23,Female,Delhi,25972,41,9,22,4761,175,Fashion,0
2142,51,Female,Chennai,35882,7,2,21,1998,244,Beauty,1
2143,35,Female,Chennai,86394,78,4,1,859,269,Electronics,0
2144,30,Female,Chennai,91055,53,9,49,3437,74,Sports,0
2145,58,Female,Mumbai,43769,63,4,43,2322,96,Fashion,0
2146,40,Female,Chennai,45020,89,5,15,4019,361,Beauty,0
2147,36,Female,Bangalore,62748,32,8,36,3543,173,Fashion,0
2148,62,Male,Bangalore,122621,38,1,47,2750,155,Electronics,0
2149,28,Male,Hyderabad,105374,22,1,22,1786,183,Sports,1
2150,18,Female,Mumbai,64912,16,9,32,4882,323,Fashion,0
2151,41,Male,Hyderabad,32879,52,9,46,2947,289,Electronics,0
2152,24,Female,Bangalore,53798,29,4,33,834,258,Home,1
2153,42,Female,Bangalore,127791,16,2,41,3082,75,Fashion,0
2154,38,Male,Delhi,109826,76,9,39,3011,174,Sports,1
2155,32,Female,Chennai,66073,17,4,23,4653,330,Fashion,0
2156,18,Female,Bangalore,95791,64,6,43,4215,231,Fashion,0
2157,29,Male,Hyderabad,86983,91,1,2,2939,247,Electronics,0
2158,24,Male,Hyderabad,63005,89,9,2,2084,161,Beauty,0
2159,32,Female,Chennai,114731,13,5,38,1718,186,Beauty,1
2160,38,Male,Chennai,22850,72,3,29,821,143,Fashion,0
2161,36,Male,Delhi,48400,56,4,46,4777,282,Sports,0
2162,46,Female,Mumbai,144948,5,1,3,1737,128,Sports,0
2163,42,Male,Hyderabad,31953,12,9,39,2537,166,Electronics,0
2164,50,Male,Chennai,126410,41,8,7,2194,27,Fashion,0
2165,49,Female,Hyderabad,145155,3,4,36,2270,246,Fashion,1
2166,52,Male,Chennai,43535,99,2,29,2565,135,Beauty,1
2167,61,Male,Bangalore,95536,33,9,37,3045,202,Electronics,0
2168,55,Female,Hyderabad,95039,86,4,49,3238,21,Home,0
2169,43,Female,Bangalore,141640,50,9,36,1054,79,Sports,0
2170,28,Female,Hyderabad,101029,56,3,23,2928,158,Sports,1
2171,52,Male,Mumbai,24055,9,7,45,1115,94,Fashion,1
2172,25,Female,Delhi,58170,82,7,16,331,8,Electronics,0
2173,63,Female,Bangalore,145331,50,4,48,1316,339,Home,1
2174,31,Male,Chennai,117944,29,2,31,3793,259,Sports,0
2175,27,Female,Mumbai,127585,39,9,34,1060,55,Electronics,0
2176,19,Female,Hyderabad,119976,91,4,1,493,36,Home,1
2177,63,Female,Bangalore,48251,100,8,18,2888,6,Fashion,0
2178,26,Female,Hyderabad,24532,45,2,40,1199,42,Beauty,0
2179,20,Male,Hyderabad,24924,17,8,43,2496,50,Sports,0
2180,38,Female,Hyderabad,68037,56,5,15,3885,112,Sports,0
2181,43,Female,Delhi,98082,98,7,48,486,146,Home,0
2182,25,Male,Delhi,112115,46,7,49,649,230,Beauty,1
2183,19,Female,Chennai,91621,67,9,17,2538,211,Electronics,0
2184,23,Male,Bangalore,97926,69,3,44,3440,306,Fashion,1
2185,45,Male,Mumbai,98816,14,4,10,2903,30,Electronics,0
2186,46,Male,Mumbai,109654,67,4,20,3316,295,Home,0
2187,43,Female,Mumbai,90400,23,5,6,4771,116,Sports,1
2188,42,Male,Hyderabad,127620,94,6,8,452,226,Sports,0
2189,29,Male,Delhi,119525,61,3,45,1619,59,Electronics,0
2190,22,Male,Bangalore,121164,23,4,34,2536,76,Fashion,0
2191,51,Female,Hyderabad,112385,27,3,32,1435,216,Home,0
2192,54,Female,Delhi,113102,54,2,42,1199,132,Fashion,0
2193,32,Female,Delhi,30702,10,9,4,3960,304,Home,1
2194,61,Female,Bangalore,126732,89,1,44,4316,81,Fashion,1
2195,53,Female,Bangalore,35385,77,2,39,4611,305,Electronics,0
2196,32,Female,Bangalore,29336,16,8,20,2811,67,Beauty,1
2197,60,Female,Hyderabad,85421,41,7,24,1646,230,Home,1
2198,40,Male,Chennai,51225,98,1,24,2370,333,Electronics,0
2199,23,Male,Bangalore,56021,55,5,26,3121,277,Sports,0
2200,63,Male,Chennai,23782,61,6,25,3883,361,Sports,0
2201,61,Male,Hyderabad,108877,86,5,36,2461,72,Fashion,0
2202,60,Female,Chennai,135454,81,4,7,2145,209,Sports,0
2203,62,Male,Mumbai,137369,87,1,10,2053,272,Beauty,0
2204,38,Male,Chennai,109630,100,7,47,799,144,Home,0
2205,40,Male,Bangalore,69111,49,9,12,4335,251,Fashion,0
2206,60,Male,Hyderabad,109402,73,6,1,3603,284,Home,0
2207,33,Female,Bangalore,139774,52,3,25,3190,179,Home,0
2208,64,Female,Mumbai,142652,2,4,16,4943,80,Electronics,0
2209,32,Female,Bangalore,104585,96,5,5,4477,57,Sports,1
2210,42,Male,Bangalore,62719,50,1,19,4560,308,Home,0
2211,53,Female,Bangalore,116528,86,5,4,3018,174,Beauty,1
2212,28,Male,Delhi,69037,43,1,6,1062,238,Beauty,1
2213,32,Female,Mumbai,100103,77,9,26,4727,166,Sports,0
2214,21,Female,Bangalore,129987,8,7,49,4255,84,Sports,0
2215,38,Female,Bangalore,145695,59,3,39,1419,48,Fashion,1
2216,30,Female,Bangalore,23513,65,9,39,3995,127,Fashion,0
2217,39,Female,Hyderabad,135183,81,2,9,4804,169,Fashion,1
2218,36,Male,Delhi,33335,12,7,45,4742,354,Sports,1
2219,51,Female,Hyderabad,64140,4,9,14,727,349,Home,0
2220,31,Male,Delhi,124126,77,6,48,3122,67,Electronics,0
2221,21,Male,Bangalore,100373,95,5,9,3404,330,Fashion,0
2222,63,Male,Mumbai,97658,41,7,15,1362,340,Electronics,0
2223,44,Male,Chennai,54840,7,6,37,4964,194,Beauty,0
2224,46,Male,Chennai,51007,87,5,20,3764,155,Sports,0
2225,64,Female,Bangalore,76947,88,2,8,1046,160,Beauty,0
2226,45,Female,Hyderabad,126833,69,8,32,2317,184,Fashion,0
2227,52,Female,Mumbai,138637,69,7,47,3286,266,Home,0
2228,25,Female,Delhi,140721,81,6,21,1970,168,Fashion,0
2229,33,Male,Bangalore,113220,30,5,41,3483,145,Electronics,0
2230,59,Female,Mumbai,46393,73,5,19,2025,186,Fashion,0
2231,53,Female,Mumbai,77480,6,9,29,3523,353,Home,0
2232,47,Male,Delhi,137243,89,1,31,645,262,Home,0
2233,35,Male,Mumbai,108290,19,9,6,1225,274,Sports,0
2234,19,Female,Hyderabad,106335,80,6,4,1971,328,Sports,1
2235,30,Female,Hyderabad,124263,85,4,43,1559,345,Home,1
2236,21,Male,Hyderabad,29107,66,7,29,218,223,Home,0
2237,43,Female,Mumbai,148181,10,9,42,760,42,Electronics,0
2238,42,Female,Hyderabad,25993,16,5,3,671,4,Fashion,0
2239,47,Female,Delhi,116341,37,5,1,227,276,Sports,0
2240,28,Female,Mumbai,113650,79,8,44,759,284,Electronics,1
2241,24,Male,Chennai,123325,77,7,15,2855,193,Fashion,0
2242,48,Male,Mumbai,144980,77,8,47,3436,104,Sports,0
2243,61,Male,Delhi,137595,32,2,21,4753,247,Electronics,1
2244,27,Female,Chennai,72066,47,9,46,1144,300,Beauty,0
2245,56,Female,Mumbai,131850,72,3,31,4148,23,Beauty,0
2246,30,Female,Hyderabad,62942,43,6,7,3856,303,Sports,0
2247,48,Female,Bangalore,36138,82,6,17,3263,13,Electronics,0
2248,24,Female,Bangalore,138558,36,2,19,2179,144,Fashion,0
2249,59,Male,Hyderabad,147408,26,7,39,2916,218,Fashion,0
2250,59,Female,Bangalore,64527,10,9,3,1015,183,Electronics,0
2251,53,Female,Bangalore,29190,31,1,30,2526,351,Beauty,0
2252,37,Male,Hyderabad,112259,97,8,35,2530,242,Electronics,1
2253,21,Female,Hyderabad,139773,29,2,29,1202,193,Beauty,0
2254,24,Male,Mumbai,98422,5,1,14,1742,272,Beauty,0
2255,18,Male,Mumbai,75698,77,8,35,4404,165,Fashion,0
2256,61,Male,Hyderabad,102315,1,2,28,1429,180,Sports,0
2257,62,Male,Delhi,113710,87,6,30,3505,117,Home,0
2258,59,Male,Bangalore,49086,3,6,26,2729,266,Electronics,0
2259,64,Female,Mumbai,37322,67,5,7,1630,38,Beauty,0
2260,30,Male,Bangalore,128132,71,8,39,4112,44,Electronics,0
2261,39,Male,Chennai,145604,100,3,31,1732,351,Sports,0
2262,38,Female,Hyderabad,120814,35,4,5,2092,74,Sports,1
2263,39,Female,Delhi,139324,15,7,35,3324,226,Home,1
2264,45,Male,Chennai,103569,67,7,47,1621,307,Home,0
2265,26,Female,Chennai,105610,93,8,14,590,308,Beauty,0
2266,43,Female,Chennai,148921,30,2,36,3018,348,Home,0
2267,26,Male,Hyderabad,23435,82,2,27,2069,315,Beauty,0
2268,32,Male,Mumbai,121505,75,4,24,3160,13,Fashion,0
2269,27,Female,Hyderabad,73331,43,9,40,1395,12,Beauty,1
2270,41,Male,Mumbai,48942,60,9,29,2805,50,Home,0
2271,59,Male,Chennai,79635,40,4,45,1057,313,Electronics,0
2272,25,Female,Chennai,49059,65,9,22,3427,249,Home,1
2273,41,Male,Delhi,77557,29,3,8,1716,119,Sports,1
2274,33,Male,Mumbai,133457,74,5,15,1353,57,Home,0
2275,43,Male,Chennai,72389,92,9,49,1042,182,Fashion,0
2276,44,Male,Bangalore,73014,95,6,5,1882,264,Beauty,0
2277,54,Male,Delhi,52826,19,3,4,494,106,Sports,0
2278,21,Female,Hyderabad,50297,3,9,11,844,191,Beauty,0
2279,41,Female,Delhi,63890,36,6,18,3833,137,Beauty,0
2280,36,Male,Bangalore,41322,43,4,42,2335,188,Home,1
2281,53,Female,Mumbai,55739,15,4,49,310,120,Electronics,0
2282,56,Male,Hyderabad,29719,97,8,30,783,242,Sports,1
2283,27,Male,Hyderabad,99553,41,7,15,3425,319,Fashion,1
2284,42,Male,Mumbai,28314,90,1,6,1686,72,Fashion,0
2285,35,Male,Delhi,113831,80,6,16,1848,243,Electronics,1
2286,36,Male,Chennai,95164,36,8,47,2581,131,Electronics,0
2287,53,Female,Delhi,127658,97,3,40,305,269,Home,0
2288,27,Female,Bangalore,97028,84,9,9,3753,52,Fashion,1
2289,50,Male,Chennai,56113,77,2,43,1894,62,Sports,0
2290,22,Female,Delhi,137174,33,6,34,1933,119,Electronics,0
2291,64,Male,Mumbai,35357,5,1,27,581,264,Electronics,1
2292,52,Female,Bangalore,118865,78,2,13,2936,239,Electronics,0
2293,61,Male,Bangalore,40365,91,5,36,4556,351,Sports,0
2294,51,Female,Bangalore,59029,87,1,27,1516,255,Fashion,0
2295,50,Male,Chennai,21737,14,8,9,2902,173,Sports,0
2296,38,Male,Hyderabad,94632,68,1,5,4274,309,Sports,1
2297,34,Female,Chennai,105474,83,9,22,1106,237,Home,1
2298,39,Female,Delhi,98218,47,3,31,862,319,Electronics,0
2299,54,Male,Hyderabad,144606,54,2,3,662,95,Fashion,0
2300,32,Female,Delhi,47499,4,1,30,3102,337,Home,0
2301,52,Male,Hyderabad,130027,94,9,21,4880,57,Home,0
2302,45,Female,Chennai,130402,83,4,35,1142,67,Beauty,0
2303,24,Female,Bangalore,148692,95,1,6,357,46,Electronics,0
2304,49,Male,Mumbai,127430,95,1,28,3509,94,Fashion,0
2305,28,Female,Bangalore,66157,9,7,32,1526,138,Fashion,1
2306,27,Female,Chennai,76247,53,2,42,2917,93,Fashion,0
2307,26,Male,Hyderabad,148411,77,7,37,2868,232,Electronics,0
2308,31,Female,Bangalore,61034,78,7,25,2768,49,Fashion,0
2309,30,Male,Chennai,20294,60,9,32,3592,23,Sports,1
2310,42,Male,Delhi,118072,46,7,35,2306,62,Sports,1
2311,19,Male,Mumbai,44596,54,1,22,4999,267,Electronics,1
2312,52,Male,Bangalore,118185,74,8,24,847,329,Fashion,0
2313,24,Male,Hyderabad,31434,95,8,39,3522,118,Beauty,0
2314,38,Female,Delhi,78382,37,4,30,3138,88,Beauty,0
2315,35,Male,Chennai,58098,23,8,32,2683,89,Beauty,0
2316,20,Male,Mumbai,24655,27,4,31,4441,55,Sports,0
2317,59,Female,Hyderabad,103029,70,8,23,3106,153,Beauty,1
2318,56,Female,Chennai,66228,90,5,40,3225,239,Fashion,0
2319,58,Female,Chennai,23771,66,4,33,1575,265,Fashion,0
2320,28,Male,Bangalore,94099,61,6,25,2023,268,Beauty,0
2321,56,Male,Bangalore,140811,77,2,36,444,113,Home,0
2322,41,Male,Hyderabad,76799,51,2,24,2548,166,Beauty,0
2323,63,Female,Chennai,82257,50,2,31,1067,156,Home,0
2324,36,Male,Bangalore,37558,19,9,39,3061,8,Electronics,0
2325,21,Female,Mumbai,119468,1,3,46,679,202,Electronics,1
2326,43,Male,Mumbai,78436,40,4,13,2662,217,Fashion,0
2327,55,Female,Chennai,127779,32,8,10,2135,292,Sports,1
2328,59,Male,Bangalore,144891,22,4,23,3573,50,Fashion,1
2329,49,Male,Hyderabad,143725,93,7,18,3221,107,Fashion,1
2330,56,Male,Hyderabad,112103,66,5,32,3392,9,Sports,0
2331,62,Female,Hyderabad,143400,40,9,33,287,233,Fashion,0
2332,63,Female,Mumbai,52376,38,4,36,1440,188,Sports,0
2333,53,Male,Bangalore,139154,48,3,28,772,323,Fashion,0
2334,57,Male,Bangalore,107458,55,2,16,1013,309,Electronics,1
2335,54,Male,Mumbai,97924,75,1,16,378,338,Home,0
2336,50,Female,Hyderabad,49332,81,6,18,1925,110,Fashion,1
2337,53,Male,Hyderabad,66737,55,2,8,362,145,Home,0
2338,20,Male,Chennai,109031,51,8,42,2840,228,Beauty,0
2339,26,Male,Delhi,93970,60,6,16,1205,309,Fashion,1
2340,25,Male,Bangalore,71952,8,5,11,2548,114,Electronics,0
2341,50,Female,Bangalore,40991,86,2,6,2621,63,Sports,1
2342,23,Female,Bangalore,47472,68,7,1,2955,275,Electronics,0
2343,58,Male,Delhi,79946,75,2,12,4498,124,Home,1
2344,56,Male,Chennai,125566,72,5,38,4342,86,Sports,0
2345,21,Female,Delhi,46849,9,2,28,4758,70,Electronics,1
2346,30,Female,Hyderabad,21541,90,2,45,3941,47,Electronics,0
2347,19,Male,Hyderabad,149237,2,7,17,4703,199,Electronics,0
2348,22,Female,Bangalore,22765,80,9,1,1417,364,Sports,1
2349,61,Female,Mumbai,63074,95,5,32,2674,201,Electronics,1
2350,44,Male,Bangalore,122795,70,7,8,1129,276,Electronics,0
2351,49,Female,Mumbai,49283,85,4,40,516,37,Home,0
2352,38,Female,Delhi,121387,90,2,43,1702,203,Electronics,0
2353,25,Male,Hyderabad,140044,59,3,46,620,130,Electronics,0
2354,55,Male,Mumbai,120161,19,2,24,4558,292,Beauty,0
2355,25,Female,Delhi,20769,28,5,10,1649,64,Sports,0
2356,20,Male,Hyderabad,37806,72,6,47,627,263,Beauty,0
2357,61,Female,Mumbai,110518,14,7,39,596,120,Home,0
2358,20,Male,Bangalore,22972,24,3,39,995,278,Beauty,0
2359,39,Female,Bangalore,38256,44,4,10,306,202,Fashion,0
2360,23,Male,Bangalore,123903,56,8,36,4249,46,Sports,1
2361,19,Female,Delhi,145574,90,4,25,297,168,Electronics,0
2362,40,Female,Bangalore,38653,95,7,10,2103,110,Beauty,0
2363,61,Female,Chennai,123579,51,6,19,3770,46,Beauty,0
2364,19,Male,Hyderabad,106669,32,7,46,3501,212,Electronics,0
2365,55,Male,Delhi,59339,50,1,45,242,28,Electronics,0
2366,34,Female,Bangalore,45757,41,3,15,1777,87,Home,0
2367,52,Female,Hyderabad,123376,66,6,16,4390,291,Beauty,0
2368,51,Male,Mumbai,62399,25,3,2,4483,157,Beauty,0
2369,40,Male,Bangalore,64013,61,7,29,584,265,Fashion,1
2370,47,Male,Hyderabad,117605,66,9,4,3671,265,Fashion,0
2371,25,Male,Chennai,34706,42,3,29,3777,22,Beauty,1
2372,39,Male,Mumbai,58231,65,1,31,3438,256,Fashion,0
2373,61,Male,Chennai,47909,36,6,17,1896,191,Beauty,0
2374,53,Female,Hyderabad,125754,76,1,10,2334,232,Sports,0
2375,22,Male,Chennai,145777,9,1,27,4092,186,Home,0
2376,30,Female,Hyderabad,96631,36,8,41,2736,326,Fashion,0
2377,46,Male,Hyderabad,77572,92,9,15,4521,183,Beauty,0
2378,48,Male,Chennai,105879,38,2,44,2592,202,Fashion,0
2379,64,Female,Hyderabad,83767,33,9,31,4813,65,Home,0
2380,33,Female,Bangalore,46469,42,5,21,4015,43,Sports,0
2381,59,Male,Hyderabad,21313,61,8,41,495,221,Electronics,0
2382,47,Female,Delhi,27847,46,7,46,613,17,Electronics,0
2383,33,Female,Hyderabad,70222,86,7,45,2195,324,Fashion,0
2384,29,Female,Delhi,94702,89,4,26,203,285,Beauty,1
2385,34,Female,Hyderabad,29930,61,2,38,377,183,Home,0
2386,33,Male,Hyderabad,23285,18,5,36,945,44,Sports,0
2387,29,Female,Chennai,143637,70,3,17,4554,188,Sports,0
2388,25,Male,Bangalore,55863,82,9,3,851,263,Sports,0
2389,37,Male,Bangalore,36704,80,6,14,4089,174,Electronics,1
2390,20,Male,Mumbai,38705,15,1,49,3471,54,Home,0
2391,33,Male,Chennai,20555,48,3,13,2682,220,Electronics,0
2392,47,Female,Chennai,41323,72,4,41,489,46,Fashion,1
2393,62,Female,Bangalore,90968,13,9,27,1002,260,Sports,0
2394,40,Male,Chennai,86922,43,6,1,2730,195,Home,0
2395,45,Male,Bangalore,73915,60,4,17,433,347,Sports,1
2396,57,Male,Chennai,129543,57,1,48,607,61,Electronics,0
2397,22,Male,Hyderabad,30619,71,8,34,893,166,Electronics,0
2398,37,Female,Bangalore,92390,17,2,14,1369,160,Electronics,0
2399,57,Male,Bangalore,148918,50,8,17,4857,151,Sports,1
2400,61,Female,Delhi,128500,32,6,3,2677,111,Home,0
2401,18,Male,Chennai,134337,22,8,34,631,37,Home,0
2402,47,Male,Chennai,79274,55,6,40,2744,3,Fashion,0
2403,38,Male,Bangalore,93173,57,5,25,1182,13,Sports,1
2404,37,Male,Hyderabad,41225,13,5,2,3360,162,Fashion,0
2405,23,Female,Hyderabad,131266,47,8,34,3244,344,Fashion,1
2406,39,Female,Hyderabad,46739,87,7,26,4124,332,Fashion,0
2407,35,Female,Chennai,67708,62,8,31,3512,264,Fashion,0
2408,25,Male,Delhi,148041,54,8,9,4518,83,Electronics,0
2409,56,Male,Bangalore,73019,29,7,30,1888,265,Fashion,1
2410,49,Female,Mumbai,96154,22,2,20,667,334,Home,0
2411,50,Female,Delhi,122097,65,9,21,2816,219,Fashion,0
2412,33,Male,Mumbai,27373,29,7,29,1545,146,Electronics,1
2413,29,Male,Delhi,55281,48,6,25,2622,298,Beauty,0
2414,55,Female,Hyderabad,40187,5,9,38,4707,297,Beauty,0
2415,51,Male,Chennai,87863,35,1,44,4921,161,Beauty,0
2416,31,Male,Mumbai,117927,74,2,25,1211,229,Sports,0
2417,53,Female,Delhi,127113,83,1,9,1877,234,Home,1
2418,50,Male,Chennai,104085,71,3,39,3897,89,Electronics,1
2419,40,Female,Mumbai,137996,46,5,44,4266,333,Beauty,0
2420,62,Male,Bangalore,59220,35,1,26,2092,310,Electronics,0
2421,19,Female,Delhi,142755,45,4,37,3069,215,Electronics,0
2422,58,Male,Bangalore,27642,13,8,16,4550,97,Sports,0
2423,38,Female,Hyderabad,99971,10,6,37,1686,213,Beauty,0
2424,19,Female,Bangalore,75556,66,1,12,3539,354,Fashion,0
2425,44,Female,Bangalore,53760,70,1,24,1616,312,Electronics,0
2426,26,Female,Delhi,58192,72,3,26,3046,100,Beauty,0
2427,18,Male,Hyderabad,144257,100,8,20,1557,145,Electronics,0
2428,28,Male,Bangalore,24381,25,8,9,4260,10,Sports,1
2429,20,Female,Chennai,116583,44,3,23,4860,44,Sports,0
2430,40,Male,Mumbai,39558,60,7,39,1591,251,Fashion,0
2431,43,Male,Bangalore,50782,47,3,29,1778,227,Sports,0
2432,21,Male,Hyderabad,24782,40,4,31,3949,249,Beauty,1
2433,35,Male,Bangalore,111417,7,9,19,3825,169,Sports,0
2434,23,Male,Mumbai,74712,46,4,20,2703,130,Fashion,0
2435,52,Female,Hyderabad,125764,23,3,23,3337,19,Home,0
2436,39,Female,Delhi,114945,83,5,43,3109,336,Electronics,0
2437,60,Female,Hyderabad,39462,46,7,27,2864,235,Electronics,1
2438,32,Female,Delhi,80030,86,5,30,599,345,Beauty,0
2439,39,Male,Hyderabad,88519,13,4,21,4582,1,Fashion,0
2440,54,Male,Mumbai,76411,21,8,44,4157,130,Fashion,0
2441,59,Female,Mumbai,75206,1,4,35,2433,27,Fashion,0
2442,29,Male,Hyderabad,117469,19,2,49,1739,2,Electronics,0
2443,64,Male,Bangalore,66950,60,6,7,436,250,Sports,0
2444,59,Female,Mumbai,22523,33,2,22,1127,222,Electronics,0
2445,55,Male,Delhi,80926,4,3,10,4709,138,Electronics,0
2446,35,Female,Delhi,29677,3,1,23,619,275,Electronics,0
2447,62,Female,Chennai,95828,91,5,15,4324,141,Sports,0
2448,52,Male,Delhi,35089,52,9,30,2595,256,Home,0
2449,47,Male,Chennai,24581,99,2,34,860,312,Beauty,0
2450,41,Female,Hyderabad,31907,28,7,13,2823,95,Home,0
2451,59,Female,Hyderabad,25609,70,5,4,4150,173,Home,0
2452,47,Male,Hyderabad,71153,70,2,18,649,57,Electronics,1
2453,31,Female,Bangalore,70539,55,8,23,579,102,Home,0
2454,23,Female,Bangalore,64143,57,6,33,1450,169,Electronics,1
2455,20,Female,Chennai,42936,87,4,34,2659,70,Electronics,0
2456,33,Male,Delhi,70182,97,4,34,3198,338,Beauty,0
2457,24,Female,Delhi,128261,16,2,36,4651,49,Fashion,0
2458,31,Male,Hyderabad,131259,24,3,35,2501,347,Electronics,0
2459,26,Female,Mumbai,119524,69,7,17,926,5,Home,0
2460,32,Male,Bangalore,115042,41,3,28,1667,202,Beauty,1
2461,38,Female,Bangalore,33163,77,5,14,2928,202,Home,1
2462,52,Male,Hyderabad,146686,47,6,34,3352,179,Fashion,0
2463,19,Male,Bangalore,79758,76,6,48,3720,57,Sports,0
2464,44,Male,Hyderabad,66057,69,4,11,3554,186,Fashion,1
2465,19,Female,Chennai,32537,31,6,13,615,92,Beauty,1
2466,52,Female,Delhi,42419,92,3,33,799,292,Fashion,0
2467,35,Female,Mumbai,62578,92,7,2,3274,227,Fashion,0
2468,31,Male,Delhi,94991,30,7,34,4374,112,Beauty,0
2469,37,Female,Delhi,141211,18,4,29,1767,148,Beauty,0
2470,35,Male,Chennai,142762,44,2,37,1294,269,Home,0
2471,27,Female,Bangalore,94599,27,7,4,3143,203,Electronics,0
2472,42,Male,Mumbai,20834,99,3,12,4353,348,Sports,0
2473,19,Male,Bangalore,52214,26,1,26,1647,358,Sports,0
2474,42,Male,Delhi,112934,60,2,28,1692,56,Sports,0
2475,50,Female,Hyderabad,143798,18,9,3,2871,301,Fashion,1
2476,53,Female,Delhi,120028,97,8,20,1658,316,Beauty,1
2477,48,Female,Bangalore,141286,89,6,10,1408,185,Beauty,0
2478,31,Male,Delhi,22413,56,6,18,2412,54,Beauty,0
2479,18,Male,Hyderabad,29505,31,1,27,1554,37,Electronics,0
2480,63,Female,Chennai,140681,59,2,31,412,211,Beauty,0
2481,33,Female,Bangalore,122802,2,4,27,4094,293,Beauty,0
2482,63,Female,Delhi,22105,97,3,42,4802,270,Fashion,0
2483,20,Male,Bangalore,88104,39,1,1,3163,351,Home,0
2484,52,Male,Chennai,148303,61,8,6,3048,220,Sports,0
2485,58,Male,Delhi,127634,63,7,11,3242,228,Fashion,0
2486,23,Male,Delhi,134897,96,4,34,3234,358,Fashion,1
2487,42,Male,Bangalore,78408,18,9,39,1932,211,Fashion,0
2488,30,Female,Bangalore,57679,17,4,20,3281,298,Sports,0
2489,51,Male,Hyderabad,136908,98,1,21,1470,1,Fashion,0
2490,25,Male,Chennai,134921,39,1,21,1729,23,Home,0
2491,38,Male,Hyderabad,119096,71,1,18,1281,284,Beauty,0
2492,51,Male,Delhi,99731,54,1,21,3731,188,Home,1
2493,21,Male,Bangalore,132205,99,4,19,1351,18,Beauty,0
2494,42,Female,Delhi,85131,94,1,4,1922,49,Beauty,1
2495,32,Male,Delhi,84280,76,2,13,916,47,Fashion,0
2496,21,Male,Mumbai,35762,35,4,18,4399,115,Fashion,0
2497,62,Male,Mumbai,137798,11,7,29,2390,39,Sports,0
2498,29,Female,Delhi,136854,61,2,25,404,217,Electronics,0
2499,49,Female,Bangalore,126830,44,8,13,4029,210,Home,0
2500,49,Female,Delhi,78703,68,7,27,3309,262,Sports,1
