customer_id,age,annual_income,credit_score,loan_amount,loan_term_years,debt_to_income_ratio,late_payments,employment_type,education,loan_purpose,default
1,59,149936,528,462141,15,0.12,6,Salaried,High School,Personal,0
2,49,166664,525,75825,1,0.28,2,Self-Employed,Postgraduate,Personal,0
3,35,173245,734,56574,15,0.3,3,Business,Graduate,Education,0
4,63,184276,701,352692,10,0.74,7,Salaried,High School,Personal,0
5,28,186668,387,417028,3,0.55,3,Business,Graduate,Personal,0
6,41,185396,841,237409,3,0.16,8,Business,High School,Business,0
7,59,142258,608,191381,10,0.19,3,Unemployed,Postgraduate,Business,0
8,39,131668,642,69230,1,0.21,3,Business,Graduate,Car,0
9,43,144184,735,439844,3,0.54,4,Self-Employed,High School,Home,0
10,31,181822,476,259451,20,0.61,0,Self-Employed,High School,Home,0
11,31,36566,438,307725,20,0.7,6,Salaried,Postgraduate,Personal,0
12,44,158262,493,252174,20,0.76,8,Business,Postgraduate,Car,0
13,56,58333,485,444844,5,0.24,8,Self-Employed,High School,Car,0
14,60,141929,517,224700,5,0.32,0,Self-Employed,High School,Business,0
15,44,109571,463,292249,1,0.27,5,Self-Employed,PhD,Car,0
16,23,140263,460,346974,10,0.35,2,Salaried,PhD,Education,0
17,42,152661,824,336301,15,0.74,3,Self-Employed,Graduate,Personal,0
18,22,45235,341,430658,1,0.5,7,Business,Graduate,Education,0
19,44,20159,509,354379,15,0.62,3,Self-Employed,PhD,Home,0
20,64,163217,574,251514,1,0.44,7,Self-Employed,High School,Business,0
21,50,182993,578,269491,5,0.12,3,Salaried,Postgraduate,Education,0
22,58,124859,550,231094,20,0.14,8,Business,Graduate,Personal,1
23,22,167309,609,314794,10,0.48,5,Self-Employed,High School,Education,1
24,41,127507,439,153182,5,0.6,0,Business,Postgraduate,Education,0
25,53,159316,845,198242,10,0.25,9,Business,Postgraduate,Car,1
26,32,34743,829,403139,15,0.61,1,Self-Employed,High School,Business,0
27,42,66101,356,187873,1,0.67,6,Salaried,High School,Home,1
28,64,141534,411,460987,3,0.39,9,Business,Graduate,Personal,0
29,45,104227,304,129926,3,0.62,6,Unemployed,PhD,Personal,0
30,47,91126,709,86147,10,0.38,2,Self-Employed,High School,Home,0
31,62,76071,713,315279,20,0.57,0,Business,PhD,Personal,0
32,48,94763,481,24199,20,0.63,7,Business,Graduate,Car,0
33,36,163309,312,407282,10,0.79,9,Business,PhD,Education,0
34,35,166721,638,368727,5,0.34,9,Self-Employed,PhD,Car,0
35,64,188785,558,188208,3,0.39,6,Unemployed,Postgraduate,Car,0
36,23,196481,389,359434,5,0.22,9,Business,Graduate,Car,1
37,57,199838,549,434791,15,0.24,7,Business,High School,Home,0
38,27,66154,554,225868,3,0.59,0,Salaried,PhD,Business,0
39,41,27016,407,125787,15,0.74,2,Self-Employed,Graduate,Home,0
40,29,199760,784,444949,1,0.38,1,Self-Employed,Postgraduate,Home,0
41,59,109678,557,119427,5,0.23,0,Business,Postgraduate,Car,0
42,38,132056,581,153063,10,0.3,4,Salaried,PhD,Business,0
43,24,74238,387,158625,3,0.42,2,Business,PhD,Home,1
44,45,78608,503,225782,5,0.3,9,Business,High School,Business,0
45,34,109081,315,92493,10,0.26,7,Self-Employed,Graduate,Car,0
46,29,182969,450,398850,1,0.62,5,Salaried,High School,Home,0
47,46,70961,553,493633,3,0.11,9,Business,High School,Business,0
48,22,195829,487,279915,15,0.48,8,Self-Employed,Postgraduate,Personal,0
49,40,46917,628,130607,1,0.66,8,Business,Graduate,Home,0
50,48,173808,843,251834,20,0.29,5,Business,High School,Home,0
51,27,47990,696,416514,10,0.52,1,Salaried,Postgraduate,Home,0
52,64,82551,816,84876,3,0.57,8,Salaried,PhD,Business,0
53,28,173512,758,497108,3,0.56,1,Salaried,High School,Education,1
54,55,186277,629,172071,1,0.41,2,Business,PhD,Home,0
55,34,100811,468,207959,3,0.34,5,Unemployed,Graduate,Personal,0
56,37,75103,665,326792,10,0.69,1,Salaried,High School,Personal,0
57,56,192699,477,460884,1,0.63,4,Unemployed,PhD,Car,1
58,60,126122,661,467590,15,0.32,1,Unemployed,PhD,Education,0
59,24,39008,339,465725,1,0.17,3,Unemployed,Graduate,Education,1
60,22,52402,715,248722,1,0.15,2,Self-Employed,Postgraduate,Business,0
61,26,156865,654,342927,15,0.17,4,Business,Postgraduate,Car,0
62,62,156643,554,49440,20,0.51,5,Salaried,High School,Business,0
63,24,167281,442,36655,10,0.14,6,Business,PhD,Car,0
64,49,133550,310,48039,20,0.34,9,Business,Postgraduate,Education,0
65,38,194220,325,322399,20,0.63,7,Self-Employed,High School,Business,0
66,46,111218,720,77219,20,0.31,8,Self-Employed,PhD,Car,0
67,64,153296,520,191061,5,0.63,3,Self-Employed,High School,Education,0
68,54,199767,795,278388,20,0.62,3,Business,Graduate,Education,0
69,30,140779,536,99594,5,0.27,6,Unemployed,High School,Home,0
70,56,149714,536,325739,15,0.61,9,Business,Graduate,Business,0
71,34,52441,518,175623,10,0.62,9,Self-Employed,PhD,Home,0
72,51,190201,786,199302,20,0.38,8,Business,PhD,Education,0
73,35,82368,760,371042,3,0.25,1,Self-Employed,PhD,Business,0
74,28,112122,443,295515,15,0.46,5,Self-Employed,High School,Business,0
75,34,64760,488,467574,5,0.74,9,Salaried,PhD,Personal,0
76,43,43478,554,164950,10,0.55,9,Unemployed,PhD,Car,0
77,60,147881,367,172229,1,0.22,7,Self-Employed,Graduate,Personal,1
78,41,91854,635,10914,10,0.58,4,Salaried,PhD,Personal,0
79,36,114230,708,219772,10,0.4,4,Unemployed,PhD,Education,0
80,38,105716,599,294324,20,0.51,7,Self-Employed,PhD,Car,0
81,44,163252,656,401904,20,0.61,0,Unemployed,Postgraduate,Personal,0
82,46,118538,555,347363,5,0.46,5,Unemployed,PhD,Personal,0
83,45,35372,652,345760,5,0.67,9,Business,High School,Business,0
84,61,49796,820,232561,20,0.61,8,Salaried,Graduate,Education,0
85,49,118826,823,408132,20,0.53,5,Unemployed,PhD,Personal,0
86,35,140592,583,192435,3,0.21,6,Business,High School,Car,0
87,21,113635,611,100213,3,0.69,3,Unemployed,Graduate,Home,0
88,45,131022,398,425576,15,0.76,9,Business,Graduate,Home,0
89,27,74040,496,42805,20,0.2,0,Self-Employed,High School,Education,0
90,29,95357,781,411669,1,0.44,8,Self-Employed,High School,Home,0
91,44,98356,525,131599,3,0.28,5,Business,Postgraduate,Business,0
92,21,36211,664,158775,5,0.63,2,Self-Employed,Postgraduate,Business,0
93,64,125426,667,195093,10,0.61,3,Self-Employed,PhD,Car,0
94,28,25842,374,79176,15,0.2,9,Self-Employed,Postgraduate,Education,0
95,44,86852,341,99799,3,0.71,5,Unemployed,High School,Education,0
96,31,145737,721,103385,10,0.23,5,Business,Postgraduate,Home,0
97,37,65968,480,240654,10,0.66,8,Salaried,Graduate,Personal,0
98,28,37508,844,479830,3,0.42,3,Salaried,High School,Personal,1
99,55,173077,370,93919,1,0.33,4,Business,PhD,Personal,0
100,55,74575,404,479288,1,0.21,4,Unemployed,Graduate,Car,0
101,53,170043,499,405626,15,0.22,2,Self-Employed,Graduate,Education,0
102,25,176671,400,86462,1,0.56,1,Self-Employed,Graduate,Home,0
103,62,86914,606,184340,15,0.49,7,Unemployed,High School,Car,0
104,59,87055,676,170320,5,0.19,9,Salaried,High School,Business,1
105,61,107697,698,36159,3,0.18,8,Business,PhD,Business,0
106,48,126239,520,47039,10,0.15,9,Business,Postgraduate,Business,0
107,27,143106,481,237974,15,0.62,8,Unemployed,Postgraduate,Education,0
108,29,25355,606,52800,1,0.6,4,Self-Employed,Postgraduate,Business,0
109,28,74120,821,307905,15,0.14,8,Self-Employed,Postgraduate,Personal,1
110,32,58342,695,99626,20,0.49,3,Self-Employed,Graduate,Business,0
111,54,22257,303,484319,15,0.16,1,Business,High School,Car,0
112,53,47364,580,123368,1,0.73,2,Salaried,Postgraduate,Business,1
113,43,176044,514,179735,20,0.73,0,Business,Graduate,Personal,0
114,44,131715,719,85903,20,0.59,4,Unemployed,High School,Business,0
115,57,46654,400,438628,1,0.75,0,Business,High School,Home,1
116,55,101423,820,123998,20,0.67,0,Unemployed,High School,Personal,0
117,64,49320,608,246324,3,0.68,6,Business,Graduate,Education,0
118,60,40808,809,433583,10,0.5,1,Salaried,Postgraduate,Business,0
119,42,72389,362,404029,3,0.31,7,Unemployed,High School,Car,0
120,47,138581,525,327038,3,0.25,5,Self-Employed,Graduate,Business,0
121,55,147927,404,238229,1,0.33,3,Self-Employed,High School,Car,0
122,21,54773,724,318588,1,0.54,8,Business,PhD,Home,0
123,55,178819,554,432485,10,0.22,9,Business,PhD,Education,0
124,57,96396,728,66748,15,0.28,7,Salaried,Graduate,Personal,0
125,34,127692,733,46190,3,0.43,9,Salaried,Postgraduate,Personal,0
126,23,77505,506,45318,20,0.26,2,Self-Employed,Postgraduate,Education,0
127,21,105896,327,173090,10,0.51,2,Business,High School,Home,0
128,25,38135,635,129078,3,0.75,3,Unemployed,Postgraduate,Home,0
129,46,110887,368,44759,15,0.62,8,Salaried,Postgraduate,Business,0
130,34,142118,812,283642,20,0.57,8,Unemployed,PhD,Home,0
131,59,67377,466,30989,3,0.51,4,Unemployed,Graduate,Business,0
132,47,174626,667,161640,5,0.44,8,Salaried,PhD,Car,0
133,29,82491,550,384179,10,0.23,5,Business,Graduate,Education,0
134,35,78283,469,333721,1,0.73,7,Unemployed,High School,Car,0
135,35,36923,389,372375,3,0.27,7,Business,PhD,Car,1
136,46,67591,745,166171,20,0.16,9,Unemployed,Graduate,Car,0
137,62,82261,593,357044,20,0.63,6,Business,Postgraduate,Car,0
138,33,74336,449,438855,10,0.22,3,Business,Graduate,Personal,0
139,52,94083,431,371823,10,0.36,3,Business,Postgraduate,Home,0
140,59,80948,732,290626,20,0.12,5,Business,High School,Education,0
141,52,184074,358,336356,20,0.2,8,Salaried,Postgraduate,Education,1
142,24,46672,498,453477,20,0.22,6,Unemployed,Graduate,Car,0
143,50,24213,514,485533,3,0.14,4,Business,PhD,Education,1
144,57,161365,771,297192,20,0.56,4,Self-Employed,Graduate,Business,0
145,43,82507,546,401281,1,0.69,7,Unemployed,PhD,Education,1
146,59,77134,681,400252,20,0.36,5,Unemployed,Graduate,Car,0
147,35,153172,538,40814,1,0.71,0,Business,Graduate,Education,0
148,63,48172,666,195766,3,0.25,0,Unemployed,High School,Home,0
149,49,40132,467,415140,10,0.33,8,Self-Employed,Postgraduate,Car,0
150,56,38199,350,396637,1,0.21,7,Self-Employed,Graduate,Personal,0
151,33,56609,679,65204,3,0.53,5,Self-Employed,PhD,Home,0
152,52,194037,773,37844,20,0.39,0,Unemployed,Postgraduate,Education,0
153,27,159088,379,253827,3,0.53,1,Unemployed,High School,Personal,1
154,42,190851,666,250256,20,0.63,9,Business,Postgraduate,Home,0
155,48,51881,760,349087,3,0.48,2,Unemployed,Graduate,Business,1
156,22,44472,838,26518,10,0.54,9,Unemployed,PhD,Home,0
157,62,187093,751,415275,1,0.75,2,Business,PhD,Personal,0
158,26,74131,763,28052,10,0.31,1,Self-Employed,Postgraduate,Business,0
159,48,175159,777,261346,5,0.35,1,Business,PhD,Education,0
160,48,32828,719,74803,20,0.6,5,Salaried,Graduate,Car,0
161,64,116664,513,76524,1,0.53,6,Unemployed,PhD,Education,0
162,64,152473,668,229582,10,0.22,3,Unemployed,PhD,Car,0
163,40,35193,413,356716,1,0.36,0,Salaried,PhD,Car,0
164,50,195936,802,406896,5,0.43,5,Salaried,Graduate,Personal,0
165,31,171379,610,72021,15,0.39,6,Salaried,High School,Business,1
166,48,122518,768,216321,20,0.22,3,Business,PhD,Business,0
167,45,39611,343,287187,20,0.75,5,Self-Employed,High School,Home,0
168,59,194863,714,7419,3,0.63,8,Business,Postgraduate,Education,1
169,53,163022,545,192964,20,0.44,3,Salaried,Postgraduate,Personal,0
170,21,96240,383,126831,20,0.58,9,Business,Graduate,Education,0
171,47,22745,506,249688,10,0.73,3,Unemployed,Graduate,Home,1
172,33,75243,450,106799,20,0.2,9,Business,Graduate,Home,0
173,61,23866,827,415356,20,0.28,4,Salaried,Graduate,Personal,0
174,23,183317,464,441700,5,0.48,2,Unemployed,High School,Home,0
175,59,195796,444,199941,5,0.66,9,Self-Employed,Graduate,Personal,0
176,26,148681,336,181282,1,0.13,1,Business,High School,Home,0
177,28,91354,632,324744,1,0.79,8,Business,PhD,Business,1
178,47,71374,702,383611,20,0.42,0,Salaried,PhD,Personal,1
179,29,134397,713,345641,20,0.35,4,Self-Employed,Postgraduate,Business,1
180,57,144577,344,113611,3,0.3,4,Unemployed,Postgraduate,Business,0
181,53,181188,701,142559,1,0.22,7,Salaried,High School,Personal,0
182,62,101029,505,327836,10,0.65,5,Salaried,Graduate,Education,0
183,64,113574,361,67112,20,0.77,5,Business,Postgraduate,Car,1
184,44,171519,719,429326,10,0.39,5,Self-Employed,High School,Home,0
185,35,50431,767,244040,20,0.77,3,Salaried,Postgraduate,Home,0
186,52,168980,318,283504,10,0.68,0,Business,Graduate,Education,0
187,52,49336,664,447626,15,0.44,2,Unemployed,High School,Car,0
188,44,60992,599,238451,10,0.57,9,Salaried,Postgraduate,Education,0
189,61,75350,306,226490,1,0.4,5,Unemployed,Graduate,Car,0
190,32,89561,727,350182,20,0.49,4,Unemployed,High School,Personal,0
191,59,71955,416,471383,1,0.14,9,Business,High School,Personal,1
192,22,81240,806,270161,10,0.59,0,Self-Employed,High School,Business,0
193,23,171165,845,353405,5,0.14,4,Unemployed,PhD,Business,0
194,57,157227,624,196196,5,0.67,1,Salaried,High School,Personal,0
195,37,66607,354,252418,5,0.68,0,Self-Employed,Postgraduate,Business,1
196,22,184559,341,226370,20,0.27,3,Self-Employed,High School,Personal,0
197,22,172035,596,449165,3,0.33,5,Business,High School,Education,0
198,48,72870,530,194340,15,0.44,6,Salaried,High School,Home,0
199,43,84110,752,71320,10,0.52,8,Salaried,High School,Personal,0
200,57,172008,693,491772,3,0.3,4,Business,High School,Personal,1
201,52,136895,821,240067,5,0.51,7,Business,PhD,Personal,1
202,53,24426,657,217373,10,0.31,7,Self-Employed,Graduate,Business,0
203,21,47606,743,298271,3,0.14,8,Unemployed,PhD,Business,0
204,39,198904,427,401412,1,0.1,2,Unemployed,Postgraduate,Business,0
205,22,48151,704,342232,5,0.17,2,Unemployed,Graduate,Business,0
206,64,31308,691,439516,3,0.65,8,Unemployed,Postgraduate,Education,0
207,46,196743,492,185786,20,0.77,6,Salaried,High School,Personal,0
208,52,110306,377,299065,1,0.4,3,Salaried,Postgraduate,Education,0
209,26,126984,384,271890,5,0.46,0,Business,PhD,Business,1
210,52,22204,329,335679,15,0.2,6,Business,PhD,Education,0
211,24,112769,348,70350,5,0.49,9,Unemployed,High School,Personal,0
212,31,107265,444,186417,20,0.2,5,Business,High School,Personal,0
213,37,51131,368,245678,15,0.53,2,Salaried,Graduate,Business,0
214,58,72428,357,447436,15,0.75,4,Unemployed,PhD,Personal,1
215,44,53870,778,348275,15,0.24,2,Unemployed,PhD,Education,0
216,25,123547,744,27063,10,0.64,7,Salaried,Graduate,Car,0
217,54,69067,595,122116,10,0.12,4,Self-Employed,PhD,Personal,0
218,26,132217,470,469952,15,0.36,9,Unemployed,Graduate,Education,0
219,42,172679,446,356057,1,0.18,9,Business,PhD,Education,1
220,31,176040,783,346090,15,0.35,5,Self-Employed,Postgraduate,Education,0
221,36,118934,605,182043,3,0.22,1,Salaried,Postgraduate,Personal,1
222,53,162980,745,139670,15,0.36,7,Self-Employed,Graduate,Car,1
223,29,177495,520,15564,10,0.39,8,Self-Employed,Graduate,Business,1
224,26,94707,677,247124,10,0.31,2,Unemployed,High School,Business,1
225,36,81215,565,232506,3,0.56,5,Self-Employed,PhD,Personal,0
226,49,69429,394,316869,3,0.74,5,Business,Postgraduate,Personal,1
227,23,102152,561,91134,5,0.38,1,Unemployed,High School,Home,0
228,40,128048,370,110940,1,0.23,9,Salaried,PhD,Car,0
229,56,189530,518,458156,1,0.29,7,Business,Postgraduate,Education,0
230,39,197241,832,67085,1,0.7,4,Unemployed,PhD,Education,0
231,46,158731,391,22862,20,0.5,7,Self-Employed,Graduate,Business,0
232,23,97240,426,277409,10,0.42,7,Business,Postgraduate,Personal,0
233,39,183865,379,145777,1,0.2,2,Unemployed,Postgraduate,Car,0
234,40,133688,537,191351,5,0.41,4,Unemployed,High School,Business,0
235,52,66473,671,67471,5,0.29,6,Salaried,PhD,Car,0
236,27,116762,785,96080,1,0.76,4,Unemployed,Graduate,Personal,0
237,61,126956,324,478050,3,0.72,5,Salaried,Graduate,Education,0
238,53,138452,455,461195,5,0.16,1,Self-Employed,PhD,Home,0
239,60,146311,816,322972,3,0.46,7,Unemployed,PhD,Car,0
240,59,27006,829,496422,10,0.26,4,Unemployed,Graduate,Education,0
241,38,94218,356,384028,20,0.39,5,Self-Employed,PhD,Car,0
242,60,184912,318,113007,5,0.71,0,Unemployed,High School,Car,0
243,21,52430,683,51104,3,0.47,9,Unemployed,PhD,Car,0
244,31,43091,492,45934,1,0.33,1,Business,High School,Personal,0
245,48,184055,536,259606,10,0.25,3,Salaried,High School,Business,0
246,45,43989,686,381564,15,0.66,8,Unemployed,PhD,Car,1
247,43,95451,725,11050,15,0.54,5,Unemployed,Postgraduate,Personal,0
248,51,38990,576,180024,1,0.43,7,Salaried,Postgraduate,Home,1
249,50,110270,526,484786,10,0.25,1,Business,High School,Business,0
250,62,100360,622,275628,10,0.33,9,Salaried,PhD,Personal,0
251,55,56081,452,329792,10,0.77,4,Unemployed,High School,Home,1
252,27,162105,536,327089,10,0.46,0,Self-Employed,PhD,Business,0
253,36,128272,354,189750,15,0.38,3,Self-Employed,PhD,Personal,0
254,46,36241,735,36323,3,0.46,9,Business,Graduate,Home,0
255,22,144932,408,91332,10,0.65,0,Business,Postgraduate,Personal,0
256,21,25939,483,361749,3,0.34,8,Unemployed,Postgraduate,Home,0
257,32,133000,667,485579,10,0.23,1,Business,Graduate,Car,0
258,25,198634,497,260540,5,0.51,6,Unemployed,Graduate,Car,1
259,57,55063,670,259547,20,0.57,2,Self-Employed,Graduate,Business,1
260,52,178117,672,433577,5,0.6,1,Business,High School,Home,0
261,29,195841,796,277459,20,0.72,3,Unemployed,High School,Car,0
262,61,67118,500,315112,5,0.36,6,Salaried,High School,Business,0
263,55,104703,808,162591,10,0.15,6,Business,High School,Education,0
264,39,172697,621,276251,3,0.77,8,Unemployed,High School,Car,0
265,36,148557,574,60781,20,0.4,2,Unemployed,Postgraduate,Car,0
266,23,47076,510,271013,15,0.54,6,Salaried,Postgraduate,Personal,0
267,40,64605,803,348127,1,0.57,5,Self-Employed,PhD,Education,1
268,44,104565,417,425586,20,0.48,9,Salaried,Postgraduate,Home,0
269,53,59121,341,460911,20,0.24,6,Unemployed,Graduate,Business,0
270,44,51433,614,458638,15,0.63,6,Salaried,Postgraduate,Education,0
271,31,63309,628,12971,10,0.66,9,Salaried,Graduate,Home,0
272,28,87468,316,363949,5,0.49,4,Unemployed,Postgraduate,Car,0
273,56,195326,582,259927,5,0.44,8,Self-Employed,High School,Business,0
274,58,87293,557,292795,3,0.18,6,Salaried,Postgraduate,Business,1
275,60,116258,318,324118,10,0.16,6,Salaried,PhD,Education,0
276,40,188925,828,499509,15,0.34,2,Business,High School,Personal,0
277,55,58405,722,28446,10,0.32,0,Business,High School,Home,1
278,45,63527,765,262419,10,0.77,4,Unemployed,PhD,Education,0
279,55,97227,672,174180,5,0.65,7,Unemployed,Postgraduate,Personal,1
280,45,151564,380,473395,15,0.56,4,Unemployed,Postgraduate,Personal,0
281,49,159883,847,8823,1,0.46,9,Business,PhD,Personal,0
282,38,113344,723,149526,20,0.22,2,Unemployed,High School,Business,0
283,38,175344,728,140004,5,0.78,8,Salaried,PhD,Home,0
284,22,67153,687,408436,15,0.36,1,Salaried,Graduate,Home,0
285,55,128042,503,210162,3,0.17,2,Self-Employed,Graduate,Education,0
286,36,74110,495,72965,20,0.45,3,Unemployed,Postgraduate,Car,0
287,61,165051,584,426424,20,0.71,9,Salaried,High School,Education,1
288,56,48328,495,471196,5,0.72,0,Salaried,Graduate,Home,0
289,53,132911,606,277654,3,0.11,3,Self-Employed,PhD,Business,0
290,24,32867,313,442261,5,0.72,3,Salaried,Postgraduate,Education,0
291,53,79234,445,146609,10,0.29,8,Self-Employed,Postgraduate,Car,0
292,34,45851,356,470899,15,0.13,7,Self-Employed,High School,Education,0
293,41,51279,509,110935,3,0.69,1,Business,Graduate,Personal,0
294,40,93402,828,336278,20,0.7,6,Salaried,Postgraduate,Car,1
295,28,35449,643,238705,5,0.52,5,Business,PhD,Personal,0
296,27,96221,578,339398,20,0.5,6,Salaried,Graduate,Business,0
297,23,109080,508,258978,3,0.67,3,Business,Postgraduate,Home,0
298,37,25451,634,149854,20,0.65,4,Self-Employed,Postgraduate,Education,0
299,53,107178,587,381924,5,0.72,5,Self-Employed,Graduate,Education,0
300,32,192388,551,392688,5,0.49,8,Self-Employed,Graduate,Personal,1
301,42,83761,564,332731,1,0.78,1,Self-Employed,High School,Personal,0
302,42,58870,570,349382,20,0.8,8,Salaried,PhD,Home,0
303,50,116566,718,342864,1,0.18,9,Unemployed,High School,Education,0
304,58,143749,510,83004,1,0.69,0,Salaried,High School,Home,1
305,58,143765,664,27072,20,0.45,3,Business,PhD,Personal,0
306,28,144881,375,86015,3,0.37,4,Salaried,PhD,Personal,0
307,47,181945,620,230075,10,0.53,8,Salaried,High School,Car,0
308,47,148389,732,225010,5,0.14,5,Business,Graduate,Personal,0
309,54,45372,408,77746,15,0.45,3,Self-Employed,PhD,Personal,0
310,41,23642,821,181774,1,0.71,1,Business,High School,Home,0
311,50,179073,346,369404,3,0.25,4,Business,Graduate,Car,1
312,53,54064,678,404273,20,0.4,7,Unemployed,Postgraduate,Car,0
313,48,34122,395,133259,3,0.76,7,Unemployed,Graduate,Education,0
314,53,175892,402,35916,3,0.4,5,Self-Employed,High School,Business,0
315,25,88431,445,32268,20,0.35,0,Business,PhD,Education,0
316,39,75745,326,180050,15,0.41,7,Business,Graduate,Education,0
317,24,70081,829,248966,20,0.46,3,Business,Graduate,Education,0
318,55,159783,381,28259,15,0.54,1,Salaried,Graduate,Car,1
319,37,169865,727,451799,20,0.66,0,Unemployed,PhD,Home,0
320,64,159271,778,84400,1,0.42,6,Unemployed,PhD,Personal,0
321,48,96253,461,301437,15,0.67,1,Self-Employed,Graduate,Car,1
322,50,56191,701,116581,1,0.47,3,Unemployed,Graduate,Personal,0
323,49,30211,807,12043,15,0.34,3,Unemployed,High School,Personal,0
324,26,131086,337,186502,15,0.56,9,Self-Employed,PhD,Business,0
325,55,172614,810,112009,20,0.6,0,Business,Graduate,Education,0
326,61,182384,692,306037,15,0.49,1,Salaried,PhD,Business,1
327,57,196314,793,438858,1,0.14,0,Self-Employed,PhD,Education,0
328,44,121971,499,214137,20,0.22,5,Unemployed,PhD,Car,0
329,49,113783,554,166940,5,0.3,2,Self-Employed,High School,Personal,1
330,51,145681,478,293453,1,0.3,0,Unemployed,Postgraduate,Business,0
331,55,107893,846,290428,5,0.57,7,Business,PhD,Car,0
332,53,178763,688,393945,3,0.11,3,Business,PhD,Car,0
333,41,97960,697,118259,20,0.63,9,Business,Graduate,Education,0
334,52,104388,457,105804,3,0.29,6,Unemployed,PhD,Personal,0
335,43,42601,303,74000,20,0.32,9,Self-Employed,Postgraduate,Education,0
336,53,169092,466,89179,20,0.47,1,Unemployed,PhD,Education,0
337,23,159227,767,460323,1,0.25,5,Business,High School,Car,0
338,38,187849,708,332193,5,0.72,5,Business,Graduate,Education,0
339,45,39710,711,296409,20,0.16,6,Business,Postgraduate,Home,0
340,62,128714,503,479706,5,0.41,0,Unemployed,High School,Personal,0
341,51,175604,493,265226,20,0.69,0,Salaried,Postgraduate,Education,0
342,23,148727,534,28880,5,0.53,1,Business,Graduate,Education,0
343,60,169673,449,351723,3,0.3,1,Self-Employed,PhD,Business,0
344,44,83227,458,398471,1,0.39,4,Business,Graduate,Personal,0
345,52,156039,578,399718,20,0.59,0,Unemployed,Graduate,Personal,0
346,42,104289,703,206264,10,0.78,1,Self-Employed,PhD,Education,0
347,43,171094,610,332568,5,0.73,5,Unemployed,High School,Home,0
348,22,194535,367,474054,5,0.34,2,Salaried,Postgraduate,Business,0
349,47,25722,762,338110,10,0.8,3,Salaried,High School,Home,1
350,62,178485,387,177438,1,0.1,0,Unemployed,PhD,Education,0
351,22,101050,516,425641,5,0.12,4,Business,Postgraduate,Personal,0
352,46,103596,300,450544,1,0.68,3,Self-Employed,PhD,Personal,0
353,37,86732,434,250352,5,0.24,7,Business,High School,Home,0
354,60,163369,650,72396,15,0.14,2,Unemployed,Graduate,Car,1
355,53,88323,439,338838,5,0.27,9,Unemployed,Postgraduate,Education,1
356,29,43816,432,404022,15,0.4,0,Business,PhD,Personal,0
357,63,60695,477,484490,20,0.61,9,Self-Employed,Postgraduate,Car,0
358,59,170774,657,284250,1,0.54,4,Self-Employed,Postgraduate,Personal,0
359,49,176314,679,61731,5,0.27,0,Self-Employed,High School,Personal,0
360,62,75841,749,80010,3,0.45,4,Self-Employed,Graduate,Car,0
361,46,148498,762,480749,3,0.75,8,Self-Employed,Postgraduate,Home,0
362,55,127096,407,254091,10,0.67,4,Salaried,High School,Education,0
363,45,112764,421,299743,3,0.33,1,Salaried,Postgraduate,Car,0
364,44,105744,316,76326,15,0.79,1,Unemployed,Graduate,Car,0
365,33,48482,495,253876,3,0.6,9,Salaried,Postgraduate,Personal,0
366,27,29171,626,342850,3,0.14,8,Self-Employed,Graduate,Car,0
367,56,120755,617,14004,3,0.12,4,Self-Employed,High School,Education,0
368,40,128125,778,120018,5,0.22,7,Self-Employed,High School,Home,0
369,21,150722,551,449580,10,0.61,9,Unemployed,Graduate,Home,0
370,28,126082,802,30792,1,0.23,3,Unemployed,Graduate,Home,0
371,36,23696,418,493968,10,0.46,1,Business,High School,Education,0
372,34,146310,797,463128,15,0.17,3,Salaried,Graduate,Personal,0
373,32,171130,785,59645,5,0.74,3,Salaried,Graduate,Education,0
374,43,171385,344,12232,20,0.34,8,Business,PhD,Car,0
375,35,39149,613,476426,5,0.74,9,Business,Postgraduate,Business,0
376,48,150064,478,59766,3,0.76,5,Salaried,High School,Business,0
377,54,73521,717,125601,3,0.1,9,Self-Employed,High School,Business,0
378,22,65740,377,86588,15,0.42,5,Salaried,PhD,Home,0
379,52,126611,625,184614,20,0.12,4,Self-Employed,Graduate,Education,0
380,43,156028,656,10913,5,0.74,5,Unemployed,Graduate,Education,0
381,42,86641,715,117406,20,0.46,0,Salaried,Graduate,Home,1
382,45,83811,814,118693,1,0.15,4,Salaried,High School,Car,0
383,42,83232,513,98449,10,0.18,5,Unemployed,PhD,Business,1
384,42,35417,373,15567,5,0.37,7,Unemployed,Postgraduate,Business,0
385,62,175801,808,43379,20,0.76,3,Unemployed,PhD,Home,0
386,26,132492,631,211040,1,0.59,4,Unemployed,High School,Business,0
387,35,50099,392,267463,1,0.71,3,Unemployed,Postgraduate,Personal,1
388,63,181033,818,95005,10,0.36,6,Business,Graduate,Education,0
389,57,163674,568,378134,1,0.13,9,Business,PhD,Business,0
390,53,138474,675,228098,15,0.78,5,Unemployed,PhD,Business,0
391,28,29256,303,484336,1,0.11,3,Unemployed,High School,Personal,0
392,64,54681,437,9791,20,0.76,5,Unemployed,PhD,Car,1
393,64,111328,530,495488,15,0.36,3,Unemployed,Postgraduate,Car,0
394,25,63361,828,136401,1,0.11,7,Self-Employed,PhD,Personal,0
395,59,54540,351,210459,3,0.58,2,Self-Employed,High School,Car,0
396,24,177608,624,66032,1,0.79,7,Unemployed,PhD,Home,1
397,26,104700,576,180150,15,0.78,1,Unemployed,Postgraduate,Personal,0
398,52,98532,835,355806,1,0.21,5,Salaried,Postgraduate,Education,0
399,50,147626,785,26300,1,0.23,7,Unemployed,High School,Education,1
400,55,153943,815,342844,1,0.5,0,Unemployed,Graduate,Education,0
401,60,66002,451,449161,15,0.55,5,Business,High School,Business,0
402,36,69812,782,60609,1,0.62,8,Self-Employed,Graduate,Personal,0
403,33,173698,558,196634,10,0.23,9,Unemployed,Postgraduate,Personal,0
404,62,128946,623,95045,20,0.77,9,Self-Employed,PhD,Car,0
405,50,86668,467,329045,10,0.55,1,Self-Employed,PhD,Personal,0
406,39,119003,609,272847,15,0.69,0,Salaried,Postgraduate,Personal,0
407,37,62998,778,228717,3,0.48,1,Self-Employed,High School,Car,0
408,39,124601,355,330259,10,0.39,4,Self-Employed,PhD,Personal,1
409,48,196679,772,224162,20,0.78,5,Unemployed,High School,Personal,0
410,46,27812,595,32676,5,0.51,0,Business,PhD,Home,0
411,57,81844,760,459926,20,0.71,6,Unemployed,Graduate,Car,0
412,46,153251,623,458293,10,0.77,3,Unemployed,PhD,Home,0
413,43,194870,440,388476,5,0.57,8,Business,Graduate,Business,0
414,29,94601,561,225412,15,0.48,5,Business,PhD,Car,0
415,32,159347,719,181512,20,0.1,8,Salaried,PhD,Personal,0
416,21,67857,540,172995,3,0.13,0,Business,PhD,Personal,0
417,21,145555,654,296946,5,0.24,3,Unemployed,PhD,Home,0
418,54,40700,479,357475,5,0.23,1,Business,PhD,Home,0
419,52,190536,365,461120,20,0.28,5,Business,High School,Business,0
420,45,193423,647,458378,10,0.31,3,Business,Graduate,Business,0
421,60,113330,470,129786,5,0.35,8,Self-Employed,Graduate,Personal,0
422,21,164941,773,332313,15,0.39,2,Salaried,PhD,Education,1
423,36,172026,833,73147,20,0.17,0,Self-Employed,High School,Business,0
424,59,182627,666,27075,15,0.13,0,Self-Employed,High School,Personal,0
425,25,83353,406,349159,20,0.57,8,Salaried,Postgraduate,Business,0
426,42,196098,738,210788,15,0.48,8,Self-Employed,Postgraduate,Car,0
427,49,120772,526,14304,10,0.41,4,Business,High School,Home,0
428,23,198048,743,134851,20,0.54,1,Salaried,Postgraduate,Personal,0
429,32,111502,741,387873,3,0.68,8,Self-Employed,Graduate,Business,0
430,46,133943,695,64622,10,0.4,7,Unemployed,High School,Home,0
431,36,129850,383,321359,15,0.55,9,Self-Employed,Postgraduate,Education,0
432,57,65095,312,478362,20,0.77,9,Unemployed,High School,Business,0
433,42,165342,792,341117,10,0.69,5,Business,Postgraduate,Personal,0
434,49,181980,567,113654,15,0.4,6,Unemployed,High School,Car,0
435,34,35523,824,410737,1,0.55,5,Self-Employed,PhD,Home,0
436,48,82433,419,254109,1,0.22,4,Self-Employed,Graduate,Home,0
437,25,198140,652,291172,5,0.49,3,Self-Employed,Postgraduate,Car,1
438,50,39991,356,44328,3,0.79,6,Salaried,PhD,Personal,1
439,25,30775,339,294445,1,0.46,3,Salaried,High School,Education,1
440,32,104995,635,305159,15,0.75,9,Self-Employed,PhD,Car,0
441,36,167745,472,223348,10,0.39,9,Self-Employed,Graduate,Education,0
442,46,142808,846,41845,20,0.8,9,Business,Postgraduate,Personal,0
443,46,178128,558,353962,10,0.51,8,Salaried,Postgraduate,Business,0
444,41,157686,816,81394,5,0.13,4,Salaried,High School,Business,0
445,59,27415,822,180231,10,0.51,7,Salaried,Graduate,Personal,0
446,56,194956,416,310858,1,0.29,5,Unemployed,PhD,Education,0
447,53,168036,483,85722,10,0.12,3,Self-Employed,High School,Car,1
448,50,188798,415,497937,1,0.67,2,Business,Postgraduate,Personal,1
449,57,57044,461,494946,1,0.29,5,Business,PhD,Personal,0
450,43,188616,842,292374,3,0.66,0,Self-Employed,High School,Business,1
451,30,69976,536,97554,5,0.3,1,Self-Employed,PhD,Car,0
452,25,183324,365,54262,15,0.24,6,Business,PhD,Business,0
453,56,23832,369,488417,1,0.78,3,Unemployed,High School,Education,0
454,54,54148,746,46722,20,0.35,4,Business,PhD,Education,0
455,51,132230,715,444575,5,0.52,9,Unemployed,PhD,Home,1
456,30,105076,831,329940,15,0.53,0,Unemployed,Graduate,Personal,0
457,39,58402,740,176231,20,0.49,1,Salaried,Graduate,Car,1
458,52,58578,763,245740,10,0.74,3,Self-Employed,Postgraduate,Car,1
459,21,110453,695,92052,5,0.57,7,Salaried,Graduate,Business,0
460,25,173390,694,105808,20,0.38,9,Unemployed,High School,Business,0
461,24,95715,625,260416,5,0.7,3,Business,PhD,Car,0
462,36,131435,390,267128,5,0.23,2,Salaried,Postgraduate,Business,0
463,44,171538,369,226281,10,0.48,2,Business,Graduate,Home,0
464,36,115742,465,403455,10,0.77,4,Unemployed,PhD,Personal,1
465,22,65475,513,251052,5,0.54,2,Business,High School,Home,0
466,48,80142,634,359095,20,0.67,7,Salaried,PhD,Education,1
467,52,177636,668,318030,3,0.56,4,Unemployed,High School,Car,0
468,47,173484,348,370568,1,0.69,6,Self-Employed,PhD,Home,0
469,40,113526,351,425411,10,0.76,7,Salaried,Postgraduate,Home,0
470,44,71001,588,109697,3,0.29,4,Salaried,Postgraduate,Business,0
471,32,77649,538,493075,10,0.22,7,Self-Employed,Graduate,Business,0
472,55,186589,432,236572,5,0.44,2,Unemployed,Graduate,Business,0
473,53,164228,465,237842,3,0.59,6,Self-Employed,PhD,Education,0
474,53,174136,673,101299,20,0.26,7,Salaried,PhD,Home,0
475,63,45711,672,170746,20,0.1,6,Unemployed,Graduate,Personal,0
476,57,50106,777,154177,15,0.34,1,Business,Graduate,Business,0
477,32,85458,778,165811,1,0.78,7,Salaried,PhD,Education,1
478,23,167661,599,168041,1,0.59,5,Business,PhD,Education,0
479,21,150429,381,19497,10,0.38,9,Self-Employed,PhD,Business,0
480,53,121754,386,400032,1,0.23,2,Unemployed,Postgraduate,Car,0
481,60,158286,524,259204,15,0.35,3,Self-Employed,High School,Home,1
482,30,146479,315,386059,20,0.22,6,Business,High School,Business,0
483,63,178199,657,262471,3,0.17,2,Salaried,Graduate,Personal,0
484,64,156213,462,97019,3,0.73,0,Unemployed,Postgraduate,Home,0
485,49,48884,813,195326,20,0.8,5,Self-Employed,PhD,Education,0
486,33,22708,649,114017,5,0.21,2,Business,PhD,Personal,0
487,32,38375,763,485911,20,0.14,9,Business,Graduate,Home,0
488,51,35088,674,336529,3,0.33,5,Salaried,Graduate,Personal,0
489,22,77615,391,223220,10,0.42,9,Business,Postgraduate,Education,0
490,55,130138,480,110153,15,0.24,2,Unemployed,High School,Business,0
491,43,196118,600,38826,20,0.31,5,Business,High School,Personal,0
492,37,30014,488,115034,5,0.24,3,Salaried,PhD,Business,1
493,46,154345,613,461581,10,0.64,3,Self-Employed,Graduate,Education,0
494,28,198207,792,89242,20,0.6,9,Unemployed,Postgraduate,Education,1
495,49,122842,427,390210,10,0.54,9,Self-Employed,PhD,Personal,0
496,46,181953,818,55100,20,0.37,1,Self-Employed,High School,Personal,0
497,30,98077,725,226171,10,0.74,3,Business,High School,Education,0
498,46,159784,486,392314,1,0.78,3,Business,Postgraduate,Personal,0
499,54,72874,849,402575,10,0.22,6,Salaried,PhD,Personal,0
500,61,89087,752,363349,1,0.26,4,Business,Postgraduate,Personal,0
501,27,32297,770,17809,3,0.47,7,Business,PhD,Personal,0
502,24,47128,523,69450,1,0.16,6,Self-Employed,High School,Home,0
503,31,88368,453,305572,10,0.41,9,Unemployed,Graduate,Education,0
504,49,98958,650,493206,15,0.51,8,Business,Graduate,Education,1
505,56,52920,446,339934,15,0.47,7,Unemployed,High School,Car,0
506,45,162228,648,116126,3,0.33,8,Business,Graduate,Business,0
507,41,162180,481,357465,10,0.48,0,Business,Graduate,Car,0
508,56,182917,478,269237,1,0.77,9,Salaried,PhD,Personal,0
509,30,153872,338,49498,15,0.24,2,Business,Postgraduate,Personal,0
510,57,193784,302,121251,20,0.56,4,Salaried,PhD,Home,0
511,29,153682,363,45985,5,0.13,8,Self-Employed,Postgraduate,Home,0
512,44,97603,328,299153,10,0.15,7,Unemployed,Postgraduate,Home,0
513,55,53872,671,480310,20,0.49,9,Business,Graduate,Home,0
514,55,30728,822,395659,20,0.17,6,Salaried,Postgraduate,Home,0
515,56,115102,396,22718,10,0.12,1,Self-Employed,Postgraduate,Home,0
516,38,142049,741,283849,5,0.22,5,Business,High School,Home,0
517,59,40583,502,354762,15,0.5,3,Salaried,Postgraduate,Home,1
518,52,105774,710,67598,5,0.59,4,Salaried,High School,Home,0
519,44,158335,320,345022,3,0.24,4,Self-Employed,PhD,Education,0
520,43,146374,401,279383,1,0.57,3,Business,Graduate,Home,0
521,52,170528,345,313766,1,0.23,3,Business,Postgraduate,Business,0
522,57,111118,365,51665,20,0.53,3,Unemployed,High School,Home,0
523,32,85942,463,299418,15,0.39,1,Business,PhD,Personal,0
524,33,33689,410,409635,5,0.56,0,Salaried,PhD,Personal,0
525,43,184006,637,375512,20,0.8,1,Unemployed,PhD,Home,1
526,45,53276,422,151075,10,0.76,6,Unemployed,High School,Home,0
527,55,121968,746,166938,20,0.1,0,Business,High School,Personal,0
528,61,170945,590,158060,10,0.72,5,Unemployed,Graduate,Business,0
529,50,33050,711,454110,10,0.15,3,Salaried,Postgraduate,Car,0
530,37,86216,580,375707,3,0.77,1,Salaried,PhD,Education,0
531,40,104040,342,226516,3,0.3,2,Self-Employed,Graduate,Personal,0
532,45,41644,785,141746,10,0.37,6,Salaried,High School,Home,0
533,42,82021,350,206610,15,0.16,5,Self-Employed,Graduate,Education,0
534,33,188197,509,360247,3,0.18,5,Unemployed,PhD,Home,0
535,39,62291,425,71446,3,0.61,7,Self-Employed,PhD,Car,0
536,56,186132,791,34072,1,0.76,7,Business,Graduate,Car,0
537,32,152610,808,38717,20,0.53,5,Self-Employed,PhD,Personal,0
538,61,187248,557,223417,1,0.6,0,Business,High School,Education,0
539,39,61520,487,162723,15,0.63,9,Unemployed,PhD,Education,0
540,32,45675,529,384346,3,0.28,6,Self-Employed,Postgraduate,Car,0
541,29,169359,488,442507,3,0.13,7,Salaried,Postgraduate,Home,1
542,27,20174,714,389533,5,0.1,4,Business,PhD,Personal,0
543,48,112268,309,114525,15,0.35,3,Unemployed,Graduate,Business,1
544,34,54998,413,461566,20,0.27,6,Salaried,PhD,Car,0
545,51,163184,375,218092,20,0.14,5,Business,Postgraduate,Car,0
546,39,125410,801,9646,20,0.23,5,Unemployed,High School,Personal,0
547,36,95225,384,306857,15,0.19,2,Unemployed,Postgraduate,Home,0
548,25,64814,348,335080,5,0.74,9,Salaried,PhD,Education,0
549,55,105091,794,180403,5,0.2,3,Unemployed,PhD,Car,0
550,32,70719,686,289329,1,0.48,4,Self-Employed,Graduate,Personal,1
551,45,149887,688,351407,15,0.52,8,Unemployed,PhD,Personal,0
552,41,53919,517,234728,15,0.48,7,Business,PhD,Personal,1
553,56,93155,645,57107,5,0.17,2,Business,High School,Education,0
554,43,91569,529,249865,10,0.32,5,Business,High School,Car,1
555,36,61328,554,464770,10,0.14,9,Self-Employed,High School,Personal,0
556,59,44618,535,284707,1,0.38,0,Salaried,Graduate,Education,0
557,62,54675,325,75729,10,0.23,2,Self-Employed,Graduate,Home,0
558,59,38919,560,282845,10,0.49,9,Self-Employed,Postgraduate,Business,1
559,34,24173,570,205144,10,0.58,6,Self-Employed,Graduate,Car,0
560,51,129369,422,446433,3,0.47,6,Unemployed,High School,Education,0
561,25,46400,556,442826,1,0.4,1,Salaried,Graduate,Business,0
562,55,90305,720,220494,5,0.37,2,Unemployed,PhD,Business,1
563,43,188636,558,257615,10,0.69,6,Self-Employed,Graduate,Education,0
564,49,196886,346,448347,20,0.25,5,Business,PhD,Education,0
565,63,108791,824,133331,3,0.61,6,Self-Employed,Postgraduate,Education,0
566,31,179034,507,165482,10,0.63,9,Salaried,PhD,Personal,1
567,38,90533,610,104280,3,0.39,8,Business,High School,Home,0
568,32,123591,448,194787,1,0.31,7,Salaried,Postgraduate,Personal,0
569,29,161650,737,43665,20,0.43,5,Self-Employed,Postgraduate,Business,1
570,30,151060,454,283101,20,0.17,3,Salaried,Postgraduate,Business,0
571,64,169696,389,446343,20,0.13,9,Unemployed,High School,Business,0
572,37,59194,657,461805,10,0.18,8,Business,PhD,Education,0
573,58,129903,473,313152,3,0.23,6,Salaried,Postgraduate,Car,1
574,27,151461,516,329064,20,0.45,4,Business,High School,Personal,0
575,33,119303,755,264285,15,0.69,1,Business,Postgraduate,Car,0
576,60,133903,498,168947,15,0.26,8,Self-Employed,Postgraduate,Home,1
577,62,87391,785,118828,3,0.75,6,Self-Employed,High School,Home,0
578,29,164866,832,390996,10,0.77,8,Business,Graduate,Personal,1
579,47,78002,499,137698,10,0.77,8,Salaried,Postgraduate,Business,0
580,22,55531,670,95815,1,0.69,9,Business,Graduate,Home,0
581,25,24986,747,199894,1,0.35,4,Self-Employed,Postgraduate,Car,0
582,49,52298,547,469981,20,0.15,6,Salaried,Graduate,Car,0
583,57,21481,563,208485,5,0.5,4,Business,PhD,Education,0
584,58,76408,357,169714,1,0.49,2,Self-Employed,Graduate,Business,0
585,39,141950,601,305455,10,0.69,9,Business,Graduate,Education,1
586,28,167907,330,37356,5,0.8,7,Business,Graduate,Personal,0
587,21,145355,797,270953,1,0.46,7,Business,Graduate,Home,1
588,42,47798,548,441587,3,0.34,8,Salaried,PhD,Education,0
589,37,111649,570,302019,15,0.23,5,Self-Employed,High School,Education,0
590,27,84887,693,246121,1,0.1,1,Self-Employed,Graduate,Personal,1
591,45,39477,801,276609,1,0.46,2,Unemployed,High School,Car,0
592,24,168338,383,202167,3,0.49,9,Business,Postgraduate,Car,1
593,56,147815,664,340988,10,0.68,5,Business,High School,Personal,0
594,26,194598,848,201322,20,0.45,0,Unemployed,Graduate,Car,0
595,51,147426,641,354033,3,0.74,1,Business,High School,Personal,0
596,39,162961,706,20250,20,0.54,7,Salaried,PhD,Car,0
597,64,44335,724,51023,1,0.69,7,Unemployed,PhD,Personal,0
598,59,162326,392,106350,10,0.2,5,Self-Employed,Graduate,Car,0
599,47,106610,711,182696,5,0.7,2,Business,High School,Education,0
600,30,31442,731,21427,1,0.57,1,Self-Employed,Postgraduate,Education,0
601,46,66289,458,431492,3,0.22,5,Business,PhD,Car,1
602,39,73747,313,338787,5,0.23,0,Unemployed,Graduate,Personal,1
603,59,57327,672,215084,15,0.75,9,Self-Employed,PhD,Education,0
604,23,167271,524,139511,5,0.12,5,Business,Graduate,Home,0
605,33,92827,804,484064,3,0.42,8,Salaried,High School,Car,0
606,48,126464,372,223403,5,0.32,6,Unemployed,High School,Home,0
607,40,151184,548,83672,3,0.57,8,Business,High School,Home,0
608,48,107051,810,477919,1,0.69,1,Business,High School,Business,1
609,28,170653,515,22300,10,0.35,4,Business,High School,Home,0
610,61,79722,840,327433,15,0.4,8,Unemployed,Graduate,Home,0
611,59,112036,519,415398,10,0.79,6,Business,PhD,Business,1
612,21,167595,520,468723,10,0.65,8,Business,Postgraduate,Business,0
613,23,86960,688,449128,10,0.73,5,Self-Employed,PhD,Business,1
614,33,39552,341,425125,3,0.41,6,Self-Employed,High School,Personal,0
615,48,161880,582,24659,3,0.26,9,Unemployed,PhD,Business,0
616,45,174692,357,167475,15,0.39,4,Unemployed,PhD,Personal,1
617,53,20887,836,250259,3,0.6,5,Salaried,Graduate,Car,0
618,58,51802,372,431802,20,0.18,0,Business,Postgraduate,Personal,0
619,26,105024,428,15360,3,0.29,0,Self-Employed,Postgraduate,Car,0
620,64,138639,725,288568,3,0.13,1,Self-Employed,High School,Business,0
621,52,138248,424,103035,3,0.4,3,Business,Graduate,Business,0
622,41,101938,366,53791,1,0.68,8,Business,Graduate,Car,0
623,36,142746,305,401281,15,0.12,6,Unemployed,Graduate,Education,0
624,41,46049,613,204867,20,0.57,5,Salaried,Graduate,Personal,0
625,31,97789,625,279444,3,0.75,0,Salaried,Graduate,Home,0
626,57,104526,805,38370,15,0.27,4,Unemployed,Postgraduate,Business,0
627,56,158918,381,205903,5,0.59,3,Unemployed,Postgraduate,Personal,0
628,55,66220,301,32209,1,0.78,4,Self-Employed,PhD,Personal,0
629,39,66163,503,288071,3,0.77,8,Unemployed,Postgraduate,Business,0
630,40,154837,703,39579,20,0.26,2,Salaried,Graduate,Car,0
631,38,137126,402,276176,1,0.17,3,Self-Employed,PhD,Business,0
632,61,101486,835,98254,20,0.2,7,Salaried,Postgraduate,Personal,0
633,34,196342,667,345557,1,0.59,2,Business,PhD,Education,0
634,35,95277,511,438947,5,0.61,2,Salaried,Postgraduate,Car,1
635,51,124245,508,118528,15,0.57,8,Self-Employed,High School,Business,0
636,21,142332,416,228274,1,0.34,4,Salaried,Postgraduate,Home,0
637,23,42931,777,451983,10,0.22,9,Self-Employed,PhD,Business,0
638,36,109116,404,391060,5,0.51,0,Self-Employed,High School,Personal,0
639,43,75633,794,243292,10,0.44,6,Unemployed,Graduate,Personal,0
640,31,71913,345,339446,5,0.61,6,Salaried,PhD,Home,0
641,32,114776,630,186026,10,0.41,5,Unemployed,Graduate,Car,0
642,30,45991,515,253342,10,0.34,5,Unemployed,Graduate,Personal,1
643,52,124092,791,224437,20,0.31,2,Salaried,PhD,Car,0
644,36,161633,748,352901,1,0.25,2,Self-Employed,Graduate,Car,1
645,28,167973,835,423318,1,0.29,9,Business,PhD,Business,0
646,58,115556,810,432649,5,0.17,8,Salaried,PhD,Car,0
647,32,82875,757,283076,15,0.34,0,Unemployed,Postgraduate,Personal,0
648,44,176989,846,292858,20,0.13,6,Unemployed,High School,Personal,0
649,48,82120,835,62803,1,0.23,9,Self-Employed,Graduate,Education,0
650,28,153060,839,437959,1,0.62,6,Unemployed,Graduate,Car,1
651,48,130041,783,138624,20,0.33,7,Business,High School,Education,0
652,56,148467,315,61627,3,0.57,5,Unemployed,High School,Business,0
653,46,165328,542,182059,20,0.6,7,Self-Employed,High School,Education,0
654,28,138490,506,346954,1,0.51,0,Salaried,High School,Car,0
655,48,146155,570,50380,15,0.77,0,Self-Employed,High School,Personal,0
656,48,48230,414,165322,3,0.12,8,Unemployed,Postgraduate,Business,0
657,57,79778,598,204416,10,0.62,3,Self-Employed,PhD,Car,0
658,61,65833,782,331830,20,0.77,2,Unemployed,High School,Business,0
659,56,42625,696,387465,10,0.7,5,Self-Employed,Postgraduate,Home,0
660,47,52088,693,312172,3,0.22,9,Salaried,High School,Car,1
661,37,192239,374,151367,3,0.33,8,Unemployed,High School,Home,1
662,29,123937,781,380285,3,0.22,9,Business,Graduate,Education,0
663,53,96361,402,322392,5,0.52,3,Business,Graduate,Car,0
664,40,108229,596,478421,20,0.6,8,Business,Graduate,Home,1
665,33,155189,477,277667,15,0.32,4,Business,Graduate,Personal,0
666,48,110265,514,312674,15,0.48,6,Unemployed,PhD,Education,0
667,49,117718,614,264125,10,0.58,2,Unemployed,PhD,Car,0
668,33,80710,338,18769,10,0.39,2,Salaried,Graduate,Car,0
669,55,114876,558,461258,10,0.7,2,Self-Employed,Graduate,Personal,1
670,26,50949,306,117035,20,0.64,7,Unemployed,High School,Personal,0
671,38,173619,348,180717,1,0.15,5,Business,High School,Home,1
672,25,88136,837,226815,10,0.53,8,Unemployed,Graduate,Home,0
673,45,131541,460,460358,3,0.26,8,Business,Graduate,Home,0
674,22,81842,475,236832,10,0.49,7,Salaried,Graduate,Business,1
675,30,46990,301,161629,3,0.77,0,Self-Employed,High School,Education,1
676,50,167265,754,239799,5,0.72,5,Unemployed,Graduate,Car,0
677,25,50109,575,346926,1,0.38,3,Self-Employed,Graduate,Education,0
678,53,150356,797,345526,1,0.3,3,Business,PhD,Personal,0
679,21,170305,327,173157,20,0.26,2,Business,PhD,Education,0
680,38,148133,632,448924,20,0.47,8,Self-Employed,High School,Education,0
681,52,185582,300,449573,15,0.18,1,Salaried,PhD,Home,0
682,31,21306,487,378083,5,0.48,0,Self-Employed,High School,Personal,0
683,41,23849,355,149542,20,0.1,9,Self-Employed,Postgraduate,Education,0
684,46,32360,846,345856,3,0.33,2,Unemployed,Graduate,Car,0
685,45,131072,411,123643,5,0.25,3,Unemployed,High School,Home,0
686,42,114767,609,374561,1,0.78,3,Business,PhD,Education,0
687,47,196872,335,215154,3,0.61,5,Unemployed,Postgraduate,Personal,0
688,33,188035,738,142877,5,0.34,0,Salaried,PhD,Car,0
689,53,74330,624,218396,1,0.16,0,Salaried,High School,Personal,0
690,54,71707,606,395400,20,0.46,1,Salaried,Postgraduate,Personal,0
691,61,38689,833,230956,3,0.25,3,Business,PhD,Personal,0
692,55,49084,408,460244,3,0.48,6,Salaried,Postgraduate,Business,1
693,21,60387,671,186844,1,0.68,5,Salaried,Graduate,Car,0
694,41,94816,656,450320,3,0.53,8,Unemployed,Graduate,Personal,0
695,26,22642,480,471832,20,0.54,6,Business,Postgraduate,Business,0
696,48,62137,655,106422,20,0.48,4,Self-Employed,PhD,Home,0
697,37,82260,367,356444,20,0.75,5,Salaried,PhD,Business,1
698,25,166510,591,273774,1,0.75,9,Unemployed,PhD,Home,0
699,51,68442,480,391618,10,0.46,8,Self-Employed,Graduate,Business,1
700,25,123061,765,366013,10,0.31,0,Salaried,High School,Personal,0
701,58,154066,733,282845,3,0.42,8,Self-Employed,High School,Business,0
702,23,145844,763,150931,20,0.23,5,Self-Employed,Postgraduate,Business,0
703,43,119575,833,419399,3,0.55,3,Business,PhD,Personal,0
704,57,21813,365,438654,1,0.45,4,Business,Postgraduate,Home,1
705,57,113027,320,364429,3,0.17,0,Salaried,High School,Personal,0
706,30,143489,683,122556,15,0.24,6,Salaried,High School,Car,0
707,30,104381,338,233495,10,0.44,7,Business,PhD,Business,0
708,39,75276,584,259809,3,0.72,4,Salaried,Postgraduate,Car,1
709,37,61243,635,440460,3,0.5,1,Salaried,PhD,Personal,0
710,41,80272,487,210384,5,0.58,7,Business,High School,Personal,0
711,34,193123,542,20021,3,0.34,9,Self-Employed,High School,Education,0
712,29,85618,372,205935,15,0.5,6,Salaried,PhD,Car,0
713,21,21920,778,453781,10,0.41,9,Unemployed,Postgraduate,Education,0
714,33,126121,400,446259,5,0.56,8,Business,Graduate,Car,0
715,24,96872,813,209222,1,0.14,3,Salaried,PhD,Education,0
716,21,101132,475,69361,1,0.45,8,Salaried,High School,Education,1
717,60,22093,537,399461,10,0.31,3,Business,Graduate,Car,1
718,52,32905,358,439227,1,0.33,2,Unemployed,PhD,Personal,0
719,54,141759,398,277499,15,0.77,2,Unemployed,Graduate,Home,0
720,48,175423,794,103841,3,0.23,9,Business,PhD,Personal,1
721,51,50981,813,446908,10,0.32,1,Unemployed,High School,Home,0
722,28,93903,596,185076,5,0.46,9,Salaried,PhD,Car,0
723,59,90821,510,251300,3,0.7,2,Unemployed,Graduate,Business,1
724,46,129200,422,165786,1,0.39,7,Salaried,Postgraduate,Personal,0
725,54,102289,528,22198,1,0.62,7,Self-Employed,High School,Education,0
726,23,136506,687,334095,5,0.7,1,Unemployed,High School,Personal,0
727,32,98513,439,399868,15,0.32,1,Self-Employed,Graduate,Car,0
728,21,170946,840,441841,5,0.37,1,Business,PhD,Business,0
729,64,158746,690,263466,10,0.35,9,Unemployed,PhD,Business,0
730,25,70516,569,484198,5,0.68,6,Salaried,PhD,Personal,0
731,50,89212,311,23740,1,0.13,5,Unemployed,High School,Personal,1
732,50,153498,688,270954,15,0.32,0,Business,High School,Personal,0
733,37,150970,636,390887,15,0.58,1,Business,Graduate,Car,0
734,43,110009,805,414785,20,0.5,0,Salaried,PhD,Home,0
735,35,181015,405,263308,5,0.41,6,Unemployed,PhD,Home,0
736,57,64816,331,104855,10,0.48,5,Self-Employed,Graduate,Education,0
737,41,24138,373,215192,1,0.24,1,Business,High School,Car,0
738,34,111176,470,293927,3,0.4,1,Business,High School,Business,0
739,22,95945,368,126701,15,0.45,1,Salaried,Postgraduate,Education,0
740,31,24017,661,497281,5,0.73,7,Unemployed,Postgraduate,Business,0
741,59,30451,732,345191,20,0.28,6,Self-Employed,PhD,Business,0
742,58,113863,399,276615,10,0.71,0,Unemployed,High School,Personal,0
743,54,30278,308,115771,10,0.55,3,Unemployed,PhD,Business,0
744,58,63764,328,11163,1,0.11,3,Self-Employed,High School,Business,1
745,54,143030,413,461303,15,0.61,6,Salaried,Postgraduate,Car,1
746,38,152206,761,329215,1,0.12,1,Business,Graduate,Personal,0
747,50,82943,442,21065,20,0.8,3,Salaried,High School,Personal,1
748,35,115667,689,389467,3,0.71,0,Salaried,Postgraduate,Education,0
749,47,74318,456,246262,3,0.31,3,Unemployed,Postgraduate,Personal,1
750,54,123423,634,385113,3,0.28,0,Self-Employed,High School,Home,0
751,58,123998,559,350600,10,0.37,1,Business,PhD,Car,0
752,53,80128,381,253924,15,0.35,1,Unemployed,High School,Education,0
753,44,41869,740,184420,1,0.36,9,Business,Postgraduate,Home,0
754,35,25039,471,286298,1,0.32,2,Unemployed,High School,Business,0
755,50,172353,530,372847,20,0.53,7,Self-Employed,Graduate,Home,0
756,62,132935,374,25229,3,0.21,5,Business,PhD,Education,0
757,37,30442,569,319731,15,0.69,5,Business,High School,Personal,0
758,25,93788,361,255470,15,0.67,8,Salaried,Postgraduate,Car,0
759,49,139729,619,316857,20,0.43,7,Unemployed,Postgraduate,Education,0
760,24,47586,401,163069,5,0.7,1,Unemployed,PhD,Home,1
761,30,73053,728,26101,15,0.27,5,Unemployed,High School,Home,0
762,37,106346,554,45391,15,0.11,0,Salaried,Postgraduate,Education,1
763,30,87087,831,211935,1,0.53,8,Salaried,PhD,Education,1
764,37,163697,411,77723,20,0.42,3,Business,Graduate,Education,0
765,40,54397,612,231293,15,0.5,3,Unemployed,PhD,Personal,0
766,44,78671,760,195477,15,0.73,8,Unemployed,High School,Education,0
767,25,136214,761,171020,1,0.78,2,Business,High School,Business,1
768,54,86897,391,367408,15,0.54,4,Business,Postgraduate,Car,0
769,26,177221,351,451247,1,0.63,0,Business,Graduate,Car,0
770,22,156355,819,305065,5,0.16,5,Self-Employed,High School,Business,0
771,33,158682,397,470787,10,0.21,2,Self-Employed,Postgraduate,Home,1
772,63,194398,535,475223,1,0.61,0,Business,PhD,Home,0
773,63,34924,673,295604,1,0.4,9,Salaried,PhD,Home,1
774,31,133143,533,419287,15,0.41,5,Salaried,High School,Home,0
775,43,130253,331,202190,1,0.32,9,Unemployed,Graduate,Personal,0
776,36,120297,588,184354,20,0.53,1,Self-Employed,Postgraduate,Business,0
777,51,20869,841,96725,3,0.23,7,Self-Employed,High School,Car,1
778,31,117088,413,325589,3,0.54,1,Business,Postgraduate,Business,0
779,36,21014,503,217139,5,0.22,3,Business,PhD,Car,1
780,28,30103,328,349352,1,0.14,2,Business,Postgraduate,Home,0
781,24,130317,773,453032,20,0.33,8,Business,PhD,Personal,0
782,60,184530,552,373427,15,0.26,1,Business,Graduate,Education,0
783,24,102409,685,90779,15,0.72,2,Salaried,Graduate,Education,0
784,45,43248,361,8060,10,0.14,6,Salaried,PhD,Home,0
785,23,194588,814,130806,5,0.22,3,Business,High School,Home,1
786,52,180133,729,280875,20,0.48,5,Salaried,PhD,Business,1
787,23,175242,836,344974,20,0.44,2,Business,Postgraduate,Personal,0
788,47,28024,440,120871,15,0.13,0,Business,Postgraduate,Personal,0
789,49,105947,599,25719,10,0.11,5,Self-Employed,Postgraduate,Business,0
790,52,194875,610,445258,15,0.79,3,Salaried,High School,Personal,1
791,39,170368,770,54116,10,0.56,1,Salaried,Graduate,Personal,0
792,41,111829,692,31325,3,0.36,6,Self-Employed,Graduate,Education,1
793,25,112708,744,420813,20,0.43,9,Salaried,Postgraduate,Personal,0
794,38,106664,471,465655,3,0.29,4,Self-Employed,High School,Home,0
795,48,169329,330,19551,15,0.34,5,Unemployed,Postgraduate,Education,1
796,62,163927,346,360431,5,0.55,5,Salaried,Graduate,Home,0
797,42,105178,429,291422,1,0.72,8,Business,PhD,Home,0
798,41,121121,651,489405,5,0.23,1,Self-Employed,Postgraduate,Business,1
799,26,40025,357,20141,5,0.69,5,Business,Postgraduate,Personal,0
800,21,155530,405,335057,1,0.19,8,Business,Postgraduate,Personal,0
801,25,83610,629,300759,20,0.25,3,Salaried,Graduate,Personal,0
802,61,90843,682,127058,3,0.13,5,Self-Employed,High School,Personal,0
803,32,127237,461,198823,3,0.2,6,Unemployed,PhD,Education,0
804,46,194499,585,117684,20,0.74,0,Business,PhD,Car,0
805,54,150299,370,294596,1,0.42,4,Business,PhD,Home,0
806,34,189578,753,420941,10,0.15,3,Unemployed,Postgraduate,Car,0
807,46,25668,696,55391,5,0.77,9,Self-Employed,Graduate,Car,0
808,47,198267,814,125288,15,0.72,1,Salaried,PhD,Car,0
809,29,93233,325,211132,3,0.63,1,Business,Postgraduate,Education,0
810,46,175489,612,118535,20,0.75,1,Salaried,High School,Car,0
811,42,101982,425,147770,15,0.25,6,Self-Employed,Postgraduate,Education,0
812,50,126133,707,244947,1,0.69,3,Unemployed,PhD,Business,0
813,63,30751,497,91711,15,0.58,5,Salaried,PhD,Business,1
814,37,66218,487,344994,15,0.71,6,Self-Employed,High School,Business,0
815,46,146649,783,376877,5,0.66,8,Salaried,Graduate,Education,0
816,56,27352,749,269509,1,0.34,1,Salaried,High School,Education,0
817,21,108835,822,233625,15,0.64,9,Business,High School,Home,0
818,28,117493,653,364806,3,0.28,8,Salaried,PhD,Car,0
819,55,48927,399,48372,1,0.33,4,Business,PhD,Personal,1
820,35,192166,577,49134,3,0.18,5,Self-Employed,Graduate,Personal,0
821,42,121948,790,304967,20,0.75,5,Self-Employed,PhD,Car,0
822,34,49493,554,76158,20,0.3,2,Business,High School,Personal,0
823,46,51707,680,363220,10,0.46,9,Unemployed,High School,Personal,0
824,48,158368,841,242159,20,0.37,6,Salaried,Graduate,Personal,0
825,43,176470,563,138021,15,0.77,6,Self-Employed,PhD,Education,0
826,34,55842,628,54396,1,0.33,7,Self-Employed,PhD,Education,0
827,44,33261,414,375480,20,0.64,4,Unemployed,High School,Education,0
828,22,96709,575,36912,3,0.7,1,Self-Employed,High School,Car,0
829,46,115985,787,61947,15,0.4,2,Business,PhD,Business,0
830,34,126616,580,495913,20,0.36,8,Unemployed,Postgraduate,Personal,0
831,27,87173,574,49387,5,0.62,5,Self-Employed,High School,Home,1
832,23,51781,627,462181,3,0.74,7,Unemployed,High School,Education,0
833,43,33652,510,283652,3,0.63,7,Unemployed,High School,Home,1
834,63,25103,325,312736,10,0.26,4,Self-Employed,Graduate,Personal,0
835,38,45500,326,114249,5,0.72,0,Self-Employed,PhD,Business,0
836,58,120336,382,6919,10,0.37,5,Self-Employed,PhD,Home,0
837,55,186601,712,309739,20,0.5,6,Unemployed,PhD,Personal,1
838,35,133499,466,145689,5,0.68,8,Business,High School,Personal,0
839,45,169524,468,473484,3,0.23,1,Business,PhD,Education,0
840,57,69393,528,38298,10,0.65,1,Salaried,PhD,Business,0
841,48,182246,666,242225,15,0.52,9,Self-Employed,PhD,Personal,0
842,30,186508,827,405145,5,0.73,0,Business,Graduate,Business,0
843,59,67406,837,238725,3,0.22,4,Salaried,Graduate,Education,0
844,37,83059,823,281600,1,0.39,1,Salaried,High School,Home,0
845,59,167026,371,114599,5,0.68,2,Self-Employed,PhD,Car,0
846,42,102722,405,353820,5,0.11,1,Salaried,High School,Car,0
847,46,32356,581,88721,20,0.18,3,Business,High School,Car,0
848,64,148128,432,305068,15,0.79,2,Salaried,High School,Business,0
849,45,22187,833,291384,20,0.3,8,Salaried,High School,Car,0
850,37,97243,568,354525,5,0.78,9,Business,High School,Home,0
851,33,55098,711,276372,5,0.23,1,Salaried,High School,Personal,0
852,40,172297,317,288830,15,0.35,6,Salaried,Graduate,Business,0
853,45,154678,416,16920,15,0.63,2,Unemployed,Postgraduate,Home,0
854,24,77620,443,12432,10,0.56,9,Salaried,Graduate,Business,0
855,30,183900,721,461791,3,0.51,7,Salaried,High School,Business,0
856,23,146270,668,115507,3,0.47,3,Unemployed,Postgraduate,Business,0
857,61,177561,349,397653,10,0.69,3,Unemployed,Postgraduate,Education,0
858,38,34387,405,338869,3,0.26,8,Unemployed,PhD,Personal,0
859,56,89463,515,229647,5,0.41,2,Self-Employed,High School,Car,0
860,42,153663,724,169982,10,0.21,6,Self-Employed,High School,Education,1
861,54,199588,371,126764,10,0.52,0,Business,Graduate,Personal,0
862,28,111683,745,166298,3,0.28,6,Salaried,Postgraduate,Car,0
863,60,82061,485,209222,1,0.33,9,Business,Postgraduate,Education,0
864,64,101257,369,326243,3,0.43,1,Self-Employed,High School,Education,0
865,39,81753,449,117557,20,0.12,5,Salaried,PhD,Home,1
866,62,104774,545,353904,1,0.16,8,Salaried,High School,Education,1
867,61,162159,837,23013,10,0.58,5,Unemployed,Postgraduate,Business,0
868,57,181888,398,26446,1,0.4,2,Self-Employed,PhD,Education,1
869,26,43408,577,372353,5,0.71,0,Salaried,PhD,Business,0
870,46,144116,754,206447,15,0.59,3,Unemployed,Postgraduate,Personal,0
871,54,151208,403,460725,1,0.11,3,Salaried,High School,Personal,1
872,26,37413,532,107261,20,0.53,7,Self-Employed,High School,Business,0
873,57,133650,693,362883,15,0.17,9,Business,High School,Home,1
874,53,79500,800,267701,5,0.65,9,Business,Graduate,Home,0
875,42,104514,550,428882,20,0.79,6,Salaried,Graduate,Personal,0
876,41,76358,820,173461,15,0.47,9,Unemployed,PhD,Education,1
877,26,86197,378,183772,5,0.58,6,Unemployed,High School,Personal,0
878,26,183926,351,135878,15,0.27,6,Unemployed,Graduate,Personal,0
879,24,96240,525,104143,15,0.41,1,Self-Employed,PhD,Business,0
880,50,36322,350,29578,3,0.7,8,Business,Postgraduate,Home,0
881,31,133053,485,79779,20,0.22,5,Business,Postgraduate,Business,1
882,50,26968,333,145668,20,0.29,1,Salaried,High School,Personal,0
883,51,47518,430,324644,1,0.41,0,Business,Postgraduate,Car,0
884,44,71925,742,77534,20,0.6,0,Unemployed,Postgraduate,Education,0
885,29,131900,731,277273,20,0.36,0,Self-Employed,Postgraduate,Personal,1
886,23,113422,796,461610,15,0.75,3,Unemployed,PhD,Business,0
887,51,21700,702,202118,10,0.17,3,Unemployed,Postgraduate,Car,0
888,60,113782,622,278740,3,0.36,8,Business,Postgraduate,Car,0
889,57,43199,509,70355,1,0.6,0,Self-Employed,PhD,Personal,1
890,56,195661,628,17974,3,0.26,2,Self-Employed,Graduate,Home,1
891,44,183187,671,202745,1,0.56,2,Unemployed,PhD,Car,0
892,51,25520,759,379148,5,0.21,7,Salaried,Graduate,Education,0
893,26,129814,432,256366,15,0.14,1,Business,PhD,Business,0
894,22,187527,420,393938,20,0.18,5,Salaried,High School,Business,0
895,40,143364,751,491649,20,0.75,3,Unemployed,Postgraduate,Business,1
896,48,192677,428,337346,10,0.49,9,Business,Graduate,Personal,0
897,31,34955,390,79442,3,0.66,5,Salaried,PhD,Business,0
898,24,195121,328,157890,3,0.33,4,Salaried,Graduate,Business,0
899,35,164989,823,441462,3,0.51,8,Salaried,Graduate,Education,1
900,26,84925,632,60598,20,0.45,8,Business,Postgraduate,Home,0
901,50,127216,596,138726,3,0.76,0,Salaried,Graduate,Personal,0
902,58,90269,429,38758,15,0.62,2,Self-Employed,PhD,Personal,0
903,22,182026,592,291348,1,0.61,0,Unemployed,High School,Business,1
904,35,61458,472,132309,20,0.13,5,Business,High School,Education,0
905,31,109037,323,171000,15,0.48,2,Self-Employed,Postgraduate,Car,0
906,28,172185,398,189681,5,0.43,0,Salaried,PhD,Business,0
907,46,119977,705,35552,15,0.75,5,Unemployed,PhD,Business,0
908,64,63939,655,408552,15,0.28,4,Salaried,High School,Personal,0
909,25,49345,438,314181,5,0.29,7,Self-Employed,PhD,Personal,0
910,26,197385,802,152278,15,0.39,1,Salaried,Graduate,Business,0
911,46,130107,473,39831,1,0.27,7,Business,Postgraduate,Personal,0
912,24,141866,328,48563,20,0.19,4,Self-Employed,High School,Education,1
913,39,89166,795,23361,10,0.7,7,Business,Postgraduate,Car,1
914,40,198933,650,308479,5,0.49,9,Unemployed,Graduate,Car,0
915,53,117406,598,79469,20,0.7,3,Business,High School,Car,0
916,40,69298,491,30816,3,0.68,3,Business,PhD,Business,0
917,32,198293,363,262422,1,0.3,9,Salaried,PhD,Business,0
918,21,64942,514,151691,10,0.48,3,Salaried,Graduate,Business,0
919,46,23453,465,239295,1,0.16,5,Self-Employed,High School,Education,0
920,34,122811,842,97479,1,0.74,3,Unemployed,Postgraduate,Car,0
921,58,74935,531,31819,3,0.38,8,Self-Employed,High School,Personal,0
922,57,142439,840,409957,10,0.38,8,Unemployed,PhD,Personal,0
923,31,194442,494,389474,1,0.31,2,Unemployed,High School,Home,0
924,56,28328,805,13798,3,0.42,6,Business,High School,Home,0
925,33,35534,633,161215,5,0.28,4,Salaried,PhD,Personal,0
926,63,105280,603,316839,3,0.36,8,Unemployed,PhD,Car,0
927,23,56320,736,430963,15,0.66,1,Salaried,Postgraduate,Business,0
928,53,69170,622,248942,20,0.68,2,Unemployed,High School,Personal,0
929,26,120546,801,235259,3,0.31,9,Salaried,PhD,Personal,0
930,30,100201,692,134544,3,0.43,4,Self-Employed,Graduate,Home,0
931,25,28640,448,157254,3,0.71,4,Salaried,PhD,Car,0
932,43,181121,704,258800,1,0.14,9,Business,Postgraduate,Personal,0
933,30,156690,582,14415,10,0.72,6,Unemployed,Postgraduate,Business,0
934,64,152992,661,409301,3,0.25,7,Business,Graduate,Business,1
935,22,63937,678,413224,3,0.57,7,Unemployed,Postgraduate,Education,0
936,33,163279,497,92638,15,0.51,0,Business,High School,Business,0
937,60,184044,655,23452,15,0.49,0,Unemployed,Postgraduate,Personal,0
938,22,161871,839,462291,5,0.7,2,Salaried,Graduate,Personal,0
939,40,179988,728,406336,5,0.17,0,Unemployed,Postgraduate,Business,0
940,21,90463,316,200457,15,0.34,0,Business,Graduate,Home,0
941,57,113500,678,471572,10,0.48,9,Business,Postgraduate,Car,0
942,29,57158,805,115205,5,0.67,7,Unemployed,PhD,Personal,0
943,37,104607,375,23170,20,0.25,0,Unemployed,Graduate,Business,0
944,29,139639,530,21259,20,0.66,8,Self-Employed,Postgraduate,Business,0
945,31,91696,547,289243,10,0.38,1,Self-Employed,High School,Personal,1
946,35,81510,601,145721,15,0.23,8,Salaried,Graduate,Education,0
947,44,140076,514,134394,5,0.63,6,Salaried,Graduate,Car,0
948,58,78692,457,494007,3,0.16,8,Salaried,Postgraduate,Personal,0
949,55,150841,368,326402,15,0.46,2,Salaried,PhD,Business,0
950,50,35810,692,177109,5,0.14,0,Salaried,PhD,Education,0
951,51,156198,384,278949,10,0.35,0,Unemployed,Postgraduate,Personal,0
952,25,181081,566,259599,20,0.52,9,Self-Employed,Postgraduate,Car,1
953,64,131718,368,48147,10,0.49,5,Unemployed,High School,Education,0
954,34,110932,646,79280,5,0.38,6,Self-Employed,Postgraduate,Business,0
955,31,20192,722,182125,10,0.4,8,Self-Employed,Graduate,Home,0
956,29,56413,473,373921,5,0.26,5,Business,Postgraduate,Car,0
957,54,163888,414,102841,5,0.42,4,Business,High School,Education,0
958,32,59082,519,489609,10,0.77,1,Self-Employed,Postgraduate,Personal,0
959,55,85048,330,129726,1,0.7,1,Unemployed,Postgraduate,Personal,0
960,55,143130,822,395503,3,0.2,7,Self-Employed,Graduate,Education,1
961,21,70940,642,81215,15,0.12,0,Salaried,PhD,Personal,0
962,60,183202,676,117909,20,0.75,7,Unemployed,Postgraduate,Education,0
963,42,60142,429,362509,3,0.47,9,Unemployed,High School,Car,0
964,49,56468,838,278129,15,0.48,6,Self-Employed,Postgraduate,Personal,0
965,28,181770,301,492039,15,0.65,6,Salaried,Postgraduate,Car,0
966,31,161727,400,279535,20,0.32,4,Self-Employed,Graduate,Business,0
967,61,198969,832,9861,3,0.44,2,Salaried,PhD,Business,0
968,57,181147,357,461798,20,0.78,6,Unemployed,PhD,Business,1
969,34,160431,688,266968,5,0.57,6,Self-Employed,PhD,Business,0
970,50,149048,640,188000,20,0.21,6,Salaried,Postgraduate,Personal,0
971,55,62056,319,301508,10,0.19,1,Business,Graduate,Education,0
972,41,71831,554,349543,1,0.24,2,Unemployed,Graduate,Personal,0
973,57,79191,616,495251,1,0.64,2,Unemployed,Postgraduate,Personal,0
974,25,141948,337,254072,1,0.31,3,Business,Graduate,Car,0
975,39,184344,836,229402,3,0.11,8,Salaried,PhD,Education,0
976,34,128117,685,47923,3,0.76,9,Unemployed,Graduate,Home,0
977,46,34671,325,406135,5,0.22,0,Salaried,Postgraduate,Home,0
978,24,47048,753,191968,1,0.11,6,Business,Postgraduate,Education,0
979,45,45963,622,352962,5,0.27,6,Self-Employed,High School,Home,0
980,62,63954,812,445612,1,0.26,3,Unemployed,High School,Education,0
981,45,115430,312,170912,3,0.4,0,Unemployed,Graduate,Car,0
982,38,20717,670,178327,10,0.74,2,Salaried,Graduate,Car,0
983,60,31676,590,338304,10,0.72,4,Unemployed,Postgraduate,Personal,0
984,28,155506,631,133165,10,0.42,1,Self-Employed,High School,Home,0
985,59,138696,560,235314,20,0.39,6,Business,High School,Education,0
986,60,150830,504,406392,10,0.49,9,Unemployed,PhD,Car,0
987,34,24994,686,300673,15,0.27,9,Business,PhD,Personal,0
988,52,24234,767,454622,1,0.14,6,Salaried,Postgraduate,Home,0
989,58,89300,714,149013,10,0.76,9,Self-Employed,Postgraduate,Home,0
990,53,63949,368,6669,15,0.23,4,Unemployed,Postgraduate,Home,1
991,43,57405,771,221854,15,0.24,9,Business,Postgraduate,Car,0
992,35,54872,403,384517,15,0.43,5,Self-Employed,High School,Car,0
993,53,62215,460,312003,5,0.44,0,Business,Postgraduate,Home,0
994,45,43185,499,60786,5,0.11,3,Salaried,Postgraduate,Car,1
995,37,194514,515,187155,15,0.2,3,Self-Employed,High School,Home,0
996,53,61153,511,438292,20,0.36,7,Self-Employed,PhD,Business,0
997,22,97535,807,25323,10,0.58,1,Salaried,Postgraduate,Car,1
998,34,153653,315,235502,1,0.26,0,Salaried,PhD,Education,0
999,60,71717,797,262249,20,0.4,6,Unemployed,High School,Car,0
1000,60,22763,631,11021,3,0.49,5,Salaried,PhD,Home,1
1001,59,112910,555,306951,5,0.72,4,Salaried,High School,Education,0
1002,26,75480,471,395449,10,0.33,7,Business,Postgraduate,Personal,0
1003,26,189831,797,317499,10,0.19,1,Self-Employed,PhD,Education,0
1004,23,138094,770,118415,3,0.44,1,Business,Postgraduate,Education,0
1005,27,176379,683,442948,3,0.62,8,Salaried,Graduate,Car,0
1006,28,31064,806,275855,10,0.18,0,Unemployed,Graduate,Education,0
1007,62,96848,826,461295,3,0.4,5,Business,PhD,Education,0
1008,35,57548,624,12904,10,0.11,2,Business,High School,Home,0
1009,49,188017,513,69033,20,0.12,4,Self-Employed,PhD,Car,1
1010,53,199009,507,236659,3,0.44,7,Self-Employed,High School,Home,0
1011,50,26476,468,353622,20,0.31,6,Self-Employed,Graduate,Car,0
1012,59,110101,629,125035,20,0.69,3,Unemployed,High School,Personal,0
1013,47,22382,579,225859,3,0.52,7,Unemployed,Graduate,Education,0
1014,56,196348,604,191168,10,0.42,9,Salaried,PhD,Car,0
1015,49,184474,445,226666,15,0.39,1,Salaried,Postgraduate,Education,0
1016,58,178018,815,236853,10,0.45,6,Self-Employed,Postgraduate,Education,0
1017,53,99698,389,270237,1,0.13,4,Business,Postgraduate,Business,0
1018,57,173407,752,292062,3,0.72,5,Self-Employed,High School,Home,0
1019,47,65095,359,470959,5,0.8,2,Salaried,Postgraduate,Car,0
1020,53,149974,610,198708,3,0.23,9,Business,High School,Personal,0
1021,24,47197,827,194878,1,0.18,6,Salaried,Postgraduate,Business,0
1022,42,147619,526,145466,20,0.2,6,Unemployed,High School,Home,0
1023,22,42010,773,129501,5,0.56,1,Self-Employed,High School,Personal,0
1024,30,175195,840,265228,5,0.56,0,Self-Employed,Graduate,Personal,0
1025,25,107923,378,97510,10,0.69,9,Business,Graduate,Education,0
1026,30,153962,732,98708,15,0.63,1,Self-Employed,PhD,Home,0
1027,53,150526,452,102819,10,0.41,7,Salaried,Graduate,Business,0
1028,58,129162,700,240603,5,0.53,9,Salaried,High School,Car,1
1029,33,140927,578,411496,5,0.58,2,Unemployed,Graduate,Car,0
1030,51,28026,356,41303,15,0.46,3,Salaried,Graduate,Business,0
1031,56,84925,485,32453,3,0.43,7,Business,Graduate,Education,0
1032,44,88842,697,376030,15,0.55,2,Salaried,High School,Education,1
1033,35,53665,457,327839,20,0.49,5,Unemployed,High School,Personal,0
1034,49,29277,658,204521,10,0.55,1,Unemployed,PhD,Home,1
1035,28,193311,739,161837,3,0.53,2,Self-Employed,Graduate,Personal,1
1036,25,198736,765,400556,10,0.6,0,Business,Graduate,Car,1
1037,49,68008,745,227787,15,0.55,8,Salaried,High School,Business,1
1038,24,34683,787,491625,3,0.46,3,Unemployed,PhD,Home,0
1039,32,151742,829,43057,15,0.58,5,Salaried,PhD,Business,1
1040,22,168961,372,398813,20,0.41,6,Unemployed,High School,Home,0
1041,47,195607,316,194060,1,0.27,1,Self-Employed,Graduate,Car,1
1042,51,98542,830,99655,5,0.1,7,Unemployed,PhD,Car,0
1043,56,74319,625,282169,3,0.49,8,Self-Employed,PhD,Home,0
1044,56,112067,845,274289,5,0.51,9,Business,Graduate,Education,0
1045,46,172711,501,106206,1,0.78,1,Salaried,PhD,Home,0
1046,63,167705,643,191869,3,0.35,4,Salaried,Graduate,Car,0
1047,47,185732,822,308867,5,0.38,1,Self-Employed,PhD,Business,0
1048,25,88975,699,78230,5,0.24,4,Business,PhD,Personal,1
1049,40,183244,517,403046,3,0.15,6,Self-Employed,High School,Business,0
1050,31,121158,744,160002,5,0.64,5,Unemployed,PhD,Car,0
1051,30,31577,521,421968,5,0.27,3,Self-Employed,Graduate,Business,0
1052,60,97299,682,113138,3,0.53,1,Business,PhD,Education,0
1053,58,40176,306,212097,5,0.58,6,Unemployed,High School,Education,0
1054,26,195458,571,496444,5,0.43,9,Salaried,PhD,Home,1
1055,28,83972,315,217376,10,0.71,8,Salaried,Postgraduate,Business,0
1056,43,140018,723,67040,20,0.41,0,Salaried,Graduate,Business,0
1057,46,192075,823,113668,10,0.3,2,Business,Postgraduate,Car,0
1058,63,39996,320,203768,1,0.73,6,Business,High School,Home,1
1059,32,120922,527,462864,10,0.7,8,Business,Postgraduate,Home,0
1060,46,106598,587,322174,10,0.21,4,Business,PhD,Business,0
1061,33,55931,433,61815,1,0.12,6,Business,Graduate,Personal,0
1062,60,144168,582,221741,5,0.16,9,Unemployed,Postgraduate,Business,0
1063,38,186782,703,117789,5,0.3,6,Self-Employed,PhD,Business,1
1064,45,143099,365,433906,10,0.78,3,Salaried,Postgraduate,Business,0
1065,53,54693,736,224478,1,0.49,4,Business,PhD,Education,0
1066,60,186812,558,488248,5,0.36,1,Salaried,PhD,Home,0
1067,63,128944,402,325067,15,0.72,7,Business,Postgraduate,Education,0
1068,32,37374,400,172644,3,0.42,0,Salaried,High School,Personal,0
1069,64,101471,497,190102,3,0.32,1,Self-Employed,Graduate,Car,0
1070,56,65913,525,335048,20,0.76,2,Salaried,High School,Personal,0
1071,24,143683,762,249533,3,0.69,6,Salaried,Postgraduate,Home,1
1072,25,64516,536,242469,10,0.69,5,Business,PhD,Car,0
1073,57,107796,325,238308,3,0.46,6,Unemployed,Postgraduate,Personal,0
1074,28,46069,420,165275,3,0.65,4,Unemployed,PhD,Home,0
1075,62,138333,805,82088,15,0.23,3,Salaried,PhD,Personal,0
1076,48,104811,481,10608,5,0.5,6,Unemployed,High School,Car,0
1077,51,138028,842,50667,15,0.79,2,Self-Employed,High School,Car,0
1078,29,59178,614,60547,10,0.3,9,Self-Employed,Postgraduate,Personal,0
1079,49,52821,572,420701,3,0.66,6,Unemployed,Graduate,Education,1
1080,34,36999,531,408078,5,0.44,1,Unemployed,High School,Personal,0
1081,60,58712,719,395535,20,0.13,7,Self-Employed,PhD,Personal,0
1082,61,191244,741,239907,20,0.63,5,Unemployed,Postgraduate,Personal,1
1083,42,53722,795,343092,3,0.22,2,Unemployed,Postgraduate,Education,0
1084,31,30625,323,485106,3,0.54,2,Business,Graduate,Business,0
1085,43,26859,408,339024,20,0.16,4,Business,Postgraduate,Car,0
1086,21,192681,801,62560,20,0.76,2,Unemployed,High School,Home,0
1087,57,194379,324,382207,10,0.3,5,Unemployed,PhD,Car,1
1088,41,130986,486,219601,3,0.26,1,Business,Postgraduate,Car,0
1089,46,41839,587,361362,20,0.19,7,Business,Postgraduate,Business,0
1090,56,47216,637,381606,1,0.76,8,Unemployed,PhD,Car,0
1091,43,72953,336,164487,20,0.6,6,Business,Postgraduate,Car,0
1092,21,69522,436,462739,5,0.62,2,Self-Employed,Postgraduate,Education,0
1093,60,155958,807,417539,5,0.45,9,Salaried,Graduate,Education,0
1094,35,131249,526,189286,1,0.43,3,Self-Employed,High School,Education,0
1095,41,27485,619,285141,10,0.18,9,Business,Postgraduate,Education,0
1096,29,182527,481,126266,3,0.49,1,Self-Employed,High School,Education,0
1097,29,167839,385,455219,3,0.27,8,Salaried,Graduate,Home,0
1098,30,132701,766,8679,20,0.78,4,Business,High School,Business,0
1099,46,179525,352,493241,5,0.66,1,Self-Employed,Graduate,Personal,0
1100,61,122638,534,45308,10,0.39,9,Self-Employed,High School,Education,0
1101,55,32226,732,211096,10,0.21,5,Salaried,High School,Business,0
1102,45,113405,795,175914,10,0.65,6,Business,Postgraduate,Personal,0
1103,46,42588,399,463624,20,0.19,1,Unemployed,High School,Car,1
1104,31,182781,702,467748,3,0.23,0,Business,Postgraduate,Car,0
1105,58,198860,695,452154,10,0.25,6,Salaried,Postgraduate,Business,0
1106,22,57019,826,10695,20,0.49,0,Salaried,High School,Home,0
1107,27,196020,714,231812,20,0.65,2,Salaried,Postgraduate,Home,0
1108,38,85133,762,63499,1,0.32,3,Salaried,High School,Business,0
1109,47,134444,840,28382,15,0.16,1,Unemployed,PhD,Home,1
1110,54,137603,663,281379,10,0.43,6,Business,Postgraduate,Home,0
1111,47,178598,429,198295,15,0.62,4,Business,PhD,Car,0
1112,37,148585,383,138438,3,0.26,0,Self-Employed,PhD,Home,0
1113,63,63395,570,163539,20,0.25,7,Unemployed,Postgraduate,Home,0
1114,64,175103,543,457532,10,0.76,9,Unemployed,Graduate,Business,1
1115,44,145814,687,379612,5,0.77,6,Self-Employed,Graduate,Home,0
1116,45,188773,513,11764,3,0.79,3,Self-Employed,PhD,Education,1
1117,27,132599,465,226968,1,0.67,1,Business,PhD,Education,1
1118,26,45939,358,118831,1,0.23,6,Business,High School,Business,0
1119,44,171396,803,66836,15,0.25,1,Business,PhD,Education,0
1120,53,173939,422,299067,20,0.34,5,Unemployed,Postgraduate,Car,0
1121,49,20203,712,260033,15,0.32,0,Unemployed,Graduate,Business,1
1122,63,167616,438,362855,5,0.77,6,Self-Employed,Graduate,Home,0
1123,42,166971,528,21292,5,0.65,6,Salaried,Graduate,Education,0
1124,46,49063,573,392057,1,0.61,3,Salaried,Postgraduate,Car,0
1125,48,110880,738,399830,10,0.23,3,Salaried,High School,Business,0
1126,41,23748,417,288083,1,0.74,9,Salaried,Postgraduate,Business,1
1127,27,137269,782,248772,1,0.68,4,Salaried,Postgraduate,Home,0
1128,37,100764,694,23800,5,0.21,1,Business,Graduate,Personal,0
1129,40,171956,759,61440,15,0.71,8,Self-Employed,Postgraduate,Education,0
1130,61,176255,377,421462,5,0.29,9,Salaried,PhD,Car,0
1131,40,128036,711,132521,20,0.16,3,Salaried,Postgraduate,Business,0
1132,42,170331,374,451021,5,0.56,8,Salaried,Graduate,Education,0
1133,48,187031,594,126327,5,0.56,2,Business,Graduate,Car,0
1134,60,136525,320,54648,1,0.17,8,Salaried,Postgraduate,Car,0
1135,27,184529,470,382336,10,0.32,0,Self-Employed,PhD,Business,0
1136,21,105679,314,455067,1,0.79,6,Business,PhD,Education,0
1137,52,145829,510,429904,3,0.57,3,Business,Graduate,Car,1
1138,33,148216,385,360642,5,0.61,6,Unemployed,PhD,Business,1
1139,50,153175,448,296908,5,0.25,9,Unemployed,PhD,Education,0
1140,43,85901,671,299614,3,0.16,5,Business,High School,Education,0
1141,39,195607,779,261160,5,0.29,3,Salaried,High School,Business,1
1142,52,167175,450,174573,5,0.27,3,Salaried,PhD,Education,0
1143,50,118046,440,62207,20,0.26,7,Salaried,PhD,Personal,1
1144,49,110012,368,67157,5,0.23,6,Salaried,High School,Car,1
1145,49,98278,559,139288,3,0.5,3,Unemployed,High School,Car,0
1146,50,32391,820,158144,1,0.33,5,Self-Employed,High School,Education,0
1147,36,122476,670,98778,5,0.67,5,Business,Graduate,Business,0
1148,60,179973,718,135016,10,0.23,0,Salaried,Graduate,Home,0
1149,39,140721,400,129288,3,0.43,1,Unemployed,High School,Education,1
1150,38,117537,542,173204,15,0.11,3,Self-Employed,High School,Home,1
1151,21,101159,811,115573,20,0.44,5,Business,High School,Education,0
1152,34,151040,394,125730,3,0.14,5,Business,Graduate,Home,0
1153,22,189509,525,416077,1,0.78,0,Business,Graduate,Education,0
1154,48,55503,817,69186,3,0.65,7,Salaried,PhD,Business,0
1155,50,95403,513,272104,15,0.44,1,Business,Postgraduate,Home,0
1156,58,192330,366,23781,20,0.16,4,Salaried,PhD,Personal,1
1157,24,184796,695,242677,10,0.51,3,Self-Employed,Postgraduate,Business,0
1158,21,84286,311,262506,15,0.63,4,Unemployed,Postgraduate,Education,0
1159,28,94842,536,36126,3,0.23,4,Unemployed,Postgraduate,Home,0
1160,49,124927,698,243217,15,0.5,9,Unemployed,PhD,Car,0
1161,59,34908,706,420794,3,0.67,7,Business,Graduate,Business,0
1162,23,57228,779,373178,10,0.64,9,Unemployed,Graduate,Home,0
1163,52,43386,521,285027,10,0.66,6,Self-Employed,Graduate,Business,0
1164,30,197826,455,34782,1,0.72,8,Salaried,Graduate,Home,0
1165,30,48302,727,323531,10,0.76,0,Unemployed,PhD,Car,0
1166,39,80815,457,153051,5,0.38,5,Salaried,High School,Personal,0
1167,54,83344,715,300890,15,0.5,5,Salaried,Postgraduate,Car,1
1168,53,186690,625,266161,15,0.65,1,Unemployed,Graduate,Education,1
1169,43,131603,670,71266,3,0.59,7,Unemployed,Graduate,Business,0
1170,48,81114,643,5056,10,0.8,5,Unemployed,PhD,Personal,0
1171,52,45525,561,298601,1,0.11,9,Business,Postgraduate,Business,1
1172,27,99818,582,400459,1,0.35,8,Unemployed,Graduate,Home,0
1173,49,134589,528,453247,1,0.3,9,Business,High School,Education,0
1174,28,165406,579,137773,20,0.28,4,Self-Employed,Graduate,Education,0
1175,21,114715,589,192453,5,0.26,6,Salaried,Postgraduate,Business,0
1176,23,26644,346,186510,10,0.6,5,Self-Employed,High School,Education,0
1177,44,121154,513,340983,1,0.16,4,Unemployed,PhD,Business,0
1178,43,184005,323,85636,5,0.62,5,Salaried,High School,Home,0
1179,28,63469,620,374841,15,0.59,3,Unemployed,Postgraduate,Home,1
1180,57,184759,573,71483,3,0.28,2,Unemployed,Postgraduate,Business,1
1181,23,126609,612,25505,10,0.28,0,Salaried,High School,Car,0
1182,53,168447,662,404769,10,0.54,0,Self-Employed,Graduate,Car,0
1183,48,85206,679,38525,20,0.63,5,Unemployed,Postgraduate,Home,0
1184,28,116462,769,216474,15,0.71,8,Salaried,High School,Personal,0
1185,54,187679,415,101008,10,0.7,7,Self-Employed,Postgraduate,Car,0
1186,55,103178,341,49348,20,0.78,1,Business,Graduate,Business,0
1187,52,175065,678,207259,20,0.51,8,Self-Employed,Graduate,Home,0
1188,44,195458,505,274417,20,0.74,7,Self-Employed,High School,Education,0
1189,34,197359,765,331380,10,0.67,8,Salaried,PhD,Education,0
1190,52,106724,579,211641,10,0.73,3,Self-Employed,PhD,Car,1
1191,63,116393,417,139607,10,0.11,8,Business,Graduate,Personal,0
1192,36,147314,536,416893,5,0.78,1,Business,PhD,Car,1
1193,24,96312,608,219096,20,0.43,0,Unemployed,Graduate,Personal,1
1194,57,95324,755,112157,5,0.66,8,Business,PhD,Car,0
1195,41,91196,774,5908,3,0.19,9,Unemployed,Graduate,Education,0
1196,34,90014,399,257299,10,0.38,7,Business,Postgraduate,Personal,0
1197,51,159282,560,206225,15,0.29,6,Self-Employed,High School,Education,0
1198,38,161994,604,113352,1,0.3,7,Unemployed,High School,Business,0
1199,27,187361,653,100967,3,0.19,0,Business,PhD,Business,0
1200,30,53340,585,356133,1,0.66,8,Self-Employed,High School,Home,0
1201,27,59850,627,40079,1,0.11,9,Self-Employed,PhD,Education,0
1202,53,133711,402,217628,10,0.32,8,Unemployed,Graduate,Education,0
1203,43,31094,362,116889,15,0.22,8,Salaried,Postgraduate,Home,0
1204,41,107959,581,267063,1,0.51,5,Self-Employed,High School,Business,0
1205,39,184490,740,316467,20,0.28,3,Self-Employed,Postgraduate,Business,0
1206,39,25741,592,443536,1,0.28,1,Salaried,High School,Personal,0
1207,56,131585,306,490314,3,0.44,3,Unemployed,Graduate,Personal,1
1208,49,142564,391,357053,15,0.56,6,Business,High School,Business,0
1209,38,88798,489,51105,15,0.18,0,Business,High School,Car,0
1210,22,136026,775,428380,1,0.22,8,Self-Employed,Graduate,Education,0
1211,21,130130,810,137957,15,0.27,2,Salaried,PhD,Personal,0
1212,25,42164,761,456035,3,0.78,3,Self-Employed,PhD,Car,0
1213,40,186667,352,6049,3,0.38,4,Unemployed,Graduate,Personal,0
1214,31,50257,785,58281,3,0.52,2,Self-Employed,PhD,Home,1
1215,62,165283,789,310415,20,0.27,3,Business,High School,Education,0
1216,22,115989,663,71697,10,0.44,4,Salaried,Postgraduate,Personal,0
1217,23,156304,411,464567,1,0.15,0,Unemployed,Graduate,Business,0
1218,43,72691,708,41534,15,0.12,8,Self-Employed,High School,Home,0
1219,32,99768,306,98034,3,0.43,9,Business,Graduate,Home,0
1220,40,176685,496,63097,1,0.38,9,Self-Employed,Postgraduate,Business,0
1221,25,34026,666,189885,1,0.2,3,Business,High School,Home,1
1222,57,50908,549,292181,10,0.58,8,Salaried,High School,Education,0
1223,58,39610,539,434223,20,0.8,3,Unemployed,Postgraduate,Personal,0
1224,50,197718,679,477694,15,0.38,0,Self-Employed,Postgraduate,Home,0
1225,29,83185,770,32278,20,0.54,4,Unemployed,PhD,Education,0
1226,54,92567,754,144344,15,0.77,8,Salaried,High School,Business,1
1227,64,198646,665,455399,3,0.68,2,Business,Postgraduate,Personal,0
1228,55,56182,589,366317,3,0.42,4,Salaried,Postgraduate,Business,0
1229,42,136136,702,305438,1,0.62,2,Salaried,High School,Personal,1
1230,64,151642,357,78277,15,0.19,2,Unemployed,PhD,Home,0
1231,44,39288,820,460725,15,0.46,0,Salaried,Graduate,Home,0
1232,37,98824,603,9694,20,0.3,1,Self-Employed,PhD,Personal,0
1233,30,180949,414,494058,3,0.21,1,Business,Postgraduate,Education,0
1234,50,104425,509,63150,5,0.4,8,Salaried,Graduate,Education,0
1235,43,20917,340,72470,1,0.19,6,Self-Employed,Graduate,Education,0
1236,52,95602,472,26556,15,0.59,7,Business,PhD,Car,1
1237,37,84575,533,200543,10,0.42,1,Unemployed,Graduate,Education,0
1238,37,92518,702,448071,10,0.47,8,Business,Postgraduate,Home,1
1239,34,59104,338,54086,5,0.2,2,Unemployed,High School,Car,0
1240,29,169134,418,154979,3,0.2,9,Business,High School,Education,0
1241,60,36999,634,253399,3,0.51,1,Salaried,High School,Home,0
1242,22,161013,635,469911,3,0.79,0,Unemployed,PhD,Car,1
1243,45,81169,838,184559,20,0.17,8,Unemployed,High School,Home,0
1244,59,174542,373,427374,10,0.3,7,Unemployed,High School,Personal,0
1245,29,149744,490,418509,3,0.71,3,Salaried,High School,Home,0
1246,42,130684,623,443977,10,0.15,6,Salaried,Graduate,Car,1
1247,63,79821,446,104468,5,0.71,2,Business,Graduate,Education,1
1248,24,195507,583,300531,1,0.47,2,Business,Graduate,Car,0
1249,46,155601,512,438966,20,0.39,3,Salaried,Postgraduate,Education,0
1250,49,32192,693,73602,15,0.32,1,Salaried,Postgraduate,Education,0
1251,54,94102,638,419472,5,0.31,9,Unemployed,Postgraduate,Business,1
1252,43,134894,321,498857,10,0.31,3,Business,High School,Personal,0
1253,57,106795,404,403810,5,0.72,9,Business,Graduate,Business,0
1254,31,185159,765,7460,15,0.61,2,Unemployed,Postgraduate,Car,1
1255,26,86677,758,77356,20,0.57,7,Unemployed,PhD,Business,0
1256,38,155699,731,321842,1,0.66,1,Unemployed,Graduate,Education,0
1257,41,154327,520,264925,15,0.28,8,Self-Employed,High School,Car,0
1258,62,156285,678,368890,20,0.53,2,Self-Employed,Graduate,Business,0
1259,56,122412,521,21191,10,0.42,3,Salaried,High School,Home,0
1260,61,39404,557,89631,15,0.65,9,Business,Postgraduate,Personal,0
1261,58,136545,666,250702,5,0.32,9,Unemployed,High School,Home,0
1262,54,176452,648,277673,3,0.55,2,Unemployed,High School,Car,0
1263,37,170245,524,37175,5,0.72,2,Business,PhD,Business,0
1264,57,43989,535,284819,10,0.38,7,Self-Employed,Graduate,Education,1
1265,45,128106,482,441374,1,0.15,7,Business,High School,Business,0
1266,58,44519,743,313942,15,0.46,5,Salaried,PhD,Car,0
1267,32,42439,305,338054,1,0.34,3,Self-Employed,PhD,Car,0
1268,43,138570,535,397544,10,0.57,0,Business,PhD,Car,0
1269,62,34995,426,162048,15,0.77,3,Business,Postgraduate,Car,1
1270,42,43559,403,199188,20,0.44,7,Salaried,Postgraduate,Business,0
1271,41,109049,779,345822,20,0.43,5,Business,High School,Home,0
1272,47,156093,454,67821,5,0.56,1,Self-Employed,Graduate,Education,1
1273,51,118000,556,17204,5,0.17,2,Unemployed,Postgraduate,Education,0
1274,26,172191,534,453881,10,0.28,6,Unemployed,Postgraduate,Personal,0
1275,47,59350,799,274538,20,0.74,3,Unemployed,High School,Car,1
1276,60,197295,588,251464,15,0.57,3,Self-Employed,High School,Car,0
1277,54,45517,809,331958,20,0.11,4,Business,Postgraduate,Car,0
1278,32,173322,597,38593,5,0.24,7,Business,High School,Home,0
1279,27,109132,436,440180,10,0.58,6,Business,PhD,Car,1
1280,30,79546,675,213260,20,0.64,8,Business,High School,Personal,0
1281,37,125686,386,120064,10,0.69,4,Unemployed,PhD,Personal,0
1282,46,108151,718,497492,20,0.3,0,Self-Employed,Postgraduate,Home,1
1283,41,23327,498,58365,1,0.75,3,Salaried,Graduate,Car,0
1284,48,140318,762,245644,20,0.49,5,Self-Employed,PhD,Business,0
1285,22,180840,736,398659,5,0.59,5,Business,Graduate,Business,0
1286,63,193860,609,225511,15,0.52,8,Business,Postgraduate,Education,0
1287,21,135945,580,497274,5,0.19,9,Self-Employed,High School,Home,0
1288,56,66830,622,426396,5,0.77,4,Self-Employed,PhD,Business,1
1289,46,72446,451,447007,5,0.19,4,Unemployed,PhD,Education,0
1290,49,166232,601,484871,10,0.28,5,Business,Postgraduate,Personal,0
1291,41,185070,577,211971,3,0.67,5,Self-Employed,Postgraduate,Education,0
1292,31,178302,307,441881,3,0.53,2,Business,High School,Car,0
1293,60,160148,534,108700,1,0.69,5,Self-Employed,Graduate,Car,0
1294,31,89341,601,364221,5,0.46,7,Business,PhD,Personal,0
1295,56,51085,337,401681,3,0.36,5,Self-Employed,Graduate,Home,0
1296,59,75571,435,73247,1,0.75,4,Business,PhD,Car,1
1297,60,165787,720,187631,10,0.13,2,Salaried,PhD,Car,0
1298,55,148308,518,161270,5,0.7,0,Unemployed,High School,Education,0
1299,54,25750,647,321884,15,0.26,4,Salaried,PhD,Education,0
1300,44,133931,845,158560,10,0.69,5,Unemployed,PhD,Education,1
1301,42,98768,378,174587,1,0.2,5,Unemployed,Postgraduate,Business,1
1302,25,55903,572,487360,10,0.51,5,Self-Employed,High School,Personal,0
1303,53,183165,460,295042,15,0.72,2,Salaried,Postgraduate,Home,0
1304,56,111036,607,400135,10,0.43,3,Unemployed,PhD,Education,0
1305,40,107954,673,186142,1,0.62,2,Business,High School,Home,0
1306,39,185386,308,67613,15,0.66,1,Self-Employed,PhD,Education,1
1307,55,199297,743,101707,15,0.62,7,Self-Employed,High School,Car,0
1308,63,103014,412,378921,10,0.75,6,Business,Graduate,Home,0
1309,37,186251,504,484351,15,0.41,7,Business,Graduate,Business,0
1310,63,137305,704,480717,10,0.22,5,Unemployed,High School,Education,0
1311,54,176410,496,52003,5,0.13,6,Business,PhD,Personal,0
1312,29,52101,414,53478,15,0.27,0,Self-Employed,High School,Car,0
1313,46,22775,420,412650,10,0.2,9,Business,PhD,Education,0
1314,22,131497,364,444462,5,0.49,4,Salaried,Graduate,Home,0
1315,29,65619,575,434865,15,0.23,3,Self-Employed,PhD,Education,0
1316,29,196910,538,64030,5,0.13,9,Business,Postgraduate,Car,0
1317,60,170611,601,189133,20,0.13,2,Self-Employed,Graduate,Personal,0
1318,37,77124,691,400215,15,0.68,1,Unemployed,Postgraduate,Personal,0
1319,21,85149,821,150921,20,0.51,8,Salaried,Graduate,Personal,1
1320,45,46616,668,474655,1,0.35,7,Unemployed,Graduate,Car,1
1321,63,188171,532,251160,1,0.73,9,Salaried,Postgraduate,Education,0
1322,60,81799,494,319944,10,0.15,1,Business,High School,Car,0
1323,62,110221,311,272589,3,0.79,5,Self-Employed,PhD,Car,0
1324,45,134879,476,499148,20,0.53,2,Business,Graduate,Education,0
1325,59,45479,516,154112,20,0.23,2,Unemployed,PhD,Business,0
1326,55,197244,310,462531,1,0.58,4,Self-Employed,Graduate,Personal,0
1327,23,119165,745,267390,20,0.63,6,Business,PhD,Home,0
1328,57,75863,463,36153,3,0.4,6,Business,Graduate,Home,1
1329,64,193115,352,272356,5,0.7,9,Self-Employed,High School,Education,1
1330,64,102569,517,139411,5,0.21,0,Self-Employed,Graduate,Home,0
1331,50,166480,659,486894,3,0.3,6,Unemployed,High School,Business,0
1332,58,36351,684,61238,20,0.17,6,Salaried,Graduate,Car,0
1333,54,155203,355,417610,20,0.25,5,Salaried,PhD,Personal,0
1334,32,64825,417,321015,20,0.27,5,Self-Employed,Postgraduate,Home,0
1335,39,31349,552,367816,10,0.74,1,Salaried,Graduate,Home,0
1336,57,64254,479,475938,15,0.15,2,Unemployed,Graduate,Education,0
1337,64,58225,714,301751,3,0.4,2,Salaried,High School,Education,0
1338,37,32453,534,57055,3,0.47,2,Self-Employed,PhD,Car,0
1339,30,169886,379,109509,3,0.73,1,Unemployed,High School,Personal,1
1340,32,169335,321,140467,3,0.8,8,Self-Employed,PhD,Home,0
1341,36,97694,776,132378,3,0.63,5,Unemployed,PhD,Car,0
1342,44,35735,739,413506,20,0.78,1,Unemployed,High School,Personal,0
1343,39,166902,392,92687,10,0.65,2,Self-Employed,Postgraduate,Car,0
1344,28,67893,491,332222,1,0.77,9,Business,PhD,Home,1
1345,51,195745,402,401907,20,0.6,5,Self-Employed,Postgraduate,Education,0
1346,41,147006,695,405686,20,0.16,3,Unemployed,High School,Education,0
1347,37,65066,306,402057,15,0.38,6,Self-Employed,Postgraduate,Education,0
1348,43,154445,530,107652,1,0.55,5,Self-Employed,PhD,Business,1
1349,57,161407,539,330341,3,0.35,5,Unemployed,High School,Car,0
1350,36,174813,389,60773,1,0.29,2,Salaried,Postgraduate,Home,1
1351,26,30692,531,415992,10,0.5,7,Unemployed,High School,Car,0
1352,28,198367,756,207668,5,0.75,8,Self-Employed,High School,Education,0
1353,45,65541,532,386087,20,0.12,5,Unemployed,Postgraduate,Car,0
1354,38,185129,653,32584,1,0.64,1,Unemployed,PhD,Personal,0
1355,45,86983,632,249901,15,0.61,0,Salaried,PhD,Car,0
1356,32,170655,738,402516,10,0.77,2,Business,PhD,Business,0
1357,35,173837,674,270482,5,0.75,2,Self-Employed,PhD,Business,0
1358,46,174978,591,67601,10,0.63,7,Self-Employed,Graduate,Education,1
1359,61,140747,644,141559,3,0.46,4,Salaried,High School,Home,0
1360,46,105103,727,41282,5,0.24,0,Unemployed,High School,Personal,0
1361,52,197597,429,231137,15,0.48,3,Business,Graduate,Home,0
1362,30,189302,440,382591,5,0.64,6,Self-Employed,High School,Home,0
1363,36,170592,714,100798,15,0.73,4,Business,High School,Personal,0
1364,27,45566,392,135963,3,0.65,9,Business,Postgraduate,Business,0
1365,37,93193,583,475032,15,0.24,5,Unemployed,Graduate,Education,1
1366,43,181206,522,375755,10,0.52,9,Unemployed,High School,Car,0
1367,46,161417,762,164876,1,0.33,3,Unemployed,High School,Business,1
1368,41,141015,844,145987,10,0.11,1,Self-Employed,Graduate,Education,0
1369,42,192257,575,278302,20,0.24,8,Business,Graduate,Business,0
1370,27,150956,439,210229,10,0.18,1,Business,Postgraduate,Personal,0
1371,34,90744,656,15547,5,0.69,1,Self-Employed,Postgraduate,Home,0
1372,35,53455,322,355857,3,0.28,1,Salaried,PhD,Personal,0
1373,27,179090,569,269603,20,0.3,0,Unemployed,PhD,Car,1
1374,29,74219,632,426984,20,0.77,2,Self-Employed,Postgraduate,Personal,0
1375,28,65991,384,68146,20,0.37,5,Unemployed,High School,Home,0
1376,43,93616,330,370721,1,0.11,6,Business,Graduate,Business,1
1377,49,107438,539,449086,15,0.3,0,Self-Employed,Postgraduate,Education,0
1378,38,136841,662,112761,5,0.18,4,Salaried,PhD,Car,1
1379,51,160558,688,370871,3,0.17,4,Unemployed,Graduate,Business,0
1380,50,189934,598,317604,1,0.15,0,Business,PhD,Education,0
1381,59,78870,670,87970,10,0.52,3,Business,High School,Home,0
1382,55,106694,398,196889,3,0.23,9,Salaried,High School,Personal,0
1383,38,63856,346,174319,20,0.35,0,Salaried,PhD,Business,0
1384,62,121407,721,20419,3,0.7,0,Unemployed,Graduate,Education,0
1385,59,51379,779,498769,3,0.4,6,Business,PhD,Education,0
1386,37,84729,361,40577,10,0.74,6,Salaried,Graduate,Personal,1
1387,34,179450,408,7921,15,0.45,2,Self-Employed,Postgraduate,Business,0
1388,51,74353,848,402892,5,0.38,6,Salaried,PhD,Business,0
1389,44,34031,418,484177,20,0.63,2,Self-Employed,PhD,Home,1
1390,55,85982,681,498937,15,0.15,1,Business,Graduate,Business,1
1391,64,56683,691,447900,1,0.16,9,Unemployed,Postgraduate,Personal,0
1392,54,134091,351,149535,20,0.56,3,Business,Graduate,Business,1
1393,23,137797,588,161546,5,0.44,9,Business,Graduate,Home,0
1394,57,168690,636,308079,1,0.65,2,Business,PhD,Education,0
1395,63,26587,503,130534,10,0.74,6,Business,PhD,Business,0
1396,60,82790,537,465221,15,0.37,0,Unemployed,Graduate,Personal,0
1397,46,51480,681,261872,20,0.52,5,Salaried,High School,Business,0
1398,43,171599,435,456812,3,0.45,1,Unemployed,High School,Car,0
1399,64,43569,706,77828,5,0.79,7,Unemployed,High School,Home,0
1400,59,31151,807,128649,20,0.68,4,Unemployed,PhD,Education,1
1401,35,64739,661,489161,3,0.74,2,Unemployed,PhD,Car,0
1402,24,52954,680,356206,20,0.28,9,Salaried,Postgraduate,Personal,1
1403,49,129373,553,60152,1,0.64,6,Business,PhD,Business,0
1404,42,186375,776,225073,3,0.29,1,Salaried,Postgraduate,Home,1
1405,45,54700,413,363635,3,0.25,4,Salaried,PhD,Business,0
1406,33,143728,319,228393,20,0.76,7,Business,High School,Business,1
1407,38,86788,827,91569,10,0.11,0,Salaried,High School,Business,0
1408,53,91045,444,339611,10,0.78,0,Unemployed,Graduate,Business,0
1409,36,188914,507,450792,15,0.2,2,Unemployed,Graduate,Home,0
1410,62,164972,830,464843,1,0.67,2,Business,Postgraduate,Car,0
1411,64,147992,675,161844,10,0.29,6,Business,Postgraduate,Personal,0
1412,22,100059,803,414579,20,0.35,5,Business,Graduate,Car,0
1413,55,21881,465,164562,10,0.25,6,Unemployed,Postgraduate,Home,0
1414,62,184109,849,457220,15,0.51,3,Business,PhD,Personal,0
1415,54,152702,480,127537,5,0.34,1,Salaried,High School,Education,0
1416,50,40789,743,58806,15,0.56,1,Salaried,Graduate,Car,0
1417,33,146083,631,398476,3,0.11,9,Self-Employed,Graduate,Home,0
1418,33,108059,802,80992,3,0.15,0,Self-Employed,PhD,Home,0
1419,38,66151,378,289464,10,0.17,8,Business,Postgraduate,Home,0
1420,52,199992,695,346115,10,0.39,6,Self-Employed,Graduate,Personal,0
1421,52,129388,402,263852,15,0.67,9,Unemployed,Graduate,Business,0
1422,55,23262,701,178217,15,0.72,2,Unemployed,PhD,Education,1
1423,59,86981,523,199760,20,0.27,1,Salaried,High School,Personal,0
1424,49,140951,817,315725,1,0.5,2,Salaried,Graduate,Personal,1
1425,49,143099,535,490777,20,0.64,6,Self-Employed,Graduate,Car,0
1426,64,101972,726,360789,3,0.3,4,Self-Employed,PhD,Education,0
1427,36,95485,415,25754,20,0.39,2,Unemployed,Graduate,Home,0
1428,64,74722,462,74837,15,0.47,8,Salaried,Graduate,Personal,1
1429,30,109499,525,143279,20,0.19,1,Self-Employed,High School,Education,0
1430,50,181004,529,426136,5,0.12,6,Unemployed,Graduate,Car,0
1431,45,26901,481,223811,1,0.21,9,Salaried,PhD,Business,0
1432,59,137473,548,390890,15,0.54,5,Unemployed,High School,Education,0
1433,40,28597,617,119780,10,0.15,5,Unemployed,High School,Home,0
1434,25,149631,509,92081,20,0.23,6,Salaried,High School,Personal,0
1435,21,83909,691,291160,15,0.34,5,Unemployed,Postgraduate,Business,0
1436,50,92391,395,494850,10,0.15,1,Self-Employed,PhD,Car,1
1437,23,159335,385,327666,10,0.23,4,Unemployed,Postgraduate,Home,1
1438,34,83293,714,388040,3,0.74,2,Self-Employed,Graduate,Business,0
1439,50,176877,693,472308,3,0.11,8,Business,High School,Car,0
1440,24,31874,800,452284,15,0.56,7,Business,Postgraduate,Home,0
1441,38,106402,432,117099,15,0.37,9,Business,Graduate,Personal,0
1442,57,34079,613,156174,5,0.57,1,Unemployed,Postgraduate,Car,0
1443,45,92779,520,371573,1,0.51,0,Business,High School,Business,0
1444,21,115408,737,269068,1,0.26,3,Business,Graduate,Home,1
1445,35,160090,345,90015,15,0.69,3,Unemployed,High School,Education,1
1446,29,140606,491,109987,3,0.44,9,Salaried,High School,Home,0
1447,35,140062,819,59333,20,0.68,1,Unemployed,Postgraduate,Business,0
1448,44,32100,678,220530,5,0.38,6,Self-Employed,PhD,Business,1
1449,24,77021,633,482412,1,0.79,2,Unemployed,Graduate,Education,1
1450,32,170872,338,182171,15,0.64,6,Salaried,Graduate,Business,0
1451,57,148126,592,193418,3,0.78,6,Business,PhD,Home,0
1452,57,112446,461,131372,3,0.46,0,Unemployed,Graduate,Car,0
1453,63,49437,630,211553,3,0.43,5,Business,Postgraduate,Home,0
1454,26,197747,403,448278,20,0.63,3,Self-Employed,Graduate,Business,0
1455,59,171014,460,398522,10,0.72,7,Salaried,Postgraduate,Education,1
1456,44,40862,353,355639,20,0.77,7,Business,Graduate,Education,0
1457,31,31669,333,74767,3,0.33,2,Business,Postgraduate,Personal,0
1458,33,141219,541,109332,15,0.66,3,Business,PhD,Education,0
1459,54,35916,412,148279,5,0.25,0,Business,Graduate,Education,0
1460,45,30878,617,306570,20,0.48,9,Unemployed,Postgraduate,Business,1
1461,27,22985,322,11336,15,0.23,1,Salaried,High School,Car,0
1462,24,61235,417,379344,3,0.34,6,Salaried,High School,Car,1
1463,28,38931,511,211238,5,0.75,6,Business,High School,Business,0
1464,40,112876,717,284400,1,0.2,8,Salaried,Graduate,Education,0
1465,49,20336,412,235517,1,0.54,9,Business,Postgraduate,Home,0
1466,30,62933,343,185889,15,0.52,8,Self-Employed,High School,Car,0
1467,63,65536,427,300863,5,0.18,8,Self-Employed,Graduate,Business,0
1468,54,89504,457,309161,15,0.33,5,Self-Employed,Postgraduate,Home,1
1469,46,119214,693,50704,5,0.49,7,Salaried,High School,Education,0
1470,61,133936,811,297157,5,0.23,8,Business,High School,Business,0
1471,23,36279,344,347135,15,0.66,6,Unemployed,Graduate,Car,0
1472,26,123751,407,337402,5,0.78,3,Unemployed,Postgraduate,Home,0
1473,25,124433,518,345492,20,0.25,3,Self-Employed,Graduate,Home,0
1474,25,91386,742,231884,3,0.23,5,Self-Employed,High School,Car,1
1475,43,106124,614,172848,5,0.42,3,Salaried,Graduate,Home,0
1476,29,125750,476,277204,20,0.62,6,Unemployed,Graduate,Car,1
1477,55,97485,527,476808,5,0.3,7,Salaried,High School,Business,0
1478,40,94055,566,404871,20,0.11,7,Self-Employed,High School,Personal,0
1479,62,111911,678,224182,15,0.48,7,Business,Postgraduate,Education,0
1480,55,118618,788,317067,1,0.77,1,Business,Postgraduate,Business,0
1481,38,133892,589,83563,10,0.37,9,Business,High School,Education,0
1482,37,91128,656,140102,5,0.39,1,Self-Employed,High School,Education,0
1483,44,169180,503,94779,10,0.78,1,Salaried,PhD,Car,0
1484,23,72495,512,169361,5,0.59,1,Business,PhD,Personal,0
1485,52,102806,622,417955,15,0.6,3,Unemployed,Postgraduate,Education,0
1486,55,113185,480,104704,15,0.49,4,Unemployed,Graduate,Education,0
1487,58,190591,798,266757,20,0.78,3,Self-Employed,High School,Business,0
1488,33,69649,619,396301,5,0.58,4,Unemployed,High School,Personal,1
1489,45,185596,382,115234,15,0.73,3,Unemployed,Graduate,Personal,0
1490,29,184957,602,328831,15,0.59,6,Self-Employed,Postgraduate,Education,0
1491,24,195441,561,41491,5,0.61,9,Salaried,PhD,Personal,1
1492,34,115402,499,231621,20,0.3,0,Business,Postgraduate,Business,0
1493,57,50676,539,339259,20,0.31,0,Self-Employed,Graduate,Car,0
1494,54,84093,594,385079,20,0.65,1,Unemployed,High School,Education,1
1495,31,198836,811,350922,20,0.31,0,Business,PhD,Home,0
1496,61,99414,695,402997,1,0.49,9,Business,Graduate,Education,0
1497,23,113095,437,25448,5,0.27,9,Business,High School,Education,0
1498,48,92307,428,318694,1,0.67,2,Self-Employed,Postgraduate,Car,0
1499,49,115432,348,54294,15,0.18,5,Business,PhD,Home,0
1500,29,51923,592,288590,1,0.68,9,Salaried,High School,Home,0
1501,23,137449,835,343723,20,0.52,5,Unemployed,High School,Home,0
1502,45,67574,610,221461,15,0.23,0,Self-Employed,High School,Car,0
1503,54,194463,836,381823,1,0.48,5,Self-Employed,High School,Personal,0
1504,32,141757,533,90615,1,0.3,4,Business,High School,Home,0
1505,62,73664,508,22101,5,0.33,6,Unemployed,Postgraduate,Personal,0
1506,29,87384,393,464394,1,0.35,5,Business,Graduate,Business,0
1507,35,51027,626,295160,15,0.14,6,Business,PhD,Car,0
1508,60,186536,524,155004,20,0.79,1,Self-Employed,Postgraduate,Personal,0
1509,45,54485,310,442869,5,0.12,0,Salaried,PhD,Home,0
1510,25,170528,628,95481,1,0.56,6,Unemployed,High School,Home,0
1511,31,55554,311,57802,5,0.36,8,Unemployed,Graduate,Personal,0
1512,54,66922,334,274693,10,0.55,1,Unemployed,High School,Personal,0
1513,44,33409,746,215005,5,0.35,6,Unemployed,Postgraduate,Business,1
1514,35,56639,751,161434,20,0.57,2,Salaried,Postgraduate,Car,0
1515,58,39692,519,52842,10,0.61,5,Self-Employed,PhD,Education,0
1516,28,109037,740,51539,10,0.58,2,Salaried,High School,Business,0
1517,25,38074,834,38717,5,0.18,9,Business,High School,Business,0
1518,46,166621,528,452812,15,0.56,4,Self-Employed,Graduate,Business,0
1519,38,49963,643,251281,20,0.3,1,Salaried,Graduate,Home,0
1520,26,72265,379,421232,15,0.12,7,Unemployed,High School,Personal,0
1521,57,36061,652,191272,20,0.39,7,Unemployed,PhD,Car,0
1522,33,179882,695,478484,20,0.4,6,Self-Employed,Graduate,Home,1
1523,48,133502,589,458503,15,0.43,5,Salaried,High School,Business,1
1524,25,42800,754,120042,3,0.59,0,Self-Employed,High School,Car,0
1525,33,136192,427,132922,10,0.32,7,Unemployed,High School,Home,0
1526,37,127228,842,97447,5,0.32,0,Salaried,Postgraduate,Education,1
1527,60,48054,658,350546,15,0.14,7,Unemployed,PhD,Business,0
1528,52,196469,826,309751,15,0.58,1,Self-Employed,High School,Home,0
1529,49,33233,612,163693,5,0.5,7,Self-Employed,High School,Home,0
1530,23,176140,374,17823,10,0.34,9,Self-Employed,High School,Business,0
1531,60,85727,845,34986,5,0.59,3,Self-Employed,Graduate,Education,1
1532,54,110610,495,126682,20,0.48,6,Self-Employed,High School,Personal,0
1533,60,90453,328,69325,3,0.43,4,Business,Postgraduate,Education,0
1534,47,124135,315,395069,20,0.46,7,Self-Employed,Postgraduate,Business,0
1535,33,176904,722,255476,3,0.55,5,Self-Employed,PhD,Personal,1
1536,53,128464,704,62771,5,0.56,4,Unemployed,High School,Home,0
1537,26,33682,830,59973,20,0.3,0,Self-Employed,High School,Education,0
1538,44,174455,376,150762,10,0.2,2,Salaried,High School,Education,1
1539,39,78160,528,306251,20,0.21,9,Self-Employed,Postgraduate,Personal,0
1540,36,43666,596,62888,15,0.55,8,Business,Graduate,Home,0
1541,60,78817,809,15956,3,0.71,8,Self-Employed,Graduate,Education,0
1542,48,111198,837,91839,3,0.39,4,Unemployed,High School,Personal,0
1543,53,185714,625,454443,10,0.22,2,Salaried,Graduate,Education,0
1544,61,61830,662,172605,3,0.63,5,Salaried,PhD,Home,0
1545,33,30234,658,493426,3,0.68,4,Self-Employed,Postgraduate,Home,0
1546,63,77616,623,454450,10,0.72,0,Self-Employed,High School,Car,0
1547,45,29221,625,106131,20,0.52,1,Self-Employed,Graduate,Personal,0
1548,62,162482,464,334738,5,0.7,4,Self-Employed,High School,Business,0
1549,56,21051,754,192973,20,0.11,8,Unemployed,High School,Education,1
1550,47,130529,452,16519,15,0.18,3,Unemployed,Postgraduate,Home,0
1551,58,96918,426,167187,15,0.16,8,Salaried,Postgraduate,Education,0
1552,27,98116,492,464482,3,0.6,2,Self-Employed,Graduate,Education,0
1553,25,142226,829,6832,15,0.15,0,Unemployed,Postgraduate,Business,0
1554,63,64757,309,439584,5,0.45,5,Unemployed,PhD,Home,0
1555,51,141008,391,486641,3,0.43,9,Salaried,High School,Car,0
1556,43,151379,438,118922,15,0.32,6,Salaried,Postgraduate,Personal,0
1557,62,76889,780,110474,1,0.71,3,Business,Graduate,Education,0
1558,30,55944,748,74715,1,0.22,9,Unemployed,Graduate,Business,0
1559,52,119555,632,338979,1,0.35,4,Salaried,Graduate,Business,0
1560,63,58134,639,78366,1,0.64,3,Unemployed,PhD,Personal,0
1561,50,178395,351,42570,20,0.12,2,Unemployed,Postgraduate,Personal,0
1562,59,45954,765,486193,1,0.57,0,Self-Employed,Postgraduate,Home,0
1563,51,109959,774,142687,3,0.67,5,Self-Employed,PhD,Education,0
1564,38,24992,700,470514,10,0.75,9,Self-Employed,Postgraduate,Education,1
1565,56,21961,738,43311,20,0.71,4,Self-Employed,Postgraduate,Personal,1
1566,22,32497,808,357389,10,0.32,0,Unemployed,Postgraduate,Car,0
1567,34,183623,452,108187,3,0.51,4,Business,PhD,Education,0
1568,33,33255,813,290578,3,0.15,5,Business,PhD,Business,0
1569,49,155639,802,91879,5,0.28,9,Business,Graduate,Personal,0
1570,32,68847,305,20739,20,0.17,4,Unemployed,PhD,Education,0
1571,59,199075,799,71202,10,0.32,0,Business,PhD,Home,0
1572,22,40389,417,103580,1,0.71,4,Unemployed,Graduate,Personal,0
1573,52,195595,784,229491,3,0.34,9,Salaried,PhD,Business,0
1574,33,143802,767,84599,1,0.49,0,Business,Postgraduate,Home,1
1575,47,81576,460,169721,10,0.4,2,Unemployed,High School,Personal,0
1576,61,63919,569,236436,20,0.42,1,Salaried,Graduate,Personal,0
1577,37,23358,355,445661,15,0.78,0,Self-Employed,High School,Education,0
1578,60,108535,527,121770,15,0.31,3,Salaried,High School,Home,0
1579,51,125982,448,306614,3,0.54,1,Salaried,Graduate,Personal,1
1580,54,25698,345,342109,5,0.39,4,Business,High School,Business,0
1581,44,86809,443,392476,1,0.14,9,Self-Employed,High School,Home,0
1582,55,113079,639,184693,3,0.44,0,Self-Employed,Graduate,Education,0
1583,26,75805,712,396825,5,0.67,9,Business,Graduate,Car,0
1584,39,182421,819,431142,1,0.17,0,Salaried,Postgraduate,Personal,0
1585,50,95033,643,266051,10,0.15,9,Unemployed,Graduate,Car,0
1586,27,118239,686,119300,15,0.21,3,Business,PhD,Personal,0
1587,30,150407,772,305141,5,0.64,6,Salaried,High School,Education,0
1588,61,64041,574,196012,1,0.61,1,Unemployed,Graduate,Education,0
1589,52,51954,652,176796,3,0.5,1,Business,Postgraduate,Education,0
1590,54,28002,365,364949,1,0.43,0,Business,Graduate,Education,0
1591,48,89783,378,167776,3,0.72,4,Self-Employed,High School,Home,0
1592,35,127524,501,389346,15,0.64,5,Self-Employed,Graduate,Home,0
1593,50,144857,412,426607,15,0.67,5,Self-Employed,High School,Personal,0
1594,57,39738,390,461507,1,0.67,1,Unemployed,Graduate,Home,0
1595,49,30703,440,487939,1,0.55,6,Business,Postgraduate,Personal,0
1596,42,133776,588,246942,3,0.42,5,Self-Employed,PhD,Home,0
1597,24,163464,710,7526,3,0.71,7,Self-Employed,Postgraduate,Home,0
1598,40,64724,676,422902,5,0.75,5,Business,Graduate,Home,0
1599,52,52299,683,340483,5,0.12,8,Unemployed,High School,Business,0
1600,56,35641,451,496420,5,0.14,9,Self-Employed,Postgraduate,Education,1
1601,24,99534,618,273718,1,0.77,1,Salaried,PhD,Business,0
1602,47,26305,668,275877,20,0.29,6,Unemployed,PhD,Home,0
1603,37,38782,761,317434,20,0.71,4,Self-Employed,High School,Home,1
1604,32,98257,311,339937,20,0.37,0,Salaried,Graduate,Business,1
1605,42,97963,455,41051,20,0.18,2,Self-Employed,Postgraduate,Personal,0
1606,37,141987,776,20909,5,0.16,3,Unemployed,Postgraduate,Education,1
1607,30,171638,700,487898,1,0.21,1,Business,High School,Personal,1
1608,21,144591,476,82338,20,0.27,6,Business,Postgraduate,Education,0
1609,42,87766,640,340576,15,0.44,0,Unemployed,High School,Car,0
1610,46,26511,356,295277,10,0.59,2,Self-Employed,High School,Education,0
1611,38,134816,747,187643,15,0.79,8,Unemployed,Graduate,Personal,0
1612,34,177249,502,84062,1,0.41,1,Salaried,High School,Education,0
1613,49,24765,501,186980,1,0.46,4,Self-Employed,Postgraduate,Car,0
1614,32,171426,629,409494,10,0.47,3,Unemployed,High School,Car,0
1615,56,43929,662,378690,3,0.48,2,Business,Postgraduate,Home,0
1616,55,179892,753,56458,3,0.46,4,Unemployed,High School,Car,1
1617,32,131576,655,462481,3,0.11,5,Self-Employed,Graduate,Business,0
1618,27,180595,515,454998,5,0.1,0,Unemployed,Graduate,Personal,0
1619,49,91088,322,322559,3,0.17,1,Business,High School,Business,0
1620,31,97525,454,227159,5,0.17,0,Salaried,High School,Business,0
1621,53,33780,485,321304,5,0.59,2,Unemployed,High School,Personal,0
1622,26,26589,548,321543,3,0.24,7,Unemployed,Graduate,Business,0
1623,35,185884,433,292442,3,0.73,7,Salaried,PhD,Business,0
1624,52,113664,620,236946,10,0.75,3,Unemployed,High School,Business,1
1625,31,197011,689,158263,20,0.78,5,Business,PhD,Car,0
1626,43,124188,733,455180,10,0.76,8,Salaried,High School,Personal,1
1627,46,113326,321,169164,5,0.29,6,Business,Postgraduate,Personal,0
1628,54,60953,424,94407,10,0.46,1,Business,Graduate,Personal,0
1629,54,85785,378,211329,5,0.22,1,Business,PhD,Business,0
1630,49,39309,350,67513,1,0.66,2,Self-Employed,PhD,Car,1
1631,24,74195,475,318241,5,0.72,7,Salaried,Graduate,Personal,0
1632,37,45901,552,428495,5,0.7,9,Self-Employed,PhD,Education,1
1633,55,174648,545,150476,10,0.4,8,Self-Employed,High School,Personal,1
1634,33,182580,405,468238,20,0.63,2,Unemployed,PhD,Home,0
1635,61,45464,492,40198,1,0.17,8,Salaried,High School,Education,0
1636,59,36260,615,230295,15,0.13,9,Unemployed,PhD,Personal,0
1637,35,144997,601,317141,15,0.63,7,Self-Employed,Postgraduate,Business,0
1638,49,55440,847,476908,20,0.4,4,Unemployed,PhD,Personal,0
1639,49,115082,567,398783,15,0.8,9,Business,PhD,Car,0
1640,31,125583,469,459248,1,0.17,2,Self-Employed,High School,Car,0
1641,52,76683,754,269323,3,0.7,6,Business,Graduate,Personal,0
1642,22,144206,591,7019,1,0.44,8,Salaried,Postgraduate,Business,0
1643,34,192502,440,86455,10,0.68,5,Unemployed,Graduate,Business,0
1644,40,153059,445,221311,5,0.67,2,Self-Employed,High School,Business,1
1645,42,176177,724,154776,5,0.74,4,Salaried,Postgraduate,Personal,0
1646,31,98484,613,154102,10,0.31,6,Business,PhD,Personal,0
1647,47,164098,483,394027,10,0.76,7,Unemployed,Graduate,Home,0
1648,23,88309,427,336589,5,0.21,3,Unemployed,Graduate,Car,1
1649,37,65927,586,340695,20,0.16,1,Self-Employed,Graduate,Education,1
1650,64,62946,552,8420,3,0.4,9,Unemployed,PhD,Education,0
1651,48,146503,685,327019,3,0.68,1,Unemployed,High School,Car,0
1652,49,161449,529,183725,3,0.43,2,Business,PhD,Home,0
1653,41,73592,570,21740,10,0.68,7,Business,PhD,Car,0
1654,36,158419,714,332407,5,0.61,0,Business,High School,Home,0
1655,57,53776,497,110789,20,0.25,6,Salaried,High School,Home,0
1656,40,154855,622,494080,5,0.76,5,Salaried,PhD,Business,0
1657,26,75798,355,462775,5,0.14,1,Unemployed,High School,Car,0
1658,39,155370,502,24465,20,0.73,8,Salaried,Graduate,Education,0
1659,25,90204,437,449648,1,0.31,4,Self-Employed,Postgraduate,Personal,0
1660,23,106207,721,9131,20,0.45,1,Business,High School,Personal,0
1661,21,120356,356,15652,1,0.4,2,Salaried,Postgraduate,Car,0
1662,58,80652,370,463189,15,0.22,6,Unemployed,Graduate,Personal,0
1663,35,185556,671,223115,1,0.35,6,Business,High School,Home,0
1664,54,149572,813,445363,3,0.24,9,Salaried,PhD,Personal,0
1665,55,40922,383,314815,3,0.24,0,Business,PhD,Home,0
1666,45,185100,342,250289,20,0.23,9,Salaried,Graduate,Home,1
1667,44,171388,432,94342,3,0.44,3,Unemployed,High School,Education,1
1668,32,96996,694,286315,3,0.66,5,Salaried,PhD,Personal,0
1669,38,168040,364,222201,15,0.5,7,Salaried,High School,Education,0
1670,35,50266,589,264820,3,0.73,2,Salaried,Postgraduate,Personal,0
1671,64,175072,675,191764,10,0.55,2,Business,PhD,Home,1
1672,36,165083,766,63541,10,0.58,7,Salaried,Graduate,Personal,0
1673,47,22866,512,14470,10,0.57,7,Salaried,PhD,Education,0
1674,28,132669,447,197416,1,0.41,7,Salaried,Graduate,Business,0
1675,45,25898,770,49308,20,0.58,0,Business,Graduate,Education,1
1676,37,38395,448,448855,20,0.15,7,Unemployed,Postgraduate,Business,0
1677,49,190091,387,419542,5,0.7,7,Unemployed,Postgraduate,Car,0
1678,28,24006,623,140669,15,0.64,1,Unemployed,Graduate,Education,0
1679,35,185465,695,107840,10,0.27,8,Salaried,PhD,Personal,0
1680,47,30956,703,166860,10,0.64,6,Business,Graduate,Business,0
1681,27,157150,381,463236,3,0.11,7,Unemployed,High School,Personal,0
1682,23,180703,585,54477,10,0.25,1,Unemployed,High School,Business,0
1683,49,115676,681,113261,3,0.15,3,Unemployed,PhD,Education,0
1684,64,141724,569,107466,3,0.65,6,Self-Employed,PhD,Education,0
1685,44,82901,591,300215,5,0.63,5,Business,Postgraduate,Personal,0
1686,23,127227,752,468819,1,0.67,6,Self-Employed,High School,Education,0
1687,40,137192,323,460139,3,0.1,0,Salaried,Graduate,Personal,0
1688,35,192646,610,75560,3,0.45,7,Unemployed,Graduate,Home,0
1689,45,51417,760,471467,20,0.59,6,Salaried,High School,Business,0
1690,50,108020,507,260392,5,0.21,3,Business,High School,Personal,0
1691,34,103639,737,266278,3,0.55,0,Salaried,Postgraduate,Business,0
1692,27,114881,837,455708,15,0.16,7,Salaried,High School,Home,0
1693,37,190526,635,429986,1,0.23,9,Unemployed,Postgraduate,Business,1
1694,64,152659,721,343906,15,0.43,6,Business,PhD,Personal,0
1695,40,141688,620,171471,10,0.56,7,Salaried,PhD,Education,0
1696,56,135584,796,477164,1,0.2,9,Self-Employed,High School,Business,0
1697,29,106567,462,249413,10,0.23,0,Unemployed,High School,Business,0
1698,58,95886,840,193511,20,0.24,4,Self-Employed,High School,Home,0
1699,42,169888,464,442631,3,0.27,8,Unemployed,High School,Car,0
1700,22,49432,594,410785,5,0.26,4,Salaried,Graduate,Education,0
1701,44,199689,341,7369,15,0.38,9,Unemployed,Graduate,Personal,0
1702,28,92373,584,377107,10,0.56,2,Salaried,PhD,Home,0
1703,31,185289,686,233629,3,0.41,8,Self-Employed,Graduate,Personal,0
1704,33,40884,437,267672,15,0.64,8,Salaried,High School,Personal,0
1705,37,25454,486,113806,15,0.6,3,Unemployed,Postgraduate,Business,0
1706,28,94960,730,166386,20,0.19,3,Unemployed,PhD,Home,0
1707,41,122421,715,107979,20,0.13,7,Unemployed,High School,Home,0
1708,38,63618,725,416263,10,0.71,6,Self-Employed,Graduate,Education,0
1709,50,67111,715,286892,3,0.16,4,Business,Postgraduate,Car,0
1710,38,190685,325,40109,5,0.2,5,Self-Employed,Postgraduate,Personal,1
1711,51,140592,670,18919,10,0.12,2,Salaried,Graduate,Education,1
1712,58,79993,684,314642,15,0.54,5,Salaried,High School,Education,1
1713,52,148652,355,322952,15,0.51,7,Self-Employed,Postgraduate,Personal,1
1714,31,159920,552,216864,1,0.79,9,Self-Employed,Postgraduate,Business,0
1715,45,98672,405,75441,3,0.72,8,Salaried,Graduate,Business,0
1716,53,86125,429,380987,1,0.39,2,Salaried,Postgraduate,Personal,0
1717,58,137509,675,341564,20,0.36,7,Salaried,Postgraduate,Home,0
1718,61,81602,607,427122,5,0.31,2,Business,Postgraduate,Car,0
1719,28,62222,390,374591,10,0.21,1,Business,PhD,Business,0
1720,31,69223,692,469702,15,0.2,4,Self-Employed,High School,Car,1
1721,42,85333,833,71896,3,0.19,3,Self-Employed,High School,Education,0
1722,44,142650,409,108431,15,0.18,4,Business,Graduate,Education,1
1723,61,69420,639,420162,20,0.27,5,Unemployed,High School,Personal,0
1724,37,95504,655,52020,1,0.31,2,Business,Postgraduate,Personal,0
1725,32,22462,467,210338,1,0.77,0,Self-Employed,High School,Personal,0
1726,52,29460,751,289305,10,0.5,3,Business,PhD,Business,0
1727,35,119319,404,32738,3,0.79,5,Unemployed,Postgraduate,Car,0
1728,36,160347,449,139997,20,0.36,1,Self-Employed,Postgraduate,Education,0
1729,42,164341,445,406679,3,0.42,1,Salaried,PhD,Car,0
1730,48,149593,598,62153,10,0.33,0,Self-Employed,PhD,Business,0
1731,40,142672,466,219020,20,0.23,8,Business,High School,Car,0
1732,53,92920,347,66009,20,0.2,2,Business,High School,Car,1
1733,30,42553,538,355082,1,0.76,1,Unemployed,High School,Personal,0
1734,60,175438,306,366690,1,0.79,3,Business,PhD,Car,0
1735,52,64036,763,489469,1,0.13,5,Unemployed,High School,Car,0
1736,53,168441,752,177624,15,0.21,0,Self-Employed,Graduate,Car,0
1737,22,162867,670,323415,5,0.4,8,Business,High School,Home,0
1738,53,90021,848,276941,1,0.23,8,Self-Employed,PhD,Education,0
1739,53,127205,786,353274,5,0.35,7,Salaried,PhD,Education,1
1740,61,181215,510,76942,5,0.19,5,Salaried,Graduate,Car,0
1741,33,180497,464,123065,3,0.42,3,Unemployed,Postgraduate,Personal,1
1742,50,108209,424,281109,10,0.29,1,Business,Graduate,Personal,0
1743,53,95139,636,280877,15,0.35,7,Self-Employed,PhD,Personal,0
1744,33,25368,491,451439,5,0.17,6,Self-Employed,Postgraduate,Education,0
1745,46,155693,513,394326,15,0.4,3,Business,Graduate,Business,0
1746,42,78829,627,162998,3,0.79,2,Self-Employed,Graduate,Car,0
1747,59,149036,680,164855,1,0.33,5,Business,Postgraduate,Education,0
1748,22,34719,538,88360,20,0.71,0,Business,Graduate,Personal,0
1749,58,49227,831,172466,5,0.69,1,Salaried,Postgraduate,Education,0
1750,59,129430,381,375522,10,0.77,6,Business,High School,Education,0
1751,46,158638,662,200868,20,0.65,2,Self-Employed,Postgraduate,Education,0
1752,35,32306,804,295431,3,0.56,0,Business,Graduate,Personal,0
1753,54,73822,501,87104,15,0.7,1,Salaried,High School,Business,0
1754,62,44042,803,166508,1,0.15,9,Salaried,PhD,Home,0
1755,64,166158,336,354060,15,0.42,9,Unemployed,PhD,Car,0
1756,60,168459,701,226404,10,0.79,8,Self-Employed,PhD,Car,0
1757,31,178114,475,471783,5,0.64,6,Business,Graduate,Education,1
1758,23,109424,844,485699,10,0.77,6,Self-Employed,High School,Business,0
1759,26,169395,766,270332,15,0.65,9,Self-Employed,Postgraduate,Personal,0
1760,29,38019,500,96205,15,0.71,7,Business,PhD,Home,0
1761,26,95426,839,237321,20,0.59,7,Salaried,PhD,Home,0
1762,29,60863,846,364493,10,0.63,8,Self-Employed,High School,Education,1
1763,59,131023,693,142837,10,0.47,1,Unemployed,High School,Education,0
1764,51,161355,341,449842,10,0.75,7,Self-Employed,High School,Personal,0
1765,52,169351,692,224779,1,0.68,7,Salaried,Graduate,Personal,0
1766,61,66999,740,146879,15,0.69,4,Unemployed,High School,Personal,0
1767,32,82780,805,15204,3,0.57,4,Unemployed,Postgraduate,Education,0
1768,28,42908,619,228674,1,0.31,3,Unemployed,Postgraduate,Business,1
1769,28,146278,514,194016,1,0.12,4,Unemployed,PhD,Education,1
1770,48,133002,370,309264,1,0.75,1,Business,Postgraduate,Education,0
1771,40,189024,535,107903,20,0.51,1,Business,High School,Home,0
1772,27,120706,580,420874,3,0.31,4,Business,Postgraduate,Personal,0
1773,31,188735,461,304225,10,0.2,2,Unemployed,PhD,Car,0
1774,40,142019,490,261687,20,0.68,0,Salaried,Graduate,Personal,0
1775,36,129708,308,39986,15,0.69,8,Self-Employed,Postgraduate,Business,0
1776,24,199001,359,346466,5,0.67,1,Unemployed,PhD,Business,0
1777,26,29343,524,361963,20,0.55,9,Salaried,PhD,Personal,0
1778,42,96173,586,397159,5,0.36,1,Self-Employed,High School,Personal,0
1779,46,120260,468,55304,15,0.31,3,Unemployed,PhD,Education,1
1780,23,190863,361,332736,3,0.11,1,Self-Employed,Postgraduate,Car,0
1781,61,180206,648,325692,5,0.68,6,Business,PhD,Education,1
1782,62,198173,741,365591,1,0.16,9,Business,PhD,Home,0
1783,34,89443,313,44986,20,0.54,0,Business,High School,Home,0
1784,31,77530,463,341239,5,0.45,1,Salaried,High School,Business,0
1785,38,197871,719,96594,15,0.47,4,Business,Postgraduate,Business,0
1786,32,155899,819,355425,1,0.75,1,Salaried,PhD,Car,0
1787,43,116143,847,71151,5,0.12,8,Business,Graduate,Business,1
1788,32,164771,327,340742,15,0.64,3,Business,PhD,Home,0
1789,33,134527,745,295358,3,0.14,8,Business,Graduate,Car,0
1790,45,156385,507,305889,15,0.13,0,Salaried,Postgraduate,Home,0
1791,39,164670,769,178620,3,0.4,0,Self-Employed,High School,Personal,1
1792,56,131362,403,146753,1,0.14,0,Salaried,Postgraduate,Personal,0
1793,28,48807,725,143056,15,0.65,3,Unemployed,High School,Car,0
1794,49,196298,400,163651,10,0.47,8,Unemployed,High School,Education,1
1795,52,79550,840,357954,20,0.12,7,Salaried,PhD,Business,0
1796,64,23558,821,239347,10,0.13,6,Salaried,PhD,Car,0
1797,38,70113,405,191005,10,0.53,0,Self-Employed,High School,Business,0
1798,26,72999,576,425615,10,0.66,2,Salaried,Graduate,Home,0
1799,38,187415,364,167553,20,0.41,8,Business,Graduate,Education,1
1800,39,78219,487,5944,10,0.49,8,Self-Employed,PhD,Business,0
1801,42,186258,616,98993,3,0.66,4,Salaried,Postgraduate,Personal,0
1802,57,188038,437,276258,15,0.53,5,Salaried,Graduate,Personal,1
1803,52,184841,642,306990,1,0.26,5,Unemployed,High School,Home,0
1804,61,73218,404,219738,10,0.53,9,Self-Employed,PhD,Car,1
1805,23,39229,845,213920,10,0.54,3,Unemployed,PhD,Business,0
1806,48,95209,679,261805,1,0.61,0,Salaried,High School,Home,0
1807,30,47877,409,299740,1,0.53,4,Self-Employed,Postgraduate,Personal,0
1808,55,117137,844,109087,10,0.78,0,Business,High School,Personal,1
1809,49,58084,653,473503,3,0.24,0,Salaried,Postgraduate,Personal,0
1810,35,101780,616,274051,1,0.77,4,Salaried,PhD,Education,1
1811,53,167878,565,260035,15,0.48,4,Unemployed,Postgraduate,Education,0
1812,27,57034,364,164186,15,0.57,6,Business,High School,Personal,0
1813,32,191389,632,292153,3,0.17,1,Salaried,PhD,Car,0
1814,50,75468,812,351990,20,0.37,5,Unemployed,Graduate,Education,0
1815,41,170166,432,317385,5,0.64,1,Unemployed,PhD,Business,0
1816,51,30589,839,171797,3,0.59,9,Salaried,High School,Education,1
1817,44,77221,834,286140,10,0.13,4,Self-Employed,High School,Business,0
1818,40,21657,795,404263,5,0.48,3,Salaried,PhD,Education,0
1819,57,118300,668,295911,10,0.16,9,Business,PhD,Personal,1
1820,24,137229,398,283491,15,0.8,4,Salaried,PhD,Business,0
1821,48,59531,616,107063,1,0.73,1,Self-Employed,Postgraduate,Car,1
1822,64,72227,422,29102,10,0.11,7,Unemployed,Graduate,Education,0
1823,40,23164,619,9263,15,0.7,7,Business,Postgraduate,Education,0
1824,44,113078,794,375729,3,0.74,5,Business,High School,Personal,0
1825,52,61247,756,72438,10,0.35,2,Business,PhD,Business,0
1826,61,170673,821,101359,15,0.6,3,Business,Postgraduate,Personal,0
1827,56,70599,819,428756,1,0.41,0,Self-Employed,Postgraduate,Business,1
1828,54,155624,614,135251,10,0.56,8,Self-Employed,High School,Education,1
1829,56,160489,841,499087,20,0.34,9,Self-Employed,Postgraduate,Education,0
1830,22,88207,778,473942,15,0.33,4,Self-Employed,High School,Education,1
1831,35,92055,319,461985,10,0.4,7,Unemployed,Postgraduate,Education,0
1832,54,122266,429,176915,1,0.2,2,Salaried,Graduate,Home,1
1833,56,98270,592,32690,10,0.68,3,Self-Employed,High School,Education,0
1834,26,131426,431,7994,10,0.34,3,Salaried,Graduate,Education,0
1835,59,154794,655,108533,20,0.38,7,Business,Postgraduate,Business,0
1836,62,90442,353,72546,15,0.73,8,Unemployed,Graduate,Education,0
1837,32,115632,686,405593,5,0.45,2,Unemployed,Graduate,Education,0
1838,23,191103,564,345716,10,0.48,6,Salaried,Graduate,Business,0
1839,38,41438,514,31467,5,0.77,8,Salaried,Postgraduate,Education,0
1840,60,78819,759,251590,3,0.72,1,Salaried,High School,Education,0
1841,41,63856,757,136120,10,0.22,3,Unemployed,Postgraduate,Personal,1
1842,35,184648,342,173050,5,0.43,2,Self-Employed,Postgraduate,Home,0
1843,53,61938,577,314750,3,0.78,7,Unemployed,Postgraduate,Business,0
1844,55,79807,429,479790,20,0.36,3,Self-Employed,High School,Personal,0
1845,46,69877,649,365256,15,0.36,8,Business,PhD,Car,0
1846,28,63461,843,78414,10,0.24,0,Self-Employed,Postgraduate,Car,0
1847,56,113474,405,360289,15,0.18,0,Salaried,Postgraduate,Home,0
1848,50,191541,300,185294,3,0.62,3,Self-Employed,High School,Car,0
1849,43,103136,731,53115,15,0.64,2,Self-Employed,PhD,Home,0
1850,62,40435,605,356750,15,0.78,2,Unemployed,PhD,Car,0
1851,64,165263,826,45647,1,0.64,9,Salaried,PhD,Car,1
1852,34,104726,352,59607,3,0.27,1,Business,PhD,Personal,0
1853,34,178458,819,455626,15,0.13,9,Self-Employed,High School,Car,0
1854,22,182793,629,26996,5,0.79,9,Business,High School,Home,0
1855,57,74786,624,453137,3,0.34,1,Salaried,PhD,Education,0
1856,25,33704,413,88697,1,0.32,7,Self-Employed,Graduate,Education,0
1857,58,76635,446,313166,10,0.73,0,Unemployed,High School,Education,0
1858,61,153195,465,307292,20,0.51,7,Business,Graduate,Home,0
1859,34,110710,678,72764,15,0.25,9,Unemployed,Graduate,Home,0
1860,59,82993,438,359045,5,0.72,2,Business,PhD,Education,0
1861,45,132752,598,357868,1,0.8,1,Salaried,PhD,Car,0
1862,40,176488,575,391910,3,0.16,8,Self-Employed,Postgraduate,Education,0
1863,22,152886,477,244190,20,0.7,4,Business,Graduate,Business,0
1864,59,98537,653,13888,20,0.37,4,Unemployed,Postgraduate,Home,0
1865,26,70258,453,224738,15,0.47,5,Business,PhD,Business,0
1866,37,167580,500,437375,1,0.74,3,Business,Graduate,Business,0
1867,45,105166,414,440413,1,0.78,6,Business,High School,Home,0
1868,48,133710,367,482542,5,0.28,6,Business,Postgraduate,Education,0
1869,22,55699,744,226432,10,0.25,8,Business,PhD,Personal,0
1870,55,66335,744,366085,10,0.16,5,Business,Graduate,Business,0
1871,57,66806,625,422690,10,0.49,0,Unemployed,PhD,Education,0
1872,25,97853,658,284477,20,0.11,8,Business,Postgraduate,Personal,1
1873,21,55739,444,41355,20,0.39,9,Business,PhD,Business,0
1874,60,54785,574,235487,3,0.15,8,Business,PhD,Education,0
1875,32,183052,808,134686,20,0.38,4,Self-Employed,High School,Business,0
1876,56,105016,478,472119,20,0.13,6,Salaried,PhD,Education,0
1877,43,152681,776,464474,1,0.68,0,Salaried,Graduate,Car,0
1878,51,86253,713,167217,3,0.25,3,Salaried,Graduate,Car,0
1879,31,111128,452,254602,1,0.33,9,Unemployed,High School,Home,0
1880,30,179213,403,254434,5,0.71,3,Unemployed,Graduate,Personal,0
1881,23,181081,374,370314,5,0.62,4,Unemployed,PhD,Business,0
1882,34,147581,427,342819,3,0.25,5,Business,PhD,Business,1
1883,36,130966,644,185926,3,0.15,3,Salaried,Graduate,Education,1
1884,30,157854,830,72664,20,0.6,5,Business,Postgraduate,Personal,0
1885,49,119352,458,91153,5,0.37,9,Self-Employed,PhD,Business,0
1886,30,177005,837,98616,15,0.64,6,Salaried,Graduate,Personal,0
1887,32,97154,725,302429,10,0.41,2,Self-Employed,PhD,Personal,0
1888,50,159379,322,261349,20,0.34,8,Self-Employed,PhD,Car,0
1889,61,128297,346,415749,10,0.42,7,Business,High School,Business,0
1890,21,58346,824,430840,5,0.62,0,Salaried,Graduate,Business,0
1891,25,132138,443,51996,10,0.73,1,Self-Employed,PhD,Home,1
1892,40,70772,718,314091,15,0.13,1,Salaried,Postgraduate,Personal,1
1893,28,60149,384,426172,15,0.47,9,Self-Employed,Graduate,Education,0
1894,63,106700,715,318174,1,0.12,8,Self-Employed,Postgraduate,Car,1
1895,32,178598,781,456813,3,0.43,8,Business,Graduate,Home,0
1896,21,116758,755,309587,10,0.72,8,Salaried,Postgraduate,Car,0
1897,40,148447,596,133344,15,0.35,0,Business,Postgraduate,Education,0
1898,48,25695,411,234685,3,0.75,6,Business,Graduate,Home,0
1899,63,59169,529,332608,3,0.54,2,Business,High School,Car,0
1900,57,67947,395,133019,1,0.75,8,Business,High School,Education,1
1901,57,198296,677,140024,3,0.63,7,Business,Graduate,Home,0
1902,32,65865,455,455096,3,0.17,2,Self-Employed,PhD,Education,0
1903,57,176625,720,188273,20,0.26,0,Salaried,Graduate,Home,0
1904,64,124501,404,125454,5,0.38,8,Salaried,Graduate,Business,0
1905,48,80410,629,129444,1,0.22,9,Business,PhD,Business,1
1906,35,123754,738,379319,1,0.45,0,Salaried,Graduate,Car,0
1907,26,110895,431,309604,10,0.43,2,Self-Employed,Graduate,Personal,0
1908,64,175888,681,158868,3,0.77,5,Business,PhD,Personal,0
1909,40,70705,437,167818,10,0.4,5,Unemployed,PhD,Education,0
1910,34,135700,569,485001,20,0.65,9,Unemployed,High School,Home,0
1911,22,93914,849,5015,15,0.76,3,Self-Employed,Postgraduate,Business,0
1912,29,21881,695,316901,3,0.71,1,Self-Employed,Postgraduate,Personal,1
1913,57,190639,763,162029,15,0.25,9,Unemployed,High School,Business,1
1914,40,67365,749,86541,5,0.45,5,Business,High School,Education,1
1915,46,99211,630,26292,20,0.34,9,Self-Employed,Postgraduate,Education,0
1916,49,176078,552,389838,3,0.38,4,Unemployed,High School,Home,1
1917,21,61198,584,167948,10,0.35,5,Business,Graduate,Personal,0
1918,55,173903,573,196799,10,0.68,6,Self-Employed,High School,Education,1
1919,26,120649,319,52046,3,0.42,8,Salaried,High School,Education,1
1920,57,167531,538,19817,10,0.47,6,Salaried,High School,Business,1
1921,25,183515,569,489222,3,0.79,3,Salaried,High School,Car,1
1922,53,193388,717,14759,1,0.14,9,Business,Postgraduate,Personal,0
1923,34,156949,609,184504,10,0.44,4,Self-Employed,PhD,Home,0
1924,32,59553,330,273556,3,0.64,5,Unemployed,Postgraduate,Home,0
1925,62,155994,403,455973,3,0.21,8,Self-Employed,Postgraduate,Business,0
1926,40,142778,485,287648,10,0.53,4,Salaried,PhD,Home,0
1927,44,137018,427,375644,1,0.27,4,Salaried,Postgraduate,Education,0
1928,63,155758,509,275651,10,0.71,6,Business,Graduate,Personal,0
1929,54,52766,713,26050,3,0.33,1,Unemployed,PhD,Home,0
1930,45,52006,580,403036,1,0.33,2,Business,Graduate,Personal,1
1931,49,51422,552,406051,15,0.52,1,Unemployed,Postgraduate,Home,0
1932,59,136590,318,491383,5,0.23,9,Self-Employed,Postgraduate,Car,0
1933,51,32205,435,105153,10,0.3,9,Business,PhD,Car,0
1934,63,174599,522,280731,20,0.39,1,Business,Postgraduate,Personal,1
1935,43,169515,302,236329,3,0.35,2,Business,High School,Car,0
1936,64,167596,535,62732,1,0.47,5,Salaried,Graduate,Car,0
1937,58,136477,764,56921,1,0.52,4,Salaried,Graduate,Education,1
1938,40,48202,527,443715,15,0.5,4,Unemployed,High School,Home,0
1939,43,197214,798,122734,10,0.56,1,Self-Employed,PhD,Car,0
1940,36,81692,820,397248,20,0.32,1,Business,PhD,Personal,0
1941,62,40855,438,142912,1,0.19,0,Salaried,High School,Education,0
1942,28,45095,575,463293,15,0.63,2,Business,High School,Car,0
1943,41,189796,590,36440,3,0.7,6,Unemployed,Graduate,Personal,0
1944,21,69241,352,40183,15,0.28,4,Unemployed,High School,Home,0
1945,28,123119,409,363316,10,0.38,6,Self-Employed,High School,Car,0
1946,49,72003,303,138461,15,0.45,8,Unemployed,High School,Personal,0
1947,52,114837,346,453292,1,0.47,5,Business,Postgraduate,Personal,0
1948,58,114283,393,119515,1,0.56,1,Self-Employed,High School,Business,1
1949,25,167044,512,390327,5,0.13,0,Self-Employed,Postgraduate,Personal,0
1950,42,143805,735,333443,15,0.61,0,Salaried,Graduate,Business,1
1951,54,113846,807,225533,3,0.14,9,Business,Graduate,Home,0
1952,21,42927,504,490301,20,0.43,8,Unemployed,PhD,Home,0
1953,46,140589,680,120503,20,0.68,5,Salaried,Graduate,Education,0
1954,63,135657,372,44023,10,0.42,5,Business,PhD,Business,0
1955,30,86630,815,186101,5,0.2,3,Business,Postgraduate,Personal,0
1956,50,124428,375,307085,15,0.79,1,Self-Employed,High School,Education,0
1957,38,142035,376,487209,3,0.72,9,Self-Employed,Graduate,Education,0
1958,37,146244,709,452166,5,0.64,2,Business,High School,Home,0
1959,46,89518,405,388821,1,0.39,2,Salaried,PhD,Personal,1
1960,28,196355,775,223031,10,0.23,7,Self-Employed,Postgraduate,Business,1
1961,60,101326,574,81054,15,0.76,5,Self-Employed,Graduate,Home,0
1962,32,163277,387,332507,20,0.47,6,Business,High School,Education,0
1963,47,140243,376,66742,3,0.7,8,Business,PhD,Car,0
1964,28,32748,376,496112,1,0.34,0,Self-Employed,High School,Education,0
1965,45,172169,741,50215,5,0.33,1,Salaried,Graduate,Car,0
1966,24,154164,839,315001,10,0.79,8,Self-Employed,High School,Home,1
1967,53,73311,544,322620,5,0.47,4,Business,Postgraduate,Business,1
1968,21,42692,681,164245,20,0.2,3,Self-Employed,Graduate,Personal,0
1969,39,144954,441,407611,5,0.25,0,Business,PhD,Car,0
1970,51,174934,667,326912,3,0.44,8,Self-Employed,Graduate,Personal,0
1971,36,150035,383,246443,1,0.13,8,Business,PhD,Home,0
1972,34,99507,442,482959,15,0.42,3,Business,PhD,Home,0
1973,25,100152,651,108591,3,0.39,8,Salaried,Graduate,Home,0
1974,61,24926,844,254045,20,0.65,9,Business,PhD,Business,0
1975,46,23969,451,51229,10,0.35,0,Self-Employed,Graduate,Car,1
1976,48,55733,457,424855,20,0.79,4,Business,Postgraduate,Personal,0
1977,22,89855,745,378850,20,0.23,0,Unemployed,Postgraduate,Education,0
1978,26,61743,602,67583,5,0.51,3,Self-Employed,High School,Home,1
1979,29,150193,749,260931,10,0.16,4,Salaried,Postgraduate,Personal,0
1980,53,190948,523,164996,3,0.61,2,Self-Employed,PhD,Personal,0
1981,61,127445,342,131011,20,0.8,1,Salaried,High School,Business,1
1982,45,40323,563,471185,3,0.67,5,Unemployed,High School,Car,1
1983,33,36428,302,297248,15,0.49,2,Salaried,Graduate,Business,0
1984,29,54578,567,245660,5,0.44,9,Business,High School,Business,0
1985,33,106486,315,304738,3,0.68,0,Unemployed,Graduate,Personal,0
1986,51,84140,633,270808,10,0.76,4,Unemployed,High School,Car,0
1987,61,127325,763,277672,20,0.79,1,Salaried,Postgraduate,Car,0
1988,31,103829,358,164262,15,0.38,1,Self-Employed,Graduate,Car,0
1989,24,26364,476,202105,10,0.79,3,Salaried,PhD,Home,1
1990,54,148867,362,459377,5,0.21,3,Salaried,High School,Car,0
1991,58,186421,606,209249,15,0.28,3,Unemployed,Postgraduate,Personal,1
1992,24,151763,545,133404,15,0.16,6,Business,Postgraduate,Home,0
1993,58,115598,588,468395,15,0.29,0,Self-Employed,Graduate,Education,0
1994,39,196968,631,206664,20,0.64,7,Salaried,Graduate,Business,1
1995,26,77062,826,300043,1,0.7,9,Business,Graduate,Car,0
1996,54,164933,554,338123,15,0.65,8,Business,PhD,Education,0
1997,38,108302,809,22241,10,0.54,9,Self-Employed,PhD,Car,0
1998,33,83928,762,313355,10,0.46,5,Business,PhD,Business,0
1999,61,61347,498,68472,5,0.6,3,Salaried,High School,Personal,0
2000,43,23121,570,210320,3,0.37,5,Unemployed,PhD,Personal,0
2001,39,103793,363,471973,3,0.69,9,Business,Graduate,Business,0
2002,31,48164,529,36346,1,0.57,6,Unemployed,Postgraduate,Education,0
2003,21,45491,548,86196,20,0.59,5,Self-Employed,Postgraduate,Home,0
2004,44,79222,545,371595,20,0.48,0,Self-Employed,Graduate,Home,0
2005,27,174237,456,213196,15,0.72,4,Business,PhD,Car,0
2006,45,23748,387,370052,1,0.28,7,Unemployed,PhD,Business,0
2007,41,46553,612,440436,5,0.37,7,Salaried,Graduate,Business,0
2008,35,136547,365,154014,5,0.64,9,Unemployed,Postgraduate,Home,1
2009,21,80380,319,316311,3,0.44,8,Business,High School,Education,0
2010,32,64331,332,303517,5,0.72,3,Unemployed,Postgraduate,Business,0
2011,27,140617,372,334287,15,0.34,9,Unemployed,PhD,Personal,0
2012,35,59560,642,125623,10,0.36,5,Self-Employed,Postgraduate,Personal,0
2013,41,73865,432,377157,5,0.72,6,Business,PhD,Business,0
2014,39,197758,354,7016,1,0.43,4,Unemployed,Postgraduate,Education,0
2015,49,95910,360,336254,15,0.46,7,Business,Graduate,Personal,0
2016,45,155747,819,444525,5,0.33,2,Salaried,PhD,Education,0
2017,53,97986,571,12274,20,0.29,7,Business,High School,Home,1
2018,52,30068,545,20748,5,0.56,4,Salaried,High School,Car,0
2019,55,74460,475,418391,20,0.18,0,Business,Graduate,Home,0
2020,64,120766,616,16826,15,0.72,5,Business,Postgraduate,Car,0
2021,58,66418,430,350152,5,0.65,1,Unemployed,Graduate,Personal,1
2022,46,46206,401,134288,20,0.23,6,Unemployed,Graduate,Car,0
2023,31,148180,609,432345,10,0.59,8,Salaried,High School,Car,0
2024,55,20287,591,206081,3,0.52,2,Salaried,High School,Business,0
2025,28,42337,794,256054,15,0.23,9,Self-Employed,PhD,Car,0
2026,34,171738,660,421706,20,0.29,3,Unemployed,PhD,Business,0
2027,30,152233,637,372767,1,0.39,3,Salaried,PhD,Car,0
2028,22,120667,309,177507,5,0.59,3,Unemployed,Graduate,Business,0
2029,29,110071,348,211089,20,0.55,2,Business,Graduate,Personal,0
2030,23,118064,786,406736,20,0.47,4,Self-Employed,PhD,Personal,1
2031,41,189823,620,228023,20,0.64,8,Unemployed,High School,Car,1
2032,46,126511,432,350250,3,0.63,7,Unemployed,High School,Education,0
2033,28,165830,382,197949,1,0.53,9,Unemployed,Postgraduate,Personal,0
2034,22,23178,356,418014,1,0.65,1,Unemployed,PhD,Home,0
2035,26,51831,675,321782,10,0.33,8,Salaried,Graduate,Home,0
2036,48,153248,648,74072,3,0.72,9,Salaried,Postgraduate,Business,0
2037,49,123306,570,72309,20,0.53,1,Self-Employed,Postgraduate,Education,0
2038,46,184726,782,165966,15,0.68,6,Business,Postgraduate,Business,1
2039,45,177699,410,461179,3,0.48,4,Business,PhD,Car,0
2040,32,132025,375,391868,3,0.25,6,Self-Employed,PhD,Personal,0
2041,25,195982,457,190639,1,0.48,4,Business,PhD,Education,0
2042,54,110417,831,394987,10,0.36,5,Salaried,High School,Business,0
2043,57,186494,628,40326,10,0.59,7,Unemployed,Postgraduate,Business,1
2044,35,31984,421,191131,3,0.43,0,Business,High School,Home,0
2045,64,109312,340,272223,3,0.69,0,Unemployed,PhD,Car,1
2046,56,103291,466,424054,5,0.57,4,Unemployed,High School,Business,0
2047,35,27135,322,388556,20,0.58,0,Salaried,High School,Home,0
2048,63,20320,578,92340,1,0.25,2,Unemployed,Graduate,Education,1
2049,43,172756,768,445325,20,0.79,9,Business,PhD,Business,0
2050,26,108774,699,352355,15,0.69,8,Salaried,Postgraduate,Home,0
2051,64,172961,308,423810,15,0.65,6,Self-Employed,PhD,Car,0
2052,63,118071,312,309893,10,0.33,5,Salaried,High School,Personal,0
2053,41,199971,351,172364,1,0.47,7,Business,PhD,Education,0
2054,43,161842,508,123192,20,0.2,7,Salaried,PhD,Business,0
2055,63,190393,849,341678,10,0.48,5,Business,Graduate,Home,0
2056,36,129863,701,256749,15,0.2,3,Business,Graduate,Business,0
2057,35,61777,490,346377,3,0.49,3,Salaried,PhD,Personal,1
2058,45,66250,350,56818,1,0.55,3,Business,Graduate,Business,0
2059,56,93034,692,379054,1,0.37,5,Self-Employed,High School,Business,0
2060,31,124940,599,18429,20,0.45,0,Business,High School,Home,0
2061,35,60130,495,62748,5,0.71,1,Self-Employed,High School,Personal,0
2062,24,153609,716,53807,20,0.18,5,Self-Employed,Graduate,Education,0
2063,41,35216,719,274284,3,0.65,0,Business,PhD,Home,0
2064,33,104149,821,330370,3,0.22,8,Unemployed,High School,Personal,0
2065,42,23009,655,243161,10,0.13,5,Self-Employed,Postgraduate,Personal,0
2066,39,109904,447,413117,1,0.23,6,Self-Employed,High School,Business,0
2067,54,180399,664,355959,10,0.64,0,Salaried,PhD,Car,0
2068,34,165281,663,295669,3,0.38,7,Self-Employed,High School,Car,0
2069,24,199515,701,287635,5,0.71,4,Self-Employed,Postgraduate,Education,0
2070,47,35029,791,204888,1,0.47,4,Self-Employed,High School,Business,0
2071,49,122171,528,171052,3,0.12,5,Self-Employed,High School,Car,0
2072,48,134456,836,231597,5,0.6,6,Unemployed,PhD,Home,0
2073,55,82559,567,13078,20,0.18,6,Self-Employed,High School,Education,0
2074,28,84892,704,96654,15,0.65,4,Business,High School,Business,1
2075,36,90409,310,134101,3,0.22,0,Unemployed,Graduate,Home,0
2076,62,159707,619,487737,15,0.34,8,Self-Employed,PhD,Car,0
2077,56,53065,425,446920,10,0.63,5,Business,PhD,Car,0
2078,50,140544,605,21997,15,0.77,8,Business,PhD,Car,0
2079,38,127340,810,478026,3,0.36,3,Unemployed,PhD,Car,0
2080,22,53783,388,136940,15,0.68,1,Unemployed,High School,Personal,1
2081,33,54152,654,424614,1,0.23,2,Business,Postgraduate,Education,0
2082,24,78741,651,217650,3,0.67,3,Unemployed,Postgraduate,Education,0
2083,46,127049,313,364500,5,0.56,9,Unemployed,Graduate,Car,0
2084,45,49092,556,380855,15,0.23,7,Salaried,High School,Education,1
2085,50,168725,508,288390,1,0.31,2,Unemployed,PhD,Home,0
2086,31,191541,580,156633,10,0.19,7,Salaried,PhD,Home,0
2087,27,106483,742,414470,10,0.37,5,Unemployed,Postgraduate,Education,1
2088,51,141585,688,39512,15,0.24,3,Unemployed,Graduate,Car,0
2089,64,79754,782,498776,10,0.55,6,Business,High School,Business,0
2090,30,181050,446,487748,5,0.8,4,Salaried,Graduate,Car,1
2091,59,107592,578,230226,3,0.11,4,Unemployed,High School,Personal,0
2092,33,114543,820,213467,1,0.48,8,Self-Employed,Graduate,Business,0
2093,51,63169,733,325009,20,0.5,2,Unemployed,Graduate,Personal,1
2094,27,199359,443,421796,15,0.74,9,Business,PhD,Education,1
2095,62,74745,588,469175,10,0.45,3,Business,Postgraduate,Personal,0
2096,62,130168,685,370537,3,0.48,4,Business,PhD,Education,0
2097,56,133985,313,77144,20,0.43,0,Salaried,Postgraduate,Personal,0
2098,40,25543,556,178557,5,0.29,6,Salaried,Graduate,Business,0
2099,24,41067,645,448837,10,0.14,7,Salaried,High School,Personal,0
2100,27,71033,644,122363,10,0.39,5,Self-Employed,PhD,Car,1
2101,21,65256,699,317809,1,0.14,8,Salaried,High School,Education,0
2102,64,173263,506,206484,5,0.49,2,Business,PhD,Home,0
2103,62,106803,471,186675,5,0.32,1,Salaried,PhD,Personal,0
2104,33,138843,763,157110,15,0.47,4,Salaried,PhD,Education,1
2105,42,48992,569,98542,20,0.19,8,Unemployed,High School,Home,0
2106,41,68803,520,368455,1,0.75,0,Salaried,PhD,Education,1
2107,42,129975,451,494562,15,0.73,0,Unemployed,PhD,Education,1
2108,48,164282,482,281469,1,0.23,9,Salaried,PhD,Home,1
2109,29,46270,698,171964,5,0.34,2,Unemployed,High School,Home,1
2110,46,156269,371,399969,1,0.53,9,Business,PhD,Business,1
2111,29,27452,717,493283,1,0.17,2,Salaried,High School,Personal,1
2112,35,61486,582,154068,1,0.35,4,Business,Postgraduate,Personal,0
2113,30,34859,373,335955,3,0.28,3,Salaried,PhD,Education,0
2114,44,178308,654,210355,3,0.74,5,Self-Employed,Graduate,Car,0
2115,62,182971,796,443427,20,0.7,7,Self-Employed,Postgraduate,Car,0
2116,28,52083,627,121737,20,0.51,7,Business,High School,Education,0
2117,44,87708,834,461036,5,0.46,3,Business,Graduate,Business,0
2118,36,131462,746,267968,1,0.75,0,Self-Employed,High School,Home,1
2119,46,167735,672,412096,5,0.75,6,Self-Employed,High School,Education,0
2120,47,113076,661,245417,3,0.78,5,Unemployed,PhD,Personal,0
2121,57,39053,392,122718,1,0.19,4,Salaried,Graduate,Car,0
2122,24,162157,620,333761,15,0.21,3,Self-Employed,High School,Car,0
2123,44,181636,623,278661,3,0.57,5,Business,Postgraduate,Car,0
2124,39,109745,683,157755,3,0.48,7,Business,PhD,Business,1
2125,56,89517,645,415092,3,0.11,5,Self-Employed,Postgraduate,Personal,0
2126,59,172225,402,370212,1,0.14,2,Business,Postgraduate,Business,0
2127,30,156319,514,454570,20,0.72,8,Salaried,PhD,Home,0
2128,45,161625,491,472018,10,0.71,2,Unemployed,High School,Education,0
2129,38,171883,493,212791,15,0.35,3,Salaried,Postgraduate,Education,1
2130,39,157207,679,254120,15,0.72,4,Unemployed,High School,Car,0
2131,56,156645,702,259322,5,0.52,1,Unemployed,High School,Car,1
2132,30,99267,310,484818,1,0.66,9,Self-Employed,PhD,Home,0
2133,53,158261,486,382160,20,0.4,9,Business,Postgraduate,Business,0
2134,25,100077,314,214485,3,0.18,1,Unemployed,Postgraduate,Personal,1
2135,55,194718,596,277126,10,0.4,5,Self-Employed,PhD,Home,1
2136,64,96623,710,472720,1,0.42,1,Business,High School,Education,0
2137,54,151004,351,424814,1,0.49,9,Business,High School,Education,0
2138,53,73687,327,150711,20,0.17,0,Unemployed,PhD,Business,0
2139,41,88312,316,75210,10,0.79,7,Business,High School,Home,0
2140,37,127615,650,74852,3,0.27,9,Salaried,High School,Personal,0
2141,42,150976,727,380762,1,0.24,9,Business,Postgraduate,Home,0
2142,57,47564,528,260139,15,0.47,0,Salaried,High School,Home,0
2143,35,48835,509,14695,15,0.48,9,Business,High School,Business,0
2144,55,27697,730,53582,10,0.41,5,Unemployed,High School,Personal,0
2145,48,100165,593,298238,3,0.64,0,Unemployed,High School,Education,1
2146,27,168118,403,196707,10,0.46,7,Self-Employed,PhD,Car,0
2147,52,77823,503,289331,1,0.53,4,Salaried,PhD,Personal,0
2148,31,29615,352,385157,15,0.61,2,Salaried,PhD,Education,0
2149,30,156132,674,133721,5,0.12,4,Unemployed,High School,Business,0
2150,29,150499,353,111683,10,0.5,0,Unemployed,PhD,Personal,0
2151,34,96436,575,268358,5,0.72,0,Unemployed,Graduate,Personal,0
2152,33,140562,634,291084,5,0.11,3,Salaried,Graduate,Education,0
2153,45,91117,330,49406,20,0.38,8,Self-Employed,Graduate,Education,0
2154,22,54782,434,489437,15,0.75,8,Salaried,Postgraduate,Home,0
2155,55,98533,357,441697,10,0.35,0,Unemployed,High School,Home,0
2156,27,92684,404,152049,5,0.42,2,Self-Employed,Postgraduate,Personal,0
2157,41,99558,565,443055,1,0.79,3,Business,PhD,Car,0
2158,38,101422,821,456090,20,0.24,1,Business,High School,Business,0
2159,23,176328,795,325558,3,0.15,6,Unemployed,Graduate,Education,0
2160,62,181077,552,368584,20,0.7,2,Self-Employed,High School,Home,0
2161,59,26638,594,423754,3,0.71,0,Unemployed,Postgraduate,Business,0
2162,61,57419,457,240994,15,0.43,0,Salaried,PhD,Personal,0
2163,31,53377,848,370713,10,0.46,2,Salaried,PhD,Education,0
2164,59,126244,366,192313,10,0.69,5,Self-Employed,Postgraduate,Education,0
2165,44,194188,598,209573,3,0.62,3,Unemployed,High School,Home,0
2166,39,187706,762,211205,1,0.29,0,Unemployed,Postgraduate,Car,1
2167,24,43382,400,65481,3,0.11,6,Business,PhD,Education,0
2168,46,173466,355,243084,3,0.44,1,Self-Employed,Graduate,Car,0
2169,58,87789,631,294884,10,0.7,4,Unemployed,PhD,Business,1
2170,62,130634,692,330472,5,0.73,7,Salaried,PhD,Education,0
2171,52,151936,680,470321,1,0.77,6,Unemployed,High School,Education,0
2172,59,119572,391,448859,10,0.72,7,Unemployed,Graduate,Car,0
2173,56,191294,746,279025,20,0.51,9,Salaried,PhD,Home,0
2174,60,164738,408,304140,3,0.41,5,Salaried,Graduate,Personal,0
2175,57,143664,616,168249,5,0.64,6,Unemployed,Postgraduate,Business,0
2176,53,172027,467,127196,1,0.62,8,Salaried,High School,Education,0
2177,56,130674,734,42177,15,0.48,5,Business,Graduate,Home,0
2178,23,123533,741,71126,1,0.16,8,Business,Graduate,Education,0
2179,29,101845,517,323675,1,0.75,1,Business,High School,Business,0
2180,28,89590,521,31119,3,0.42,1,Salaried,Postgraduate,Personal,1
2181,53,147775,827,122744,3,0.35,1,Salaried,Graduate,Education,0
2182,26,86471,577,121894,15,0.54,5,Salaried,High School,Car,1
2183,61,63298,765,163987,15,0.57,1,Self-Employed,PhD,Home,0
2184,59,68924,329,400924,15,0.25,2,Salaried,High School,Personal,0
2185,24,167781,658,436965,10,0.69,7,Business,PhD,Education,0
2186,33,29726,587,49989,10,0.3,7,Business,Graduate,Personal,1
2187,22,60542,385,289250,3,0.23,3,Business,Graduate,Car,0
2188,25,171317,533,284275,3,0.38,8,Self-Employed,Graduate,Education,0
2189,64,54753,612,313697,15,0.61,7,Unemployed,Postgraduate,Personal,0
2190,47,99788,664,456360,10,0.78,0,Business,Postgraduate,Education,0
2191,52,41316,568,11553,5,0.67,7,Self-Employed,PhD,Education,0
2192,41,104698,430,22881,10,0.76,0,Unemployed,High School,Personal,0
2193,28,35960,650,6379,3,0.2,3,Self-Employed,PhD,Education,1
2194,58,50791,479,357935,10,0.15,9,Self-Employed,High School,Car,1
2195,28,45216,779,372808,3,0.49,5,Unemployed,Graduate,Personal,1
2196,23,183539,462,74306,15,0.3,6,Salaried,High School,Personal,0
2197,64,84427,395,417942,15,0.68,9,Salaried,Postgraduate,Car,0
2198,23,132470,809,248825,15,0.57,3,Business,High School,Car,0
2199,42,93290,664,407304,5,0.78,7,Unemployed,High School,Car,1
2200,26,67014,652,432530,5,0.28,7,Business,Graduate,Education,0
2201,22,155150,735,453257,3,0.44,8,Self-Employed,Graduate,Education,0
2202,43,70519,382,109512,1,0.45,5,Salaried,Postgraduate,Business,1
2203,64,24042,524,283494,20,0.27,3,Business,High School,Education,0
2204,22,69052,711,104599,5,0.51,1,Business,High School,Car,0
2205,58,34389,417,86397,3,0.41,6,Salaried,High School,Business,0
2206,37,115961,781,346653,10,0.41,9,Self-Employed,Graduate,Car,0
2207,55,88111,491,22769,15,0.35,2,Business,Postgraduate,Home,1
2208,54,125058,406,183321,15,0.11,2,Business,High School,Personal,0
2209,43,113715,681,481078,15,0.47,2,Unemployed,High School,Home,0
2210,50,70733,689,106584,3,0.33,3,Unemployed,High School,Car,0
2211,28,54754,543,313509,15,0.1,1,Salaried,High School,Education,0
2212,42,169696,767,317329,5,0.32,4,Salaried,Postgraduate,Personal,0
2213,64,105886,837,138858,10,0.3,2,Self-Employed,Postgraduate,Education,0
2214,56,177753,509,236609,15,0.38,9,Self-Employed,Postgraduate,Education,0
2215,25,109524,372,131525,3,0.19,4,Business,Graduate,Personal,0
2216,33,101006,608,399836,10,0.46,6,Unemployed,High School,Personal,0
2217,49,44704,485,41303,15,0.58,8,Self-Employed,High School,Home,0
2218,51,114913,552,24589,1,0.54,1,Business,High School,Car,0
2219,36,114108,312,270026,15,0.66,8,Business,High School,Education,0
2220,62,27493,598,460464,20,0.42,9,Salaried,PhD,Car,0
2221,50,89639,375,185394,5,0.46,5,Unemployed,Postgraduate,Car,1
2222,36,74383,350,134236,10,0.67,5,Business,PhD,Business,0
2223,32,154066,448,422740,5,0.4,2,Salaried,PhD,Home,0
2224,37,67234,421,276889,1,0.59,9,Business,Graduate,Education,0
2225,36,198363,510,20861,1,0.4,8,Unemployed,Graduate,Personal,0
2226,32,148674,579,96707,20,0.39,3,Business,High School,Personal,0
2227,28,25594,837,489951,5,0.63,4,Business,PhD,Car,0
2228,40,27371,455,321405,10,0.22,2,Self-Employed,PhD,Home,0
2229,23,67315,537,260043,1,0.34,4,Self-Employed,Postgraduate,Home,0
2230,36,147251,675,138909,1,0.26,7,Salaried,PhD,Education,0
2231,50,99526,381,341279,15,0.35,7,Business,Graduate,Education,0
2232,43,167698,791,479663,20,0.26,7,Salaried,PhD,Car,0
2233,48,106005,655,59380,3,0.51,5,Unemployed,Graduate,Car,0
2234,60,125573,572,353233,1,0.66,0,Salaried,High School,Car,0
2235,25,158202,343,110025,10,0.65,9,Business,Graduate,Business,0
2236,40,157900,422,185903,10,0.36,5,Self-Employed,High School,Home,0
2237,60,77514,648,225421,15,0.79,9,Self-Employed,Postgraduate,Car,0
2238,64,168955,629,436471,10,0.52,6,Salaried,High School,Home,1
2239,21,194131,708,249497,15,0.38,8,Self-Employed,PhD,Personal,0
2240,50,194004,622,165592,1,0.68,7,Business,Graduate,Personal,0
2241,41,95986,410,427757,1,0.61,7,Business,High School,Home,1
2242,40,105959,388,463988,1,0.62,6,Unemployed,High School,Personal,0
2243,26,22035,732,425566,1,0.24,1,Self-Employed,High School,Personal,0
2244,42,129767,398,49397,3,0.43,0,Self-Employed,High School,Personal,1
2245,38,191817,838,344229,20,0.7,1,Unemployed,High School,Education,0
2246,28,37241,445,331009,20,0.45,5,Salaried,High School,Education,0
2247,59,72975,556,323100,3,0.58,1,Unemployed,Graduate,Home,0
2248,52,174226,488,425669,1,0.51,9,Self-Employed,PhD,Home,1
2249,53,176697,539,460561,10,0.69,3,Salaried,PhD,Business,0
2250,36,196022,802,367871,15,0.3,9,Business,High School,Education,0
2251,32,76396,570,411122,20,0.5,2,Business,Graduate,Home,0
2252,58,138920,819,282132,5,0.19,5,Unemployed,High School,Education,0
2253,54,164403,849,163795,15,0.58,7,Business,Postgraduate,Business,0
2254,34,106226,413,38800,5,0.61,5,Self-Employed,PhD,Home,1
2255,56,104719,638,437323,5,0.13,1,Unemployed,High School,Home,0
2256,53,83014,658,163502,1,0.57,4,Self-Employed,Graduate,Home,0
2257,43,59346,633,430751,5,0.39,5,Self-Employed,PhD,Home,0
2258,22,90411,468,204548,1,0.19,8,Salaried,Graduate,Car,0
2259,61,163326,638,262653,3,0.39,5,Salaried,Postgraduate,Education,0
2260,41,179693,560,354473,10,0.24,9,Salaried,High School,Education,0
2261,22,96441,498,476014,5,0.39,4,Business,Postgraduate,Education,1
2262,47,66121,510,57284,10,0.37,0,Salaried,PhD,Business,0
2263,29,80197,586,61232,1,0.62,9,Self-Employed,High School,Car,0
2264,21,104577,771,49420,5,0.64,4,Unemployed,PhD,Education,0
2265,31,114634,781,304854,15,0.52,4,Unemployed,High School,Education,0
2266,23,193503,322,470713,3,0.12,5,Self-Employed,Graduate,Home,0
2267,43,120211,408,97035,20,0.75,6,Business,PhD,Home,0
2268,46,155909,595,438714,3,0.58,3,Unemployed,Postgraduate,Home,0
2269,24,163687,305,298427,5,0.12,6,Self-Employed,Postgraduate,Education,0
2270,38,21466,849,202241,3,0.67,4,Self-Employed,Graduate,Home,0
2271,26,50771,502,470574,20,0.24,5,Self-Employed,Graduate,Education,0
2272,55,103886,624,198529,15,0.51,3,Unemployed,Postgraduate,Business,1
2273,42,85911,543,254863,10,0.43,7,Unemployed,Graduate,Business,1
2274,63,171818,626,30968,15,0.39,8,Salaried,High School,Personal,0
2275,35,108422,346,67508,3,0.72,1,Salaried,Postgraduate,Car,0
2276,42,93369,312,240863,20,0.41,3,Self-Employed,PhD,Home,0
2277,57,21893,679,199292,10,0.15,7,Self-Employed,Postgraduate,Home,0
2278,62,50573,664,380579,20,0.76,7,Self-Employed,Graduate,Car,0
2279,32,116907,641,90366,15,0.74,8,Self-Employed,High School,Car,0
2280,62,191946,520,10738,1,0.58,2,Unemployed,PhD,Personal,0
2281,58,119956,372,8098,1,0.43,0,Salaried,Postgraduate,Car,1
2282,38,138580,345,100424,10,0.17,8,Business,Postgraduate,Education,0
2283,55,184439,803,209705,10,0.65,0,Self-Employed,PhD,Home,0
2284,50,172271,573,83672,10,0.15,2,Salaried,High School,Car,0
2285,44,111404,507,305388,1,0.15,2,Self-Employed,Graduate,Education,0
2286,62,77724,423,144325,15,0.48,8,Unemployed,Graduate,Car,0
2287,50,106133,309,321477,10,0.21,0,Business,Graduate,Education,0
2288,34,187477,628,130349,1,0.11,6,Salaried,Graduate,Business,0
2289,26,35989,486,55969,10,0.4,1,Salaried,PhD,Education,0
2290,23,48931,842,95744,10,0.2,6,Business,High School,Personal,0
2291,36,29290,359,206495,20,0.21,0,Unemployed,High School,Education,0
2292,27,189439,741,122286,10,0.15,9,Business,Postgraduate,Car,0
2293,34,141136,516,442627,1,0.24,9,Salaried,Postgraduate,Business,1
2294,29,99878,301,80028,15,0.6,7,Business,High School,Business,0
2295,35,110477,835,302565,1,0.67,9,Unemployed,Postgraduate,Education,0
2296,41,146299,655,399670,1,0.42,9,Unemployed,High School,Car,0
2297,55,181205,464,415738,10,0.45,1,Self-Employed,PhD,Business,1
2298,22,125686,390,43575,20,0.12,2,Business,PhD,Education,0
2299,47,178124,466,8192,5,0.15,7,Business,Graduate,Education,0
2300,22,127286,506,116116,5,0.28,2,Salaried,High School,Education,1
2301,55,60475,581,453484,5,0.48,0,Unemployed,PhD,Business,1
2302,38,102666,364,395018,1,0.62,8,Business,High School,Home,1
2303,34,116622,815,86311,10,0.52,7,Salaried,Postgraduate,Car,0
2304,40,155705,456,408618,5,0.37,3,Self-Employed,High School,Personal,1
2305,38,168376,605,476826,3,0.18,7,Business,Graduate,Personal,0
2306,30,127573,694,85781,3,0.65,4,Business,Graduate,Car,0
2307,45,66546,373,41527,3,0.35,2,Salaried,PhD,Home,0
2308,22,27008,486,57181,15,0.62,0,Salaried,Postgraduate,Car,0
2309,45,68291,636,96472,10,0.46,9,Unemployed,Postgraduate,Education,0
2310,53,178477,539,425218,1,0.62,4,Unemployed,High School,Car,0
2311,56,56386,832,86219,1,0.74,5,Unemployed,Postgraduate,Car,1
2312,51,110909,440,410676,10,0.74,3,Business,Graduate,Business,0
2313,34,171899,564,124783,20,0.47,6,Salaried,PhD,Personal,0
2314,21,53040,438,166554,20,0.46,2,Unemployed,PhD,Personal,0
2315,36,80354,758,414663,15,0.29,6,Business,PhD,Education,1
2316,23,98543,369,184300,10,0.76,0,Unemployed,Postgraduate,Education,0
2317,55,38157,684,88265,20,0.42,6,Self-Employed,Postgraduate,Business,0
2318,61,55315,497,55126,15,0.19,0,Business,Graduate,Education,0
2319,26,55932,504,287689,5,0.4,0,Unemployed,High School,Home,1
2320,45,172236,730,60114,5,0.19,1,Unemployed,High School,Business,0
2321,33,165486,624,360884,15,0.45,1,Self-Employed,PhD,Business,0
2322,54,165399,741,211422,10,0.49,3,Self-Employed,PhD,Car,0
2323,28,133880,587,193873,5,0.34,0,Unemployed,Postgraduate,Car,1
2324,41,152018,525,281034,10,0.15,3,Unemployed,PhD,Home,0
2325,54,34693,363,126284,20,0.76,1,Salaried,Graduate,Business,0
2326,24,47241,797,319626,5,0.64,3,Unemployed,Graduate,Business,0
2327,45,135194,359,199469,20,0.69,3,Unemployed,PhD,Car,1
2328,35,115790,696,399956,10,0.36,8,Salaried,PhD,Personal,0
2329,24,166612,556,428337,10,0.63,8,Salaried,PhD,Personal,0
2330,32,92255,538,147290,3,0.44,0,Unemployed,PhD,Car,0
2331,52,192275,337,338735,15,0.24,4,Salaried,PhD,Education,0
2332,52,176153,324,93241,1,0.19,6,Business,Graduate,Business,0
2333,48,31350,709,301866,15,0.34,3,Self-Employed,High School,Home,0
2334,33,76809,760,316575,10,0.2,4,Business,Graduate,Personal,1
2335,51,121894,716,187615,10,0.8,1,Self-Employed,Graduate,Education,0
2336,34,117557,656,309144,15,0.13,2,Self-Employed,PhD,Business,1
2337,40,193904,682,339119,10,0.41,6,Unemployed,High School,Education,0
2338,38,179441,457,35921,20,0.42,9,Self-Employed,PhD,Business,1
2339,49,51728,732,366409,5,0.31,6,Business,Graduate,Business,0
2340,26,37576,347,355891,10,0.5,3,Unemployed,High School,Car,0
2341,52,180073,627,166686,15,0.2,0,Salaried,Postgraduate,Car,0
2342,49,103384,732,197261,15,0.65,0,Business,PhD,Home,0
2343,63,20390,730,22601,15,0.33,3,Unemployed,Postgraduate,Home,0
2344,22,65436,355,98332,3,0.51,3,Self-Employed,Postgraduate,Education,0
2345,43,31569,567,390398,20,0.6,5,Business,Postgraduate,Car,0
2346,39,164101,368,207615,20,0.72,6,Self-Employed,Postgraduate,Business,0
2347,51,42490,748,418730,3,0.69,8,Unemployed,High School,Car,0
2348,25,65875,556,481528,20,0.53,8,Unemployed,PhD,Business,0
2349,39,25867,789,465828,3,0.37,9,Salaried,High School,Car,0
2350,54,100820,348,489102,20,0.45,4,Salaried,PhD,Business,0
2351,30,119515,615,386148,3,0.64,9,Business,PhD,Education,0
2352,45,29121,712,240572,3,0.71,2,Salaried,PhD,Car,0
2353,22,21539,733,414508,20,0.17,2,Self-Employed,High School,Personal,0
2354,31,168099,301,429726,3,0.37,5,Self-Employed,Graduate,Personal,0
2355,51,147402,444,295144,20,0.64,0,Salaried,Postgraduate,Business,0
2356,35,94229,665,135439,3,0.4,6,Salaried,Graduate,Education,0
2357,29,159993,719,244691,15,0.33,2,Salaried,Graduate,Business,0
2358,43,70435,743,124277,1,0.39,4,Business,Graduate,Education,0
2359,39,161382,733,297527,20,0.52,6,Business,Postgraduate,Home,0
2360,29,83965,356,147857,3,0.8,6,Self-Employed,Graduate,Car,0
2361,55,131048,477,45910,15,0.45,8,Business,Postgraduate,Education,0
2362,41,116444,592,175100,1,0.25,0,Business,Postgraduate,Business,0
2363,29,89922,345,160927,3,0.21,2,Unemployed,Postgraduate,Home,0
2364,48,117799,469,291425,1,0.13,8,Self-Employed,PhD,Business,0
2365,27,113948,570,380982,20,0.49,7,Self-Employed,PhD,Personal,1
2366,36,163314,716,9841,1,0.48,1,Salaried,Graduate,Personal,0
2367,36,28947,438,102204,5,0.24,7,Unemployed,PhD,Car,0
2368,53,68785,546,65155,10,0.59,7,Salaried,Postgraduate,Car,0
2369,24,139963,447,425134,5,0.62,1,Business,PhD,Home,0
2370,24,20507,529,323457,20,0.28,7,Self-Employed,Postgraduate,Personal,0
2371,59,178223,673,264589,20,0.34,2,Business,High School,Education,1
2372,60,31618,379,266140,1,0.79,6,Business,PhD,Personal,0
2373,37,94286,364,378832,15,0.36,8,Unemployed,Graduate,Car,0
2374,57,36122,387,153515,3,0.63,3,Unemployed,High School,Business,0
2375,59,158426,387,430466,10,0.42,5,Self-Employed,High School,Home,0
2376,49,129598,503,137994,3,0.66,8,Self-Employed,PhD,Personal,0
2377,56,182051,681,299120,15,0.64,4,Unemployed,PhD,Education,0
2378,58,106436,775,148063,20,0.57,0,Unemployed,Graduate,Education,1
2379,59,156109,838,109405,10,0.7,2,Unemployed,High School,Education,0
2380,57,48633,513,58744,5,0.76,8,Unemployed,Postgraduate,Home,0
2381,55,44495,373,420949,20,0.51,2,Self-Employed,PhD,Education,0
2382,27,84550,360,7473,20,0.27,9,Self-Employed,High School,Education,1
2383,47,56483,842,144180,1,0.38,1,Business,High School,Personal,0
2384,48,133181,518,33715,15,0.63,3,Business,Postgraduate,Home,0
2385,42,54069,311,249826,1,0.56,4,Business,High School,Business,1
2386,34,158442,714,258856,1,0.22,6,Self-Employed,PhD,Business,0
2387,27,139873,331,244419,3,0.14,6,Salaried,Postgraduate,Education,0
2388,57,136843,459,257508,20,0.58,8,Business,PhD,Car,1
2389,42,91947,536,430426,15,0.28,7,Salaried,Graduate,Home,0
2390,25,190205,480,304461,1,0.45,1,Salaried,High School,Car,1
2391,22,115761,640,332660,5,0.62,7,Salaried,PhD,Home,1
2392,47,133753,757,169434,10,0.49,7,Unemployed,PhD,Home,1
2393,41,151764,379,59604,15,0.16,4,Self-Employed,Graduate,Personal,0
2394,58,48926,772,9889,3,0.23,2,Self-Employed,High School,Education,0
2395,35,119782,411,225629,15,0.25,8,Business,PhD,Personal,0
2396,41,124700,591,340892,20,0.28,6,Business,Postgraduate,Car,0
2397,30,93984,682,299115,3,0.5,0,Self-Employed,PhD,Car,0
2398,43,194462,316,55551,10,0.45,7,Unemployed,PhD,Business,0
2399,59,69593,792,139273,5,0.24,9,Self-Employed,PhD,Personal,1
2400,25,95609,630,242230,1,0.15,4,Salaried,PhD,Personal,1
2401,21,25209,785,241139,15,0.22,5,Self-Employed,High School,Personal,0
2402,33,146700,705,113957,3,0.79,8,Unemployed,PhD,Business,0
2403,41,157605,416,94882,10,0.43,9,Self-Employed,Graduate,Personal,0
2404,46,106597,414,305102,1,0.71,7,Self-Employed,PhD,Personal,0
2405,41,27211,848,215323,10,0.69,2,Self-Employed,Postgraduate,Personal,0
2406,38,29927,846,272825,5,0.46,4,Salaried,Postgraduate,Personal,1
2407,57,137333,635,106982,1,0.59,3,Business,PhD,Car,0
2408,52,175666,635,51870,1,0.23,0,Unemployed,PhD,Education,0
2409,56,96382,446,395540,1,0.58,4,Salaried,Graduate,Car,0
2410,37,159005,421,218328,3,0.29,9,Self-Employed,Graduate,Personal,0
2411,55,123780,380,334347,1,0.68,6,Self-Employed,High School,Home,0
2412,31,60696,674,164224,10,0.16,0,Business,High School,Home,0
2413,41,87616,362,55061,3,0.64,3,Business,Postgraduate,Business,1
2414,46,157161,803,193691,1,0.17,5,Business,PhD,Car,0
2415,24,177195,748,63235,10,0.72,8,Salaried,PhD,Business,0
2416,54,158869,727,471956,10,0.31,7,Unemployed,Graduate,Business,0
2417,38,70013,726,305034,15,0.56,1,Business,Graduate,Home,0
2418,60,159418,720,95073,10,0.44,2,Self-Employed,High School,Car,0
2419,55,184744,621,328545,20,0.36,9,Unemployed,High School,Education,0
2420,61,168725,465,16217,5,0.55,4,Self-Employed,Postgraduate,Car,0
2421,49,69556,760,315495,1,0.76,6,Self-Employed,Graduate,Business,0
2422,49,143723,758,300885,1,0.13,2,Unemployed,PhD,Personal,0
2423,58,46140,488,418870,1,0.74,6,Salaried,Graduate,Business,0
2424,62,21184,763,197386,10,0.53,4,Unemployed,Graduate,Car,0
2425,41,185565,678,268552,10,0.67,9,Business,Graduate,Home,0
2426,62,195220,301,47903,1,0.37,5,Unemployed,High School,Car,0
2427,33,175918,663,220280,20,0.43,5,Business,PhD,Education,0
2428,61,131361,371,112042,3,0.71,3,Business,PhD,Personal,0
2429,37,173267,726,248725,3,0.39,7,Unemployed,High School,Personal,0
2430,29,25606,469,137290,5,0.47,8,Unemployed,High School,Business,0
2431,61,155028,504,186644,15,0.11,1,Business,PhD,Car,0
2432,21,36555,636,457014,5,0.21,8,Self-Employed,Postgraduate,Home,0
2433,22,110385,771,499897,1,0.55,3,Unemployed,Graduate,Education,0
2434,49,169762,494,389333,1,0.6,5,Salaried,PhD,Business,1
2435,53,78502,574,114268,1,0.51,6,Business,High School,Car,0
2436,30,199921,306,35105,15,0.2,3,Self-Employed,PhD,Home,0
2437,60,177419,477,74634,10,0.41,7,Unemployed,Graduate,Car,0
2438,41,123844,541,384570,15,0.35,9,Unemployed,PhD,Home,0
2439,48,111321,502,463279,5,0.45,7,Self-Employed,High School,Car,0
2440,31,69056,842,143691,10,0.71,0,Salaried,Postgraduate,Car,1
2441,54,118234,761,410155,10,0.64,7,Business,High School,Business,1
2442,28,61850,379,23226,5,0.16,9,Unemployed,Postgraduate,Car,0
2443,42,47843,822,30322,10,0.72,2,Salaried,Graduate,Car,0
2444,28,82320,716,384648,3,0.43,4,Business,High School,Business,0
2445,35,49793,683,325359,5,0.62,9,Salaried,PhD,Business,0
2446,37,190588,690,415094,5,0.2,7,Business,High School,Personal,0
2447,43,168929,425,404776,3,0.57,5,Business,High School,Personal,0
2448,44,39627,793,436494,15,0.27,3,Salaried,Graduate,Business,0
2449,39,81822,346,172284,15,0.41,3,Business,Postgraduate,Education,0
2450,25,75798,775,99835,15,0.11,3,Unemployed,Postgraduate,Home,0
2451,52,195188,763,260027,10,0.21,5,Unemployed,PhD,Business,0
2452,64,95318,422,78079,3,0.16,6,Salaried,High School,Personal,0
2453,21,124186,773,28946,5,0.27,4,Salaried,Graduate,Car,0
2454,43,107902,433,167812,5,0.17,9,Business,Postgraduate,Business,0
2455,57,179629,322,377877,5,0.58,7,Business,PhD,Business,0
2456,28,91334,534,12253,10,0.12,6,Salaried,Postgraduate,Personal,0
2457,33,126719,358,84311,10,0.53,7,Self-Employed,PhD,Personal,0
2458,28,143099,463,299957,20,0.2,3,Salaried,Postgraduate,Education,0
2459,43,193686,515,462547,15,0.76,7,Self-Employed,PhD,Personal,0
2460,63,32720,482,425848,20,0.75,5,Self-Employed,Postgraduate,Personal,1
2461,21,77608,389,315509,20,0.26,2,Salaried,Postgraduate,Personal,0
2462,44,127449,610,72593,10,0.53,7,Salaried,High School,Car,0
2463,55,122828,556,431647,15,0.12,6,Salaried,PhD,Business,0
2464,44,146613,832,435652,15,0.75,9,Self-Employed,PhD,Business,0
2465,37,92095,832,154485,5,0.47,4,Unemployed,High School,Personal,0
2466,25,125924,351,231833,10,0.13,3,Unemployed,High School,Education,0
2467,40,116452,637,43485,15,0.34,0,Salaried,Postgraduate,Personal,0
2468,41,107593,470,204304,20,0.15,9,Salaried,Postgraduate,Education,0
2469,60,186964,366,378648,3,0.38,2,Business,Postgraduate,Business,0
2470,51,126975,599,283245,3,0.57,1,Business,High School,Education,0
2471,56,97242,531,13831,10,0.43,7,Business,Postgraduate,Education,0
2472,31,136041,367,482799,5,0.37,7,Salaried,High School,Home,0
2473,35,146202,805,319041,5,0.18,4,Unemployed,Postgraduate,Education,1
2474,39,97606,327,10004,15,0.27,4,Unemployed,High School,Education,0
2475,27,143769,350,486457,10,0.17,3,Salaried,PhD,Car,0
2476,48,138542,559,313068,3,0.67,0,Salaried,Graduate,Business,1
2477,63,126438,483,419725,20,0.19,0,Self-Employed,Postgraduate,Personal,0
2478,25,20924,322,42170,15,0.52,5,Self-Employed,Postgraduate,Home,0
2479,25,71322,428,48555,20,0.34,3,Unemployed,High School,Education,0
2480,50,177550,590,412878,15,0.26,3,Business,PhD,Car,0
2481,52,91042,800,123115,1,0.55,2,Unemployed,PhD,Car,0
2482,28,66418,485,371360,20,0.42,8,Self-Employed,Postgraduate,Personal,0
2483,30,120699,778,333074,10,0.38,2,Unemployed,High School,Personal,0
2484,58,110140,791,183475,20,0.51,7,Self-Employed,High School,Business,0
2485,52,31781,812,303509,20,0.44,1,Self-Employed,Graduate,Education,1
2486,48,156587,366,329332,15,0.31,3,Business,PhD,Car,0
2487,37,137358,766,212132,3,0.49,0,Business,Graduate,Home,0
2488,51,56133,584,365777,1,0.57,4,Self-Employed,PhD,Business,0
2489,28,117628,716,424889,20,0.12,1,Salaried,Postgraduate,Education,0
2490,60,96946,399,68471,3,0.43,0,Business,Postgraduate,Personal,0
2491,45,105058,488,415372,5,0.14,0,Self-Employed,High School,Education,0
2492,29,160167,687,62287,1,0.23,1,Salaried,High School,Personal,0
2493,22,171542,540,399861,1,0.49,4,Salaried,High School,Education,1
2494,35,63129,716,326220,15,0.71,8,Unemployed,PhD,Home,0
2495,23,28531,475,492801,20,0.72,5,Unemployed,High School,Business,0
2496,56,57038,686,121475,5,0.15,3,Business,Postgraduate,Personal,0
2497,24,107939,770,473567,15,0.39,2,Salaried,Graduate,Home,0
2498,34,62674,532,55151,10,0.51,7,Business,Postgraduate,Car,1
2499,61,147572,751,72384,3,0.2,2,Self-Employed,Postgraduate,Home,0
2500,61,49831,576,367009,3,0.64,0,Business,Postgraduate,Home,0
2501,45,77174,528,38541,15,0.62,3,Salaried,Graduate,Home,0
2502,30,31279,470,77847,3,0.73,4,Unemployed,Postgraduate,Personal,0
2503,41,189292,512,223171,20,0.11,4,Business,PhD,Car,1
2504,56,80610,581,216811,3,0.25,4,Unemployed,PhD,Business,1
2505,32,73051,340,318099,20,0.68,7,Business,Graduate,Home,0
2506,47,76652,421,407506,10,0.57,7,Self-Employed,PhD,Personal,0
2507,60,85524,526,498570,5,0.73,3,Salaried,High School,Personal,0
2508,22,26470,593,457158,1,0.14,8,Business,PhD,Business,0
2509,33,192870,566,218739,15,0.52,0,Self-Employed,Postgraduate,Education,0
2510,52,73473,840,428359,15,0.5,4,Self-Employed,PhD,Car,0
2511,51,170952,750,422725,20,0.12,4,Self-Employed,High School,Car,0
2512,36,64439,748,354924,10,0.46,4,Unemployed,High School,Home,0
2513,52,34308,360,172813,10,0.53,7,Unemployed,High School,Education,0
2514,52,111563,801,425114,1,0.23,8,Self-Employed,Postgraduate,Car,0
2515,54,55081,446,104919,5,0.29,2,Self-Employed,High School,Home,0
2516,31,29837,633,379998,15,0.55,8,Business,Postgraduate,Education,0
2517,30,138128,441,221746,20,0.43,7,Business,High School,Personal,0
2518,35,187896,343,199020,10,0.7,2,Salaried,Postgraduate,Home,1
2519,37,184145,443,66768,15,0.34,1,Business,Postgraduate,Education,0
2520,60,132651,632,48262,20,0.29,3,Salaried,Postgraduate,Business,0
2521,38,117624,796,403722,3,0.79,1,Salaried,PhD,Car,0
2522,29,177371,695,25605,15,0.74,3,Salaried,High School,Home,0
2523,45,50063,354,83590,5,0.12,4,Unemployed,Postgraduate,Personal,0
2524,60,89453,606,295375,20,0.64,1,Business,High School,Home,0
2525,34,122166,722,84397,5,0.18,7,Self-Employed,PhD,Car,0
2526,45,34506,716,82123,15,0.12,0,Salaried,Graduate,Car,1
2527,42,133604,624,280659,3,0.29,2,Self-Employed,High School,Education,0
2528,50,46026,379,354355,5,0.29,6,Salaried,High School,Personal,0
2529,40,178744,330,436838,10,0.67,9,Business,PhD,Education,0
2530,41,189489,411,283744,20,0.6,0,Salaried,Postgraduate,Personal,0
2531,64,72413,771,163964,15,0.79,1,Business,High School,Home,0
2532,52,85066,373,481495,3,0.6,2,Self-Employed,Graduate,Home,0
2533,41,70971,778,336454,10,0.39,1,Business,PhD,Education,0
2534,55,178353,686,420017,15,0.59,1,Self-Employed,Postgraduate,Business,1
2535,52,133978,732,173767,3,0.8,5,Business,High School,Car,0
2536,50,179163,711,427069,10,0.6,6,Salaried,High School,Education,0
2537,59,70494,766,140501,5,0.63,5,Salaried,PhD,Education,0
2538,32,123864,547,140678,15,0.76,5,Business,Postgraduate,Home,0
2539,61,169682,419,402694,15,0.18,8,Self-Employed,Postgraduate,Car,0
2540,38,152151,366,119380,5,0.59,7,Self-Employed,PhD,Education,0
2541,41,115386,626,482032,1,0.7,7,Self-Employed,High School,Home,0
2542,33,197823,769,176206,10,0.77,5,Business,High School,Home,1
2543,41,106126,792,468179,5,0.25,4,Business,Postgraduate,Education,0
2544,28,182023,585,378924,15,0.45,8,Business,Postgraduate,Education,1
2545,60,100863,611,469113,10,0.58,1,Business,Graduate,Home,1
2546,27,98291,608,161547,10,0.27,6,Self-Employed,Graduate,Education,0
2547,43,145659,396,333321,1,0.52,5,Self-Employed,Graduate,Car,0
2548,64,27235,412,157802,15,0.28,6,Unemployed,Postgraduate,Home,0
2549,52,102733,755,157185,3,0.33,3,Business,Postgraduate,Home,1
2550,31,82712,762,156083,1,0.41,8,Unemployed,Postgraduate,Education,1
2551,42,172545,431,60746,1,0.47,6,Business,High School,Education,0
2552,42,145849,420,390219,3,0.41,1,Unemployed,PhD,Education,0
2553,63,99823,496,178925,3,0.45,3,Self-Employed,Postgraduate,Car,0
2554,45,124215,781,352339,1,0.31,4,Self-Employed,High School,Home,1
2555,42,52230,338,303962,10,0.21,1,Unemployed,Postgraduate,Business,1
2556,48,104573,811,173393,5,0.13,9,Salaried,PhD,Car,0
2557,49,60644,773,288453,5,0.24,7,Business,Postgraduate,Car,0
2558,33,199736,460,416904,1,0.51,0,Unemployed,High School,Home,0
2559,38,65203,588,295320,10,0.65,2,Unemployed,Postgraduate,Business,0
2560,22,86677,499,73879,3,0.22,0,Salaried,Postgraduate,Home,1
2561,49,176497,827,72592,20,0.18,4,Self-Employed,Postgraduate,Car,0
2562,41,143246,802,351872,1,0.62,7,Unemployed,Graduate,Education,0
2563,35,104817,547,225084,15,0.31,6,Self-Employed,Postgraduate,Home,0
2564,47,89806,682,407632,10,0.77,8,Business,High School,Home,0
2565,51,62814,517,438210,15,0.6,1,Salaried,High School,Education,0
2566,35,90219,386,202494,15,0.33,7,Self-Employed,High School,Business,0
2567,43,190956,381,275728,1,0.3,7,Unemployed,Postgraduate,Business,0
2568,44,115345,361,129555,10,0.47,5,Salaried,PhD,Home,0
2569,64,120088,799,360446,15,0.16,2,Salaried,High School,Education,0
2570,33,89322,341,389552,10,0.18,1,Salaried,Graduate,Home,0
2571,42,41650,311,23830,5,0.22,7,Salaried,PhD,Education,0
2572,63,114242,414,221897,20,0.64,5,Salaried,High School,Car,0
2573,57,160262,517,257234,15,0.46,3,Business,Postgraduate,Education,0
2574,53,58196,405,344210,15,0.11,4,Business,Graduate,Home,0
2575,23,190521,827,270735,10,0.57,4,Salaried,High School,Personal,1
2576,39,190733,771,98878,20,0.4,8,Unemployed,Graduate,Business,0
2577,43,49709,686,130407,5,0.46,8,Unemployed,PhD,Home,0
2578,49,100428,525,121869,15,0.25,7,Business,High School,Education,0
2579,50,29943,780,262716,1,0.49,7,Self-Employed,Postgraduate,Education,1
2580,59,194312,707,288539,10,0.79,1,Salaried,Graduate,Business,0
2581,64,196832,756,452398,10,0.15,2,Unemployed,High School,Home,0
2582,45,41042,320,21738,15,0.3,7,Business,PhD,Personal,0
2583,57,63894,502,138703,5,0.27,4,Business,PhD,Car,0
2584,28,157941,716,153977,15,0.27,6,Self-Employed,High School,Personal,1
2585,62,76759,715,24056,3,0.37,7,Self-Employed,PhD,Car,1
2586,36,125973,747,245746,15,0.67,5,Unemployed,Graduate,Car,0
2587,28,64306,811,388800,20,0.74,4,Self-Employed,Graduate,Home,0
2588,21,128369,384,120316,20,0.24,7,Self-Employed,Graduate,Car,0
2589,64,171990,466,487298,3,0.48,0,Salaried,Graduate,Education,0
2590,25,48379,683,171519,20,0.55,0,Business,PhD,Car,0
2591,23,140667,767,59418,20,0.47,0,Business,High School,Car,0
2592,21,154034,371,304334,1,0.4,2,Self-Employed,PhD,Business,0
2593,24,164923,820,31014,10,0.23,9,Business,PhD,Business,1
2594,60,137626,772,209071,20,0.44,5,Business,High School,Home,0
2595,55,196819,557,243989,10,0.38,5,Unemployed,High School,Home,0
2596,52,145180,574,186350,5,0.66,4,Business,Postgraduate,Education,0
2597,62,72349,319,392707,15,0.63,6,Self-Employed,Graduate,Business,1
2598,54,165817,789,268924,1,0.19,4,Unemployed,High School,Personal,1
2599,63,25730,789,489859,3,0.16,1,Business,PhD,Home,0
2600,45,164993,625,195330,5,0.74,3,Business,Graduate,Home,1
2601,30,39023,828,495339,1,0.47,0,Unemployed,Graduate,Business,0
2602,41,196421,388,47192,1,0.7,6,Unemployed,PhD,Business,0
2603,59,146796,785,457516,3,0.14,3,Business,High School,Education,0
2604,47,101533,649,372019,3,0.47,3,Salaried,Graduate,Business,0
2605,47,103286,383,488720,10,0.48,3,Salaried,Graduate,Car,0
2606,22,61979,686,366273,15,0.7,2,Business,Graduate,Personal,0
2607,61,42837,386,48923,5,0.17,7,Business,Graduate,Car,0
2608,33,166069,606,94196,15,0.27,3,Unemployed,Graduate,Car,0
2609,29,124975,453,7395,5,0.38,7,Unemployed,PhD,Car,0
2610,56,196111,739,369593,1,0.71,8,Business,High School,Home,0
2611,42,40923,563,388891,20,0.76,0,Business,High School,Car,0
2612,62,28876,720,233456,20,0.79,3,Business,Graduate,Home,0
2613,46,80973,792,413995,3,0.77,5,Business,Graduate,Business,0
2614,32,153959,710,76028,3,0.1,7,Salaried,Graduate,Personal,1
2615,37,62422,472,427938,1,0.13,5,Unemployed,PhD,Personal,1
2616,34,71413,303,405327,1,0.2,5,Self-Employed,PhD,Car,0
2617,34,122484,771,247463,5,0.34,9,Business,Postgraduate,Personal,0
2618,54,153913,409,146056,1,0.68,3,Business,Graduate,Home,0
2619,40,48756,336,495768,5,0.72,8,Business,Postgraduate,Business,0
2620,31,91576,330,360320,15,0.23,6,Self-Employed,Postgraduate,Car,0
2621,36,138248,680,208400,3,0.53,5,Unemployed,Postgraduate,Education,0
2622,51,30304,567,260315,3,0.74,0,Unemployed,High School,Personal,1
2623,26,50341,310,294068,20,0.42,1,Business,Postgraduate,Personal,0
2624,39,155830,643,450919,20,0.17,5,Business,Graduate,Car,0
2625,57,168082,843,299721,3,0.42,0,Unemployed,PhD,Personal,1
2626,24,147039,465,143783,15,0.36,4,Self-Employed,Graduate,Personal,0
2627,24,182730,641,90548,15,0.5,0,Business,PhD,Education,1
2628,40,152447,781,262288,10,0.41,2,Self-Employed,High School,Home,0
2629,30,119485,318,498085,5,0.11,6,Self-Employed,High School,Car,0
2630,44,42092,483,130093,20,0.8,4,Unemployed,Graduate,Car,0
2631,55,151562,844,240835,5,0.48,9,Business,High School,Education,0
2632,46,23729,309,402312,20,0.43,0,Salaried,PhD,Education,0
2633,57,157046,491,333699,10,0.77,0,Unemployed,High School,Home,0
2634,58,138222,619,356992,3,0.21,7,Unemployed,Postgraduate,Business,0
2635,41,105216,774,211084,5,0.23,8,Salaried,Postgraduate,Car,1
2636,60,103860,726,275398,20,0.67,6,Business,High School,Personal,1
2637,59,116870,358,392554,5,0.28,2,Self-Employed,Graduate,Home,0
2638,41,41398,735,234027,3,0.66,5,Self-Employed,Postgraduate,Car,0
2639,30,54650,396,475336,1,0.29,2,Self-Employed,PhD,Home,0
2640,58,172364,795,404181,20,0.12,9,Business,Graduate,Business,0
2641,24,123889,577,213072,1,0.46,3,Unemployed,High School,Car,0
2642,40,23159,564,253029,10,0.24,3,Unemployed,Graduate,Personal,1
2643,37,118162,308,214047,15,0.63,2,Unemployed,Graduate,Car,1
2644,27,122834,756,456203,5,0.55,9,Unemployed,Graduate,Home,0
2645,24,168137,572,370169,20,0.75,5,Unemployed,Graduate,Business,0
2646,49,41638,307,135509,5,0.65,4,Salaried,High School,Home,0
2647,34,21073,507,242784,10,0.23,8,Self-Employed,High School,Home,0
2648,23,197583,422,300107,10,0.66,8,Self-Employed,Postgraduate,Education,0
2649,44,49320,332,492192,5,0.55,2,Business,Postgraduate,Home,0
2650,57,54924,812,8273,20,0.57,8,Salaried,PhD,Business,0
2651,36,191806,503,20330,3,0.68,2,Unemployed,PhD,Personal,0
2652,24,88116,817,157566,3,0.5,3,Unemployed,Postgraduate,Education,0
2653,44,191097,816,81422,15,0.43,0,Unemployed,Postgraduate,Home,0
2654,54,22159,742,389233,5,0.55,4,Salaried,Graduate,Car,0
2655,50,68940,638,8212,5,0.31,8,Business,Postgraduate,Education,0
2656,38,99436,737,237131,20,0.23,1,Salaried,PhD,Business,1
2657,39,34678,744,481657,5,0.53,3,Business,Postgraduate,Car,1
2658,51,198276,435,92594,20,0.26,9,Self-Employed,Graduate,Business,0
2659,39,163093,686,137152,5,0.16,1,Business,PhD,Car,0
2660,39,157844,324,299819,10,0.1,7,Self-Employed,High School,Personal,0
2661,42,87163,805,27007,1,0.53,8,Business,Postgraduate,Business,0
2662,44,174536,624,118805,5,0.35,2,Self-Employed,High School,Car,0
2663,32,71137,637,349785,1,0.63,8,Self-Employed,PhD,Business,1
2664,50,181304,394,100815,3,0.36,5,Unemployed,Postgraduate,Education,1
2665,58,81497,844,313959,15,0.44,5,Business,High School,Business,0
2666,51,120485,445,350626,3,0.38,6,Unemployed,Postgraduate,Business,0
2667,56,125468,530,267783,5,0.56,4,Self-Employed,High School,Car,0
2668,39,20901,794,330737,20,0.35,5,Unemployed,High School,Business,0
2669,56,107980,337,83038,3,0.77,0,Salaried,PhD,Personal,0
2670,50,127594,724,361043,10,0.76,2,Unemployed,Postgraduate,Home,0
2671,53,22881,736,270880,1,0.69,8,Business,High School,Education,1
2672,38,49863,667,258506,20,0.74,4,Unemployed,Postgraduate,Car,0
2673,48,156694,644,21473,20,0.41,4,Salaried,Postgraduate,Business,0
2674,31,152450,459,133771,5,0.48,7,Unemployed,Graduate,Business,0
2675,53,65201,849,130801,10,0.62,1,Self-Employed,PhD,Business,1
2676,37,79251,840,432235,1,0.59,6,Self-Employed,Postgraduate,Education,1
2677,26,92572,443,374742,10,0.72,8,Self-Employed,Postgraduate,Home,0
2678,24,59255,644,91623,3,0.6,6,Business,Postgraduate,Personal,1
2679,40,83212,568,230097,5,0.8,4,Unemployed,PhD,Personal,0
2680,47,70210,567,303964,20,0.34,5,Self-Employed,PhD,Car,0
2681,35,145629,468,220933,20,0.68,3,Unemployed,Postgraduate,Home,0
2682,26,42499,332,324733,3,0.59,6,Salaried,PhD,Home,0
2683,34,122552,676,201879,20,0.58,0,Salaried,Graduate,Education,0
2684,31,81360,513,285558,15,0.33,3,Business,PhD,Business,1
2685,59,155675,739,394522,5,0.65,2,Unemployed,Graduate,Home,0
2686,29,147466,791,29220,3,0.73,3,Salaried,Graduate,Business,0
2687,46,105473,692,65531,5,0.25,0,Business,Graduate,Education,0
2688,36,163704,788,377146,1,0.54,1,Business,High School,Car,0
2689,25,181679,328,178497,5,0.37,8,Self-Employed,PhD,Car,0
2690,30,111873,338,14387,5,0.79,6,Salaried,Postgraduate,Business,0
2691,23,85756,472,250752,1,0.44,5,Unemployed,Graduate,Business,0
2692,33,198066,316,81815,3,0.26,1,Salaried,Postgraduate,Home,0
2693,63,76344,355,32584,5,0.37,0,Salaried,Graduate,Education,0
2694,50,158421,525,49783,10,0.56,1,Unemployed,Postgraduate,Car,0
2695,26,91154,366,175881,5,0.15,6,Unemployed,High School,Home,0
2696,37,47464,496,190399,3,0.52,1,Self-Employed,Graduate,Personal,0
2697,39,193696,322,129494,20,0.75,2,Business,High School,Home,0
2698,62,141897,536,120814,1,0.7,7,Unemployed,High School,Business,0
2699,55,57344,437,255139,20,0.15,6,Unemployed,PhD,Personal,0
2700,46,103791,772,397896,3,0.8,8,Salaried,Postgraduate,Home,0
2701,25,175371,528,146929,15,0.59,3,Unemployed,Graduate,Education,1
2702,49,199047,616,178333,20,0.21,6,Unemployed,High School,Car,0
2703,57,152534,500,340732,5,0.11,0,Salaried,Postgraduate,Personal,0
2704,40,140209,557,415211,5,0.22,1,Salaried,PhD,Education,0
2705,41,101441,779,251509,1,0.69,6,Salaried,Postgraduate,Home,1
2706,30,110456,477,18580,5,0.12,1,Self-Employed,Postgraduate,Business,0
2707,25,101788,422,23240,10,0.26,5,Business,PhD,Business,0
2708,56,191653,641,259351,10,0.63,9,Unemployed,PhD,Education,0
2709,26,34175,470,350590,20,0.51,8,Salaried,PhD,Business,0
2710,46,157263,358,473968,3,0.65,4,Salaried,High School,Car,0
2711,24,103434,764,371677,1,0.62,9,Business,Postgraduate,Education,1
2712,59,104518,559,259271,15,0.14,6,Self-Employed,PhD,Education,0
2713,59,86537,672,444327,20,0.72,0,Unemployed,Postgraduate,Business,0
2714,55,135721,394,488663,3,0.26,7,Self-Employed,Postgraduate,Education,0
2715,21,67645,424,433082,1,0.49,8,Self-Employed,High School,Home,0
2716,44,43283,340,85974,1,0.55,4,Self-Employed,Postgraduate,Personal,1
2717,56,106971,553,78401,20,0.22,5,Salaried,High School,Personal,0
2718,26,112759,306,218165,3,0.78,7,Business,PhD,Business,0
2719,61,122780,770,410427,3,0.44,3,Business,PhD,Car,0
2720,64,181096,810,457201,5,0.14,1,Business,Postgraduate,Car,0
2721,51,50734,368,169340,15,0.76,9,Self-Employed,High School,Business,0
2722,40,20515,380,270790,10,0.51,7,Unemployed,High School,Business,0
2723,44,130782,841,191443,5,0.59,1,Self-Employed,Graduate,Education,0
2724,45,86727,561,253123,1,0.47,4,Business,Graduate,Car,1
2725,56,129164,388,309960,15,0.68,5,Salaried,PhD,Personal,0
2726,41,66216,507,94460,15,0.12,4,Self-Employed,PhD,Business,1
2727,50,91833,512,311256,3,0.29,5,Salaried,Graduate,Personal,0
2728,44,78755,565,56048,15,0.43,5,Business,High School,Personal,0
2729,64,47856,592,453127,20,0.15,2,Self-Employed,Postgraduate,Car,0
2730,62,93870,506,211518,15,0.59,2,Salaried,Postgraduate,Personal,1
2731,50,175234,632,137850,1,0.38,8,Self-Employed,High School,Education,0
2732,42,157080,376,312896,20,0.29,2,Business,PhD,Education,0
2733,48,27987,587,483193,20,0.1,2,Unemployed,Postgraduate,Car,0
2734,27,116502,346,337870,5,0.6,1,Business,High School,Education,0
2735,55,154404,499,216912,15,0.68,6,Unemployed,Postgraduate,Business,1
2736,48,86323,726,425505,3,0.38,9,Unemployed,High School,Car,0
2737,34,190062,509,311932,5,0.49,9,Business,Graduate,Personal,1
2738,30,29873,719,271891,3,0.26,3,Salaried,Graduate,Business,1
2739,36,187516,453,473038,15,0.54,0,Self-Employed,Postgraduate,Car,0
2740,36,186412,821,5045,5,0.11,5,Self-Employed,Postgraduate,Personal,0
2741,51,125219,714,493494,15,0.44,4,Self-Employed,Postgraduate,Personal,0
2742,62,25033,652,12758,1,0.55,1,Unemployed,Postgraduate,Personal,0
2743,45,93324,456,260397,5,0.74,5,Unemployed,Graduate,Personal,0
2744,33,35689,560,392220,3,0.37,0,Business,Graduate,Personal,0
2745,26,129756,376,159509,1,0.64,2,Salaried,High School,Car,0
2746,64,20066,787,155657,10,0.52,3,Business,Postgraduate,Education,0
2747,29,134159,430,496975,3,0.75,2,Business,Graduate,Personal,1
2748,56,196318,754,145926,15,0.38,5,Salaried,PhD,Business,0
2749,63,27533,462,188148,3,0.32,3,Unemployed,High School,Car,0
2750,40,135828,314,324094,10,0.72,0,Business,High School,Home,0
2751,38,79658,531,153421,3,0.13,4,Business,High School,Education,0
2752,63,58498,494,232300,1,0.2,4,Unemployed,PhD,Business,0
2753,41,129028,841,157420,20,0.16,8,Self-Employed,PhD,Personal,0
2754,24,31772,658,170368,3,0.69,7,Salaried,PhD,Car,0
2755,53,109385,630,499496,5,0.11,7,Salaried,Graduate,Car,0
2756,47,32940,726,24455,10,0.7,4,Self-Employed,PhD,Personal,0
2757,27,138027,796,214896,3,0.42,7,Salaried,High School,Business,0
2758,26,36932,785,452237,10,0.1,9,Self-Employed,Postgraduate,Car,0
2759,35,44648,748,470139,20,0.38,6,Business,High School,Education,0
2760,38,52966,712,236897,1,0.23,0,Salaried,High School,Business,0
2761,52,178849,629,437509,5,0.54,6,Salaried,Graduate,Personal,0
2762,31,183639,446,497646,15,0.58,7,Business,High School,Business,0
2763,40,168246,558,93552,3,0.44,2,Unemployed,Graduate,Business,0
2764,44,62598,591,313260,1,0.13,8,Unemployed,Graduate,Home,0
2765,35,164870,442,387605,10,0.56,7,Business,Postgraduate,Personal,0
2766,27,168630,664,45484,20,0.69,1,Salaried,High School,Education,0
2767,41,81084,389,428431,10,0.6,5,Salaried,Postgraduate,Personal,0
2768,62,195309,463,348782,20,0.68,3,Salaried,Postgraduate,Home,0
2769,46,151250,780,139476,20,0.24,2,Self-Employed,High School,Personal,0
2770,64,37118,383,173332,1,0.72,5,Unemployed,High School,Personal,0
2771,34,42616,376,105647,3,0.33,9,Salaried,PhD,Education,1
2772,57,151870,816,70642,15,0.11,8,Unemployed,PhD,Home,0
2773,41,27601,784,216803,3,0.69,1,Unemployed,Graduate,Personal,0
2774,38,45363,403,313153,5,0.76,9,Salaried,High School,Personal,0
2775,25,22795,751,490905,3,0.56,9,Business,Graduate,Car,1
2776,23,117462,786,133824,20,0.26,9,Business,Postgraduate,Personal,0
2777,43,196336,638,253914,20,0.28,4,Unemployed,Postgraduate,Education,1
2778,46,122892,777,296749,5,0.43,5,Self-Employed,PhD,Car,1
2779,57,92833,522,115879,10,0.73,3,Unemployed,Graduate,Home,0
2780,44,23084,308,451421,20,0.2,6,Unemployed,High School,Business,0
2781,39,115865,352,435785,5,0.68,1,Business,High School,Education,1
2782,45,20731,376,125827,20,0.3,6,Salaried,PhD,Home,0
2783,41,152201,802,272724,15,0.67,1,Salaried,PhD,Car,0
2784,32,179094,615,382046,20,0.74,0,Self-Employed,Graduate,Business,0
2785,61,21605,464,272544,1,0.4,4,Business,PhD,Home,0
2786,53,97506,578,175715,5,0.36,1,Business,PhD,Education,0
2787,24,64130,326,232257,3,0.66,7,Unemployed,PhD,Car,0
2788,62,180337,369,363176,5,0.47,7,Business,Postgraduate,Education,0
2789,27,183402,517,132319,10,0.58,0,Unemployed,Graduate,Education,1
2790,42,88469,664,484389,20,0.54,3,Self-Employed,High School,Car,0
2791,53,166259,605,111960,5,0.21,8,Business,High School,Personal,1
2792,37,176863,423,44015,15,0.69,4,Business,Graduate,Education,0
2793,44,110436,318,338857,5,0.24,9,Unemployed,PhD,Car,0
2794,54,132341,556,208877,15,0.75,5,Business,PhD,Education,0
2795,48,190939,595,413190,20,0.28,2,Salaried,High School,Personal,0
2796,63,151965,321,150109,3,0.61,4,Self-Employed,Postgraduate,Car,1
2797,61,119694,749,482508,20,0.3,0,Salaried,Graduate,Home,0
2798,59,39773,849,267063,10,0.32,7,Unemployed,PhD,Home,1
2799,42,24239,347,414383,1,0.32,5,Unemployed,Postgraduate,Home,0
2800,37,40863,482,93754,3,0.62,1,Unemployed,Postgraduate,Business,0
2801,54,71415,734,226775,3,0.49,3,Self-Employed,PhD,Education,0
2802,26,88968,406,310292,1,0.72,3,Business,Graduate,Education,0
2803,26,80430,487,208225,5,0.32,8,Salaried,Graduate,Car,0
2804,54,21515,385,157606,20,0.58,8,Business,High School,Business,0
2805,21,117206,755,227067,5,0.63,4,Unemployed,High School,Education,0
2806,30,165677,436,389934,5,0.21,2,Business,Graduate,Car,0
2807,41,76240,635,353222,20,0.38,0,Self-Employed,PhD,Personal,0
2808,25,25586,768,61879,10,0.44,5,Unemployed,Graduate,Education,0
2809,22,140419,702,124894,3,0.35,7,Business,High School,Education,1
2810,42,142374,839,70839,15,0.33,0,Salaried,High School,Personal,0
2811,22,51186,371,34756,1,0.58,0,Unemployed,High School,Personal,0
2812,30,46928,323,148755,3,0.25,6,Unemployed,Graduate,Education,0
2813,54,142990,784,185557,5,0.6,6,Self-Employed,Graduate,Personal,0
2814,36,107029,355,234303,1,0.75,1,Self-Employed,PhD,Car,0
2815,59,40711,522,409241,15,0.5,2,Salaried,High School,Education,1
2816,42,74962,478,484642,3,0.53,1,Business,Postgraduate,Education,1
2817,32,40039,733,154787,3,0.15,5,Business,Postgraduate,Home,0
2818,44,56561,749,468313,10,0.71,7,Unemployed,PhD,Education,0
2819,60,21577,791,496599,3,0.3,7,Unemployed,PhD,Home,0
2820,58,127792,488,97943,3,0.53,0,Business,High School,Personal,1
2821,30,179422,719,223188,15,0.79,8,Business,Graduate,Personal,0
2822,55,184870,548,473921,15,0.52,7,Business,Graduate,Car,0
2823,52,30785,463,153188,1,0.61,8,Unemployed,Postgraduate,Home,1
2824,27,92227,554,41744,5,0.41,8,Self-Employed,High School,Education,0
2825,41,138680,775,129697,15,0.14,5,Self-Employed,Postgraduate,Home,0
2826,40,81957,716,485795,1,0.66,2,Salaried,Postgraduate,Personal,1
2827,46,85431,469,121072,3,0.12,0,Business,High School,Personal,1
2828,24,168369,616,400340,1,0.59,7,Business,PhD,Car,0
2829,42,91894,473,241028,1,0.12,9,Business,Postgraduate,Personal,0
2830,35,170653,769,174123,1,0.7,2,Salaried,PhD,Home,0
2831,60,75192,644,12176,20,0.21,6,Business,Graduate,Education,1
2832,41,21462,744,358454,1,0.46,9,Self-Employed,Postgraduate,Education,1
2833,35,148848,317,257365,15,0.52,5,Business,High School,Home,0
2834,42,166583,369,463034,20,0.42,2,Salaried,PhD,Car,0
2835,48,96106,637,154748,5,0.34,5,Unemployed,Graduate,Education,0
2836,34,68665,826,50177,1,0.43,2,Unemployed,Graduate,Home,0
2837,47,195486,755,488512,10,0.32,8,Self-Employed,Postgraduate,Home,0
2838,61,101010,568,115623,3,0.41,0,Self-Employed,Graduate,Personal,0
2839,60,92573,487,5997,3,0.35,7,Self-Employed,High School,Personal,0
2840,48,127803,828,457546,20,0.5,4,Unemployed,Postgraduate,Car,0
2841,46,139682,733,441985,3,0.27,3,Business,Graduate,Car,1
2842,22,33386,587,125179,3,0.79,0,Salaried,High School,Car,0
2843,45,144069,798,252439,20,0.45,8,Salaried,PhD,Home,0
2844,23,74460,740,476869,3,0.24,8,Business,PhD,Home,0
2845,28,157293,602,125403,1,0.43,4,Unemployed,Postgraduate,Personal,0
2846,64,174546,386,409447,5,0.71,8,Unemployed,High School,Education,0
2847,53,135375,737,100287,20,0.12,9,Salaried,Graduate,Car,0
2848,62,132660,840,124574,10,0.58,8,Self-Employed,Postgraduate,Business,0
2849,55,172117,321,471192,20,0.48,6,Self-Employed,Postgraduate,Car,0
2850,26,111319,816,261463,15,0.22,7,Salaried,Graduate,Personal,0
2851,59,136582,802,126509,10,0.67,0,Salaried,High School,Home,0
2852,43,155994,766,352591,15,0.36,3,Business,Graduate,Personal,0
2853,45,173778,400,376666,20,0.31,9,Business,PhD,Personal,0
2854,63,62771,440,454181,15,0.68,9,Business,Postgraduate,Personal,0
2855,39,72335,437,348288,10,0.55,3,Business,PhD,Business,0
2856,25,72949,527,253505,1,0.73,8,Business,Postgraduate,Business,0
2857,31,115558,580,493417,20,0.54,2,Business,Graduate,Car,0
2858,32,166312,730,197589,20,0.62,9,Self-Employed,High School,Home,0
2859,30,122272,339,359837,3,0.69,9,Salaried,Graduate,Personal,1
2860,28,22716,818,361459,20,0.14,0,Unemployed,PhD,Education,0
2861,44,167646,510,493720,20,0.64,4,Business,High School,Car,0
2862,48,195138,601,294531,1,0.53,6,Self-Employed,High School,Car,0
2863,61,171285,385,9090,3,0.15,3,Salaried,Postgraduate,Personal,0
2864,56,91916,696,387990,5,0.46,8,Salaried,High School,Car,0
2865,57,70906,552,423161,15,0.16,5,Salaried,Postgraduate,Personal,0
2866,41,20463,832,307383,10,0.62,5,Business,High School,Car,1
2867,28,183045,680,8743,5,0.48,2,Business,High School,Home,0
2868,29,94694,743,35924,3,0.77,9,Unemployed,Postgraduate,Car,0
2869,35,171723,332,146268,1,0.23,9,Business,High School,Car,0
2870,60,88694,559,397304,10,0.52,4,Salaried,Graduate,Education,0
2871,38,40008,533,358959,15,0.25,9,Salaried,High School,Home,0
2872,62,90474,814,110312,20,0.53,5,Self-Employed,PhD,Home,0
2873,40,58185,607,336004,20,0.61,3,Self-Employed,Postgraduate,Home,1
2874,26,107924,369,439616,5,0.61,2,Unemployed,Postgraduate,Car,1
2875,32,54980,753,221249,15,0.67,4,Self-Employed,Graduate,Business,0
2876,22,42504,738,229090,3,0.7,6,Unemployed,PhD,Car,0
2877,27,74970,663,234602,15,0.15,5,Self-Employed,High School,Personal,0
2878,36,36766,780,347543,1,0.34,1,Salaried,Graduate,Education,0
2879,23,136944,443,315939,5,0.58,0,Business,High School,Home,0
2880,23,113922,323,318697,5,0.45,4,Business,Graduate,Personal,0
2881,47,162767,724,108976,1,0.23,4,Unemployed,Postgraduate,Personal,1
2882,63,168868,474,160183,15,0.49,5,Business,PhD,Business,0
2883,60,193615,624,118566,1,0.39,2,Business,Postgraduate,Home,0
2884,58,165631,647,262443,10,0.37,0,Self-Employed,Graduate,Car,0
2885,53,184211,317,461299,1,0.67,3,Salaried,High School,Home,0
2886,48,140494,343,124968,15,0.39,3,Business,PhD,Education,0
2887,21,28802,454,66600,1,0.12,9,Salaried,High School,Home,0
2888,28,191277,676,55022,3,0.14,1,Self-Employed,Postgraduate,Personal,0
2889,57,54159,701,139271,20,0.7,7,Self-Employed,High School,Personal,1
2890,52,31516,524,318041,1,0.77,5,Business,Graduate,Car,1
2891,63,70492,516,305182,20,0.58,2,Business,PhD,Car,0
2892,57,49086,330,128323,1,0.36,0,Self-Employed,PhD,Car,0
2893,24,133758,358,191110,15,0.76,2,Self-Employed,PhD,Education,0
2894,50,50480,652,125278,10,0.56,7,Unemployed,Graduate,Home,1
2895,26,148023,744,378198,10,0.69,3,Unemployed,High School,Business,0
2896,39,130195,534,275041,20,0.64,2,Salaried,PhD,Home,0
2897,52,198838,406,69541,15,0.37,3,Self-Employed,Postgraduate,Car,0
2898,29,58737,490,111968,15,0.44,3,Salaried,Postgraduate,Education,0
2899,32,29265,829,19892,15,0.23,1,Self-Employed,Postgraduate,Home,0
2900,31,134165,544,406487,3,0.3,3,Salaried,Postgraduate,Personal,0
2901,36,139501,375,29815,5,0.64,8,Unemployed,Postgraduate,Home,0
2902,21,90990,846,312756,1,0.73,3,Self-Employed,Graduate,Personal,0
2903,41,35386,566,431573,15,0.61,0,Self-Employed,High School,Home,0
2904,50,124718,616,473304,15,0.43,0,Salaried,Graduate,Home,0
2905,33,57425,420,283411,15,0.16,0,Salaried,Postgraduate,Home,0
2906,54,141635,324,285412,10,0.14,4,Business,Postgraduate,Car,0
2907,24,194326,731,119463,15,0.36,5,Business,PhD,Personal,0
2908,48,73634,459,412479,1,0.42,5,Unemployed,PhD,Education,0
2909,58,198734,413,469151,15,0.53,5,Self-Employed,High School,Business,0
2910,51,106988,801,362491,1,0.1,8,Self-Employed,High School,Personal,0
2911,47,126337,465,195732,3,0.79,0,Salaried,High School,Car,0
2912,25,161215,474,201599,5,0.35,9,Unemployed,Graduate,Personal,1
2913,45,166653,300,199451,10,0.69,5,Self-Employed,PhD,Education,0
2914,23,87443,385,361686,1,0.47,7,Unemployed,High School,Personal,0
2915,53,49424,619,177343,20,0.19,7,Business,PhD,Car,1
2916,24,108844,700,333756,3,0.66,2,Salaried,PhD,Car,0
2917,45,61984,681,143307,5,0.6,4,Self-Employed,PhD,Business,0
2918,40,61505,617,93757,5,0.47,9,Salaried,PhD,Education,0
2919,54,122478,549,414633,5,0.46,3,Business,PhD,Business,1
2920,46,82699,824,365219,1,0.16,0,Unemployed,PhD,Home,0
2921,25,178029,555,301753,3,0.56,8,Unemployed,Graduate,Car,0
2922,55,176536,606,369929,15,0.74,4,Business,Postgraduate,Business,0
2923,48,134012,443,259200,20,0.17,1,Business,PhD,Car,1
2924,49,174721,690,432118,3,0.28,1,Self-Employed,Graduate,Car,0
2925,29,193137,468,28645,3,0.73,6,Self-Employed,High School,Home,0
2926,58,54758,597,461089,3,0.3,3,Self-Employed,Graduate,Car,0
2927,26,156668,532,485434,1,0.56,0,Self-Employed,Graduate,Business,0
2928,39,36374,570,200630,20,0.47,4,Self-Employed,Graduate,Education,0
2929,64,138686,359,329377,1,0.52,1,Unemployed,PhD,Personal,1
2930,31,23775,595,378587,20,0.39,6,Self-Employed,High School,Business,0
2931,22,47388,766,159473,20,0.31,8,Business,Graduate,Home,0
2932,64,143800,534,274915,1,0.13,0,Business,High School,Personal,0
2933,64,41029,533,439551,20,0.62,1,Self-Employed,Graduate,Car,0
2934,29,103981,667,472667,3,0.62,5,Business,PhD,Business,0
2935,41,73639,531,477650,1,0.57,7,Salaried,Graduate,Personal,1
2936,44,134010,790,465665,20,0.55,6,Unemployed,Graduate,Business,0
2937,54,165717,802,369745,5,0.27,8,Unemployed,High School,Car,0
2938,42,51105,680,490820,1,0.12,1,Self-Employed,High School,Business,0
2939,23,164740,727,400158,10,0.67,8,Salaried,High School,Home,0
2940,32,167032,663,156460,1,0.44,3,Self-Employed,Postgraduate,Personal,0
2941,48,146519,501,392368,1,0.31,2,Self-Employed,High School,Personal,0
2942,50,162429,445,88251,1,0.17,6,Business,Graduate,Personal,0
2943,46,122739,756,62042,20,0.14,4,Unemployed,Postgraduate,Business,0
2944,41,71796,434,320884,1,0.34,4,Salaried,High School,Car,0
2945,48,35804,563,201945,10,0.66,1,Business,PhD,Business,0
2946,46,147732,363,52024,15,0.74,5,Unemployed,High School,Business,0
2947,53,165698,790,159522,1,0.73,5,Unemployed,PhD,Personal,0
2948,41,179204,340,61965,5,0.74,3,Self-Employed,Postgraduate,Car,1
2949,55,27951,595,277201,10,0.74,4,Salaried,PhD,Education,0
2950,54,157521,302,229321,15,0.47,6,Self-Employed,Postgraduate,Car,0
2951,61,39065,409,276127,20,0.25,7,Business,PhD,Business,1
2952,38,121503,520,397613,1,0.66,5,Self-Employed,High School,Home,0
2953,31,125072,669,24995,15,0.25,4,Self-Employed,Postgraduate,Car,0
2954,43,160202,667,119587,5,0.29,2,Unemployed,Graduate,Personal,0
2955,42,109360,735,238076,10,0.26,6,Unemployed,Graduate,Home,0
2956,37,82287,303,227700,10,0.46,7,Business,Graduate,Education,0
2957,25,188065,543,475897,20,0.33,2,Unemployed,High School,Education,0
2958,64,182947,465,43886,20,0.21,4,Unemployed,Graduate,Home,0
2959,31,157126,325,356169,20,0.42,1,Unemployed,Postgraduate,Education,0
2960,50,127357,694,494788,15,0.71,9,Self-Employed,Graduate,Home,0
2961,35,199589,773,100149,1,0.5,9,Salaried,Postgraduate,Business,0
2962,47,49670,316,99020,3,0.71,3,Business,Graduate,Home,0
2963,55,69112,391,7673,10,0.24,3,Self-Employed,PhD,Business,1
2964,53,108388,782,433106,3,0.22,7,Business,Postgraduate,Personal,0
2965,40,109156,842,344657,10,0.5,2,Self-Employed,Graduate,Personal,0
2966,36,179379,504,28466,20,0.42,4,Business,Graduate,Education,1
2967,54,67922,801,242626,1,0.56,4,Unemployed,Graduate,Home,0
2968,22,113348,699,359689,1,0.66,1,Business,Postgraduate,Business,0
2969,55,99335,506,55406,10,0.63,8,Salaried,Postgraduate,Personal,1
2970,60,46312,445,401904,15,0.76,3,Business,Graduate,Personal,1
2971,48,86985,400,74284,20,0.38,8,Salaried,PhD,Personal,0
2972,59,150744,540,240718,1,0.24,8,Business,Postgraduate,Education,0
2973,26,120963,462,381723,1,0.49,1,Unemployed,Postgraduate,Personal,0
2974,29,191349,472,18665,5,0.18,8,Business,PhD,Car,1
2975,40,51551,801,25641,1,0.3,8,Self-Employed,High School,Education,1
2976,21,109813,846,430716,5,0.25,1,Unemployed,PhD,Home,0
2977,28,121025,583,40797,1,0.38,5,Unemployed,Graduate,Car,0
2978,43,144342,658,220838,1,0.18,8,Self-Employed,Postgraduate,Education,1
2979,23,196284,680,313094,15,0.12,3,Unemployed,Postgraduate,Education,0
2980,24,29637,832,423262,15,0.56,1,Unemployed,Postgraduate,Business,0
2981,45,63258,462,396698,20,0.53,6,Self-Employed,Postgraduate,Car,0
2982,58,186765,606,107339,1,0.6,8,Unemployed,High School,Car,0
2983,35,160896,638,118431,20,0.56,5,Unemployed,Postgraduate,Car,1
2984,41,149553,354,237275,20,0.18,3,Unemployed,Postgraduate,Personal,1
2985,55,46950,632,407854,20,0.3,0,Unemployed,High School,Personal,0
2986,34,174560,426,484579,20,0.19,3,Business,Graduate,Home,0
2987,56,147870,542,288317,10,0.69,2,Unemployed,Graduate,Home,0
2988,32,20215,708,149294,10,0.62,6,Unemployed,High School,Home,0
2989,37,125603,802,186136,1,0.24,9,Unemployed,Graduate,Personal,0
2990,59,31523,602,173082,10,0.34,4,Business,Graduate,Business,0
2991,29,88689,763,258301,1,0.78,2,Salaried,PhD,Home,0
2992,55,43834,534,23095,15,0.52,1,Unemployed,PhD,Education,0
2993,33,54474,337,128554,3,0.66,1,Salaried,PhD,Personal,0
2994,35,63066,438,399655,5,0.29,4,Salaried,High School,Business,1
2995,38,30400,494,392758,10,0.25,7,Self-Employed,Postgraduate,Education,0
2996,53,145211,826,239989,10,0.65,7,Self-Employed,High School,Education,0
2997,26,30345,300,483766,15,0.58,4,Salaried,High School,Personal,0
2998,47,53896,395,403591,10,0.58,1,Business,High School,Car,0
2999,43,48899,712,94023,1,0.49,3,Unemployed,High School,Business,0
3000,47,48229,837,112181,1,0.49,6,Unemployed,PhD,Personal,0
3001,54,25583,728,227310,3,0.61,5,Unemployed,High School,Car,1
3002,58,155969,534,287744,3,0.29,9,Self-Employed,PhD,Personal,0
3003,34,91537,648,269610,3,0.35,6,Self-Employed,Postgraduate,Personal,0
3004,56,155639,780,261349,1,0.71,4,Unemployed,Graduate,Education,0
3005,28,94807,695,181169,20,0.32,1,Salaried,PhD,Personal,0
3006,55,149648,650,377078,20,0.48,7,Self-Employed,High School,Car,0
3007,39,132652,715,58276,3,0.59,1,Unemployed,Postgraduate,Education,1
3008,50,164401,350,448333,3,0.8,7,Salaried,High School,Car,0
3009,34,91792,380,445187,1,0.4,6,Unemployed,Postgraduate,Car,0
3010,40,151300,335,274072,15,0.4,2,Self-Employed,Graduate,Education,0
3011,45,57052,366,486232,10,0.69,3,Business,Postgraduate,Car,1
3012,60,66032,780,322453,5,0.66,6,Business,Postgraduate,Home,0
3013,44,53686,767,210719,20,0.61,3,Self-Employed,Graduate,Personal,0
3014,34,96981,441,176960,20,0.42,8,Salaried,Graduate,Education,0
3015,46,118802,655,231097,1,0.33,6,Unemployed,Postgraduate,Education,0
3016,58,153881,770,179904,1,0.53,0,Self-Employed,High School,Home,0
3017,43,192857,738,121196,5,0.71,0,Salaried,PhD,Home,0
3018,42,187619,830,14404,5,0.72,3,Unemployed,High School,Home,0
3019,39,62818,426,431855,3,0.18,8,Unemployed,PhD,Home,0
3020,23,120422,504,214190,5,0.4,3,Self-Employed,Graduate,Business,0
3021,62,91927,328,458814,10,0.43,4,Unemployed,High School,Education,0
3022,39,99465,744,464615,10,0.78,0,Business,Graduate,Car,0
3023,29,133221,763,118187,20,0.57,1,Business,Postgraduate,Education,0
3024,48,57333,579,377593,10,0.39,3,Unemployed,Postgraduate,Education,0
3025,40,146457,450,32684,10,0.12,3,Self-Employed,High School,Education,0
3026,27,36576,539,73591,10,0.5,9,Unemployed,Graduate,Home,0
3027,34,139875,565,386965,3,0.17,5,Self-Employed,High School,Home,0
3028,29,59405,404,213794,20,0.68,5,Self-Employed,High School,Business,0
3029,39,114000,732,269826,1,0.63,7,Business,PhD,Education,0
3030,34,51601,796,116186,20,0.42,8,Business,Postgraduate,Personal,0
3031,58,87946,739,436262,20,0.4,0,Salaried,High School,Business,0
3032,56,72116,457,248181,20,0.73,0,Self-Employed,Postgraduate,Home,0
3033,60,124186,471,26832,5,0.3,5,Unemployed,PhD,Education,0
3034,37,82894,793,21997,1,0.27,3,Self-Employed,Graduate,Home,0
3035,50,185707,610,301784,5,0.76,3,Business,High School,Car,0
3036,29,27465,702,475098,3,0.67,0,Self-Employed,Postgraduate,Home,0
3037,53,76754,762,45491,3,0.67,8,Salaried,High School,Home,0
3038,45,112850,666,68043,15,0.24,2,Unemployed,Graduate,Business,1
3039,34,129765,849,379319,15,0.2,4,Self-Employed,High School,Car,0
3040,31,112691,554,133568,3,0.12,9,Unemployed,High School,Personal,0
3041,55,58871,507,381394,3,0.27,0,Unemployed,Postgraduate,Personal,0
3042,61,49511,749,77725,5,0.64,7,Business,Graduate,Personal,1
3043,34,100960,394,133131,3,0.27,2,Self-Employed,PhD,Education,0
3044,50,199893,777,50520,1,0.61,0,Unemployed,Graduate,Personal,0
3045,61,85776,489,330063,5,0.28,9,Business,Graduate,Education,0
3046,24,64462,783,114869,3,0.38,5,Salaried,PhD,Home,1
3047,24,52574,835,69442,5,0.79,0,Salaried,High School,Personal,1
3048,48,122072,722,266025,5,0.27,2,Self-Employed,Postgraduate,Business,0
3049,28,192982,432,157842,10,0.36,4,Unemployed,High School,Car,0
3050,22,176258,354,372390,15,0.31,3,Self-Employed,High School,Car,0
3051,61,173885,809,183570,5,0.18,6,Unemployed,PhD,Home,0
3052,42,98282,840,376831,20,0.44,5,Business,PhD,Car,0
3053,61,129779,709,128447,5,0.37,2,Salaried,High School,Car,1
3054,36,38557,510,66477,20,0.59,7,Salaried,Graduate,Home,0
3055,49,179132,592,5244,10,0.67,7,Salaried,Postgraduate,Home,0
3056,50,92104,414,431004,3,0.48,1,Salaried,Graduate,Home,0
3057,32,157152,558,493557,5,0.12,6,Self-Employed,High School,Business,0
3058,55,164926,421,346597,10,0.53,0,Unemployed,High School,Home,0
3059,31,142013,598,455953,1,0.14,1,Self-Employed,Postgraduate,Home,0
3060,41,178097,680,182561,10,0.53,7,Business,Graduate,Home,0
3061,41,61081,800,395106,15,0.58,0,Salaried,High School,Personal,0
3062,25,155440,596,338447,15,0.24,1,Unemployed,High School,Personal,0
3063,40,139181,661,295534,3,0.67,0,Self-Employed,PhD,Business,0
3064,57,47094,762,15247,20,0.74,4,Unemployed,Postgraduate,Business,1
3065,23,197112,737,205123,3,0.67,6,Self-Employed,PhD,Car,0
3066,64,86766,426,195791,20,0.31,5,Unemployed,PhD,Personal,0
3067,53,103053,496,432894,20,0.51,5,Unemployed,PhD,Business,0
3068,29,175063,520,486018,20,0.74,5,Salaried,High School,Business,0
3069,29,21301,390,212358,20,0.32,7,Self-Employed,Graduate,Car,0
3070,24,179682,710,296727,15,0.67,4,Business,PhD,Home,0
3071,55,101463,307,144148,15,0.11,9,Unemployed,Graduate,Education,1
3072,37,185750,843,416222,5,0.1,6,Business,High School,Car,0
3073,54,44466,767,151123,15,0.63,2,Salaried,PhD,Education,0
3074,44,191947,619,402530,3,0.63,8,Business,High School,Car,0
3075,52,46081,693,33670,15,0.65,9,Unemployed,PhD,Car,0
3076,21,44354,568,498973,3,0.75,2,Unemployed,PhD,Home,0
3077,28,113297,490,465767,1,0.18,5,Unemployed,High School,Business,0
3078,43,38300,360,392064,15,0.26,2,Self-Employed,Postgraduate,Personal,0
3079,60,84384,737,15236,3,0.73,0,Business,Postgraduate,Car,0
3080,32,115027,563,40568,20,0.22,0,Self-Employed,Graduate,Home,0
3081,32,141684,394,458530,10,0.58,2,Unemployed,Graduate,Education,0
3082,35,80892,769,112327,20,0.47,3,Unemployed,High School,Business,0
3083,61,55525,813,260745,5,0.16,1,Salaried,High School,Car,0
3084,39,177604,493,377332,3,0.3,8,Salaried,High School,Education,0
3085,46,26464,781,490119,20,0.46,7,Unemployed,Postgraduate,Car,0
3086,49,36562,635,283496,15,0.7,2,Self-Employed,Postgraduate,Personal,0
3087,42,127392,734,130721,15,0.6,6,Self-Employed,PhD,Personal,1
3088,60,75514,495,264291,1,0.54,3,Unemployed,PhD,Business,0
3089,41,133428,548,443866,10,0.45,4,Business,High School,Education,0
3090,58,132564,797,408562,3,0.31,3,Self-Employed,High School,Personal,1
3091,40,128047,511,161228,20,0.18,8,Unemployed,Graduate,Home,0
3092,49,52634,765,60904,10,0.39,6,Salaried,Postgraduate,Business,0
3093,24,20060,520,412251,1,0.12,3,Unemployed,High School,Car,0
3094,27,29269,572,389285,5,0.25,7,Self-Employed,Postgraduate,Education,0
3095,48,43065,453,283252,10,0.4,1,Unemployed,High School,Education,0
3096,48,22895,548,269997,1,0.39,6,Business,PhD,Home,0
3097,24,100859,578,351300,3,0.13,0,Business,High School,Personal,0
3098,42,163424,739,271320,5,0.51,7,Self-Employed,PhD,Education,0
3099,32,124127,575,105459,15,0.48,5,Unemployed,Graduate,Home,0
3100,23,116426,813,424136,1,0.15,4,Business,Graduate,Home,0
3101,42,183088,387,190922,15,0.76,8,Business,Graduate,Car,0
3102,64,31962,804,142901,5,0.17,8,Salaried,High School,Home,0
3103,22,53302,540,128225,1,0.7,2,Self-Employed,Graduate,Business,1
3104,44,105382,535,498406,1,0.1,8,Salaried,High School,Education,0
3105,54,24011,427,240847,5,0.72,8,Salaried,Postgraduate,Business,0
3106,47,149716,802,226738,3,0.11,1,Business,PhD,Home,1
3107,61,39782,499,385602,1,0.63,4,Unemployed,Postgraduate,Home,1
3108,21,140654,842,115893,5,0.35,1,Salaried,High School,Business,0
3109,28,190797,801,341071,10,0.62,0,Self-Employed,Graduate,Car,0
3110,43,29196,791,483076,15,0.38,6,Self-Employed,PhD,Home,0
3111,58,63459,320,385322,1,0.15,3,Unemployed,Graduate,Business,0
3112,26,107245,533,247726,10,0.64,4,Self-Employed,Postgraduate,Business,0
3113,42,98863,715,307811,1,0.15,3,Salaried,High School,Education,0
3114,45,143206,447,201914,3,0.75,5,Unemployed,PhD,Car,0
3115,38,121010,328,434059,5,0.14,1,Self-Employed,PhD,Personal,0
3116,37,52769,660,186880,1,0.44,7,Self-Employed,High School,Business,0
3117,32,127529,607,428759,5,0.61,3,Salaried,High School,Education,0
3118,26,44700,461,470996,20,0.38,7,Salaried,PhD,Personal,0
3119,46,25269,360,11611,1,0.25,2,Salaried,Postgraduate,Education,0
3120,47,141631,424,355386,3,0.63,4,Salaried,Postgraduate,Education,0
3121,28,63880,755,351756,3,0.65,2,Unemployed,Graduate,Car,0
3122,39,134003,370,314046,10,0.75,6,Unemployed,PhD,Home,0
3123,62,159392,765,252524,3,0.36,2,Unemployed,High School,Car,1
3124,21,69589,542,300187,5,0.45,7,Business,High School,Personal,0
3125,49,55897,789,141343,20,0.35,8,Salaried,High School,Car,0
3126,55,182002,520,340011,3,0.28,1,Salaried,High School,Home,1
3127,60,34380,772,344233,1,0.63,2,Unemployed,PhD,Car,0
3128,34,90934,832,325889,3,0.34,6,Self-Employed,Postgraduate,Car,1
3129,55,75830,793,495092,20,0.4,4,Self-Employed,Graduate,Car,0
3130,40,25529,381,460293,5,0.38,9,Salaried,Postgraduate,Business,0
3131,33,114598,821,195191,1,0.6,6,Salaried,Graduate,Business,0
3132,58,102987,311,147645,10,0.74,1,Unemployed,High School,Car,1
3133,28,69178,562,157481,10,0.57,3,Salaried,High School,Home,1
3134,63,158009,748,353114,10,0.43,0,Self-Employed,PhD,Home,0
3135,40,141952,491,291608,1,0.65,4,Self-Employed,High School,Home,0
3136,53,59886,413,254220,10,0.55,7,Salaried,PhD,Home,0
3137,46,69699,325,441056,3,0.14,0,Unemployed,PhD,Education,0
3138,59,96396,798,447001,1,0.17,6,Unemployed,PhD,Car,0
3139,41,110678,807,123523,1,0.13,6,Self-Employed,High School,Car,0
3140,62,45279,844,25662,1,0.42,6,Unemployed,High School,Education,0
3141,63,189178,361,285372,15,0.68,0,Self-Employed,Postgraduate,Home,0
3142,61,130776,528,65721,5,0.32,2,Salaried,Graduate,Personal,0
3143,29,121444,334,447439,15,0.37,1,Self-Employed,Postgraduate,Personal,0
3144,44,126300,755,143458,15,0.74,4,Salaried,High School,Education,0
3145,57,133793,801,274006,15,0.69,1,Unemployed,Graduate,Personal,1
3146,61,136278,324,45108,5,0.57,4,Business,PhD,Business,0
3147,37,191616,331,96788,15,0.29,4,Business,Graduate,Car,0
3148,44,123247,311,473239,10,0.18,3,Business,PhD,Personal,0
3149,41,28997,618,249437,1,0.11,6,Self-Employed,High School,Business,1
3150,59,126102,300,242011,1,0.17,9,Business,Graduate,Car,0
3151,61,105711,734,347284,3,0.3,5,Self-Employed,PhD,Business,0
3152,59,136045,435,481179,20,0.49,1,Unemployed,Postgraduate,Car,1
3153,33,60860,495,163273,10,0.14,3,Salaried,Postgraduate,Car,0
3154,31,23225,432,335722,5,0.2,6,Business,PhD,Personal,0
3155,39,130114,385,54966,20,0.23,8,Self-Employed,Postgraduate,Education,0
3156,31,133218,775,190846,1,0.54,8,Unemployed,Postgraduate,Personal,1
3157,33,120764,623,277530,15,0.53,2,Unemployed,Graduate,Home,0
3158,21,127041,479,82228,3,0.49,0,Business,Postgraduate,Business,0
3159,60,132224,815,151297,3,0.28,8,Unemployed,Graduate,Home,0
3160,64,83656,474,414909,1,0.36,7,Unemployed,High School,Car,0
3161,39,96290,320,339341,10,0.17,6,Unemployed,Postgraduate,Personal,1
3162,32,76633,404,48021,20,0.26,5,Self-Employed,High School,Home,0
3163,28,46655,742,386059,3,0.73,9,Unemployed,Postgraduate,Home,0
3164,28,141118,348,154333,1,0.79,6,Unemployed,PhD,Home,1
3165,32,194673,827,425594,10,0.55,8,Unemployed,PhD,Car,0
3166,53,23114,444,384318,1,0.74,5,Unemployed,High School,Car,0
3167,46,46502,639,257646,1,0.55,9,Unemployed,High School,Car,0
3168,59,69768,653,91755,10,0.12,2,Self-Employed,High School,Home,0
3169,48,68128,374,410153,10,0.8,2,Unemployed,PhD,Business,0
3170,25,171100,618,71330,10,0.17,3,Unemployed,High School,Personal,0
3171,28,103123,386,183438,1,0.58,9,Salaried,PhD,Personal,0
3172,45,128255,341,339466,3,0.28,9,Unemployed,High School,Car,0
3173,47,186405,392,369462,5,0.37,7,Unemployed,Graduate,Home,0
3174,43,23174,806,438376,5,0.55,9,Self-Employed,Graduate,Business,0
3175,50,137769,828,50313,1,0.41,8,Unemployed,Postgraduate,Education,0
3176,43,55398,564,239729,1,0.28,7,Self-Employed,Graduate,Car,0
3177,40,187001,591,237783,3,0.33,9,Business,High School,Education,0
3178,38,155393,763,294176,10,0.34,1,Unemployed,Graduate,Personal,1
3179,38,143549,396,490179,1,0.77,3,Salaried,Graduate,Personal,1
3180,22,92635,394,153430,15,0.66,3,Self-Employed,High School,Business,0
3181,24,43760,625,328854,10,0.42,1,Business,Graduate,Business,1
3182,50,162432,373,362470,1,0.24,7,Salaried,High School,Education,1
3183,53,161385,635,353301,15,0.67,2,Self-Employed,Graduate,Personal,0
3184,56,150674,367,447037,20,0.21,1,Business,High School,Business,0
3185,38,156873,376,33365,3,0.25,6,Salaried,PhD,Business,1
3186,57,34130,507,280333,15,0.36,0,Unemployed,PhD,Personal,0
3187,39,165343,520,474965,1,0.72,5,Salaried,Postgraduate,Personal,0
3188,48,167147,561,12248,5,0.19,2,Salaried,Graduate,Home,0
3189,60,127215,709,9369,1,0.19,2,Salaried,Postgraduate,Business,0
3190,40,170056,630,461979,5,0.45,4,Self-Employed,High School,Education,0
3191,53,108095,643,406266,3,0.29,2,Unemployed,PhD,Car,0
3192,32,80942,373,295749,3,0.5,3,Unemployed,High School,Car,0
3193,35,163933,553,316760,10,0.42,2,Self-Employed,Postgraduate,Personal,0
3194,61,118970,631,452695,10,0.4,6,Salaried,High School,Education,1
3195,59,102203,697,370863,5,0.18,2,Unemployed,High School,Home,0
3196,22,172049,644,479150,5,0.2,9,Salaried,High School,Business,0
3197,49,108177,754,176955,3,0.67,3,Unemployed,High School,Home,0
3198,61,92902,414,38055,15,0.72,1,Self-Employed,PhD,Education,0
3199,30,112172,612,204803,5,0.26,1,Business,High School,Home,1
3200,22,166702,527,489203,5,0.18,8,Salaried,High School,Personal,0
3201,31,40056,544,383824,15,0.14,0,Unemployed,PhD,Car,0
3202,33,158454,825,274594,10,0.53,0,Unemployed,High School,Personal,0
3203,30,75739,827,138997,10,0.6,9,Unemployed,High School,Business,0
3204,34,101685,726,478267,5,0.36,0,Self-Employed,Postgraduate,Personal,0
3205,38,68639,341,55272,10,0.58,2,Self-Employed,PhD,Education,0
3206,29,197113,764,10310,10,0.6,1,Business,Graduate,Education,0
3207,59,20992,577,36817,20,0.75,2,Self-Employed,High School,Business,0
3208,48,92394,318,491160,10,0.15,4,Salaried,Postgraduate,Business,1
3209,23,87657,365,442744,3,0.23,8,Self-Employed,PhD,Car,0
3210,40,47160,466,453995,1,0.15,1,Unemployed,High School,Home,0
3211,26,65156,702,220888,5,0.71,0,Salaried,Graduate,Car,1
3212,47,106442,708,87641,5,0.65,5,Self-Employed,High School,Personal,1
3213,22,170644,411,220155,3,0.5,2,Salaried,Postgraduate,Home,0
3214,49,137925,573,212382,1,0.16,6,Salaried,PhD,Business,1
3215,58,24136,706,20457,1,0.29,5,Self-Employed,Postgraduate,Education,0
3216,23,81868,672,47311,3,0.31,6,Salaried,PhD,Personal,0
3217,36,102263,338,402196,15,0.49,4,Unemployed,Graduate,Car,0
3218,50,52167,404,156958,15,0.28,0,Unemployed,High School,Business,0
3219,60,130957,623,475328,1,0.15,2,Self-Employed,Postgraduate,Home,0
3220,22,35479,713,449093,15,0.61,2,Self-Employed,Graduate,Home,0
3221,37,139392,728,128573,15,0.31,6,Unemployed,Graduate,Education,0
3222,61,182448,360,364571,15,0.42,2,Self-Employed,High School,Business,1
3223,32,155895,606,303325,1,0.19,4,Unemployed,Postgraduate,Business,0
3224,55,39585,653,169334,15,0.66,3,Salaried,High School,Personal,0
3225,63,168344,692,399163,5,0.5,3,Self-Employed,High School,Personal,0
3226,21,46619,503,398238,20,0.73,6,Business,PhD,Home,0
3227,35,95069,557,268272,1,0.45,0,Unemployed,PhD,Car,0
3228,46,59895,785,84522,3,0.76,6,Unemployed,High School,Home,0
3229,57,23720,816,168394,15,0.72,7,Salaried,PhD,Personal,0
3230,41,39267,745,53929,10,0.5,2,Business,Postgraduate,Personal,0
3231,51,166768,479,86696,1,0.75,2,Business,PhD,Personal,0
3232,45,181040,641,382389,3,0.33,3,Business,Graduate,Home,0
3233,43,73364,432,276952,20,0.36,5,Unemployed,High School,Business,0
3234,44,174417,742,100148,5,0.13,6,Unemployed,High School,Car,0
3235,58,71567,552,451098,3,0.51,0,Business,Postgraduate,Car,1
3236,48,111229,564,288869,15,0.61,3,Self-Employed,High School,Personal,0
3237,41,170457,392,339678,10,0.64,6,Business,PhD,Education,1
3238,63,98518,710,307094,15,0.2,1,Salaried,Graduate,Home,0
3239,38,102844,437,225026,3,0.41,0,Business,High School,Business,0
3240,56,183991,507,88576,1,0.22,0,Business,PhD,Personal,0
3241,55,110697,606,25557,10,0.56,9,Business,Graduate,Education,0
3242,29,77196,565,26825,10,0.21,5,Self-Employed,High School,Personal,1
3243,58,135600,617,276142,3,0.73,4,Business,High School,Education,1
3244,50,120625,412,41080,20,0.26,0,Business,High School,Car,0
3245,64,151567,677,263815,20,0.3,9,Unemployed,Graduate,Education,0
3246,54,64755,753,193869,15,0.7,2,Business,High School,Car,1
3247,52,53324,490,151874,3,0.42,6,Salaried,High School,Car,0
3248,23,98929,739,409383,10,0.12,8,Unemployed,PhD,Home,1
3249,23,152624,486,498844,3,0.45,8,Self-Employed,PhD,Education,1
3250,48,71272,666,47407,10,0.16,5,Unemployed,PhD,Business,0
3251,64,186925,388,125283,15,0.79,2,Self-Employed,PhD,Business,0
3252,35,183996,486,18338,1,0.51,0,Self-Employed,High School,Education,0
3253,61,94462,431,81289,1,0.28,2,Salaried,Graduate,Home,0
3254,43,174961,675,469736,3,0.49,9,Business,High School,Business,0
3255,60,74675,398,154967,10,0.15,1,Salaried,Postgraduate,Personal,0
3256,31,93591,333,183982,1,0.66,4,Unemployed,Graduate,Business,0
3257,52,173706,470,398173,10,0.75,7,Self-Employed,Postgraduate,Home,1
3258,56,52363,665,114367,15,0.71,4,Unemployed,High School,Car,0
3259,53,97004,358,333042,3,0.34,0,Self-Employed,Graduate,Car,0
3260,44,60718,480,401670,10,0.33,2,Unemployed,Graduate,Car,0
3261,59,133627,318,122486,3,0.12,4,Self-Employed,PhD,Home,0
3262,54,46870,525,353684,10,0.56,6,Salaried,High School,Car,0
3263,48,57394,772,459013,20,0.47,4,Self-Employed,Postgraduate,Car,0
3264,57,72057,394,499775,20,0.42,9,Business,Graduate,Home,0
3265,27,99795,596,219209,10,0.74,4,Salaried,Graduate,Personal,0
3266,24,100409,474,448853,15,0.22,6,Business,PhD,Business,1
3267,57,33016,521,261055,3,0.11,7,Unemployed,Graduate,Home,0
3268,21,62137,353,141421,5,0.15,7,Unemployed,PhD,Home,0
3269,21,151225,702,392560,10,0.26,6,Self-Employed,Graduate,Education,1
3270,40,158925,617,307107,10,0.12,2,Self-Employed,Graduate,Car,1
3271,39,32379,648,473799,20,0.45,1,Unemployed,High School,Personal,0
3272,49,166864,742,405966,1,0.32,0,Salaried,Graduate,Education,0
3273,30,141169,839,362073,20,0.23,5,Business,PhD,Personal,0
3274,38,189439,581,158535,3,0.63,8,Unemployed,PhD,Car,0
3275,48,169172,659,79935,20,0.24,2,Salaried,PhD,Car,0
3276,55,146082,307,194864,5,0.58,4,Business,Postgraduate,Car,0
3277,63,133089,790,280830,15,0.34,8,Self-Employed,Graduate,Business,0
3278,51,31049,640,68528,5,0.46,8,Salaried,High School,Personal,0
3279,47,151858,771,104811,15,0.75,6,Salaried,High School,Personal,0
3280,31,181771,548,289931,5,0.13,3,Unemployed,Postgraduate,Education,0
3281,58,142784,534,412992,20,0.45,1,Business,Graduate,Home,0
3282,25,67691,382,382757,5,0.7,1,Unemployed,PhD,Car,0
3283,28,188112,392,493279,20,0.51,3,Self-Employed,Postgraduate,Car,1
3284,54,77986,693,193499,20,0.29,0,Self-Employed,Postgraduate,Education,0
3285,32,189834,567,265141,3,0.38,3,Business,PhD,Personal,0
3286,58,174672,716,109887,20,0.58,5,Business,Postgraduate,Business,0
3287,21,114774,828,66086,1,0.72,5,Business,Postgraduate,Personal,0
3288,51,170882,552,369375,5,0.13,6,Unemployed,PhD,Business,0
3289,24,125315,421,260494,10,0.15,4,Business,Graduate,Business,0
3290,25,77204,309,68308,10,0.33,8,Business,High School,Personal,0
3291,50,40085,615,282941,10,0.26,1,Unemployed,High School,Car,0
3292,44,197926,572,272446,1,0.29,1,Self-Employed,PhD,Business,1
3293,23,190851,605,461388,20,0.25,3,Self-Employed,PhD,Education,0
3294,31,53980,509,43059,5,0.24,3,Salaried,Graduate,Education,0
3295,24,76117,763,136980,15,0.19,3,Self-Employed,Postgraduate,Business,0
3296,46,165213,715,196324,15,0.75,0,Business,Graduate,Car,0
3297,47,160416,515,478875,3,0.2,3,Self-Employed,Postgraduate,Business,0
3298,63,35896,379,148949,1,0.24,4,Unemployed,Postgraduate,Education,0
3299,47,109353,779,281383,5,0.27,8,Self-Employed,Graduate,Education,0
3300,62,49813,846,485187,20,0.75,2,Self-Employed,PhD,Personal,0
3301,26,85679,317,32313,10,0.63,2,Salaried,PhD,Car,0
3302,35,161753,464,499106,1,0.65,4,Salaried,Graduate,Personal,0
3303,50,23228,824,47103,1,0.17,9,Business,Postgraduate,Home,0
3304,62,155654,501,184480,5,0.69,5,Unemployed,Postgraduate,Business,0
3305,57,31397,645,481467,20,0.39,2,Business,Postgraduate,Personal,1
3306,57,189871,665,93771,3,0.28,0,Unemployed,Postgraduate,Car,0
3307,62,57011,747,131228,20,0.5,9,Unemployed,Graduate,Business,0
3308,57,99183,812,96665,3,0.68,7,Salaried,High School,Business,0
3309,55,113254,618,277678,3,0.65,0,Self-Employed,PhD,Business,0
3310,43,195336,516,498326,10,0.72,1,Self-Employed,PhD,Business,0
3311,26,62317,333,310204,10,0.75,2,Salaried,High School,Business,0
3312,24,198986,565,284333,5,0.27,5,Business,Postgraduate,Car,0
3313,38,122489,379,395575,20,0.4,3,Self-Employed,High School,Home,0
3314,29,196326,712,91067,3,0.11,3,Business,High School,Education,1
3315,49,60096,551,278111,5,0.72,8,Self-Employed,High School,Home,0
3316,33,73785,311,218063,3,0.21,5,Business,PhD,Education,0
3317,37,72344,700,332707,1,0.7,1,Unemployed,PhD,Personal,0
3318,52,140382,581,275804,15,0.33,6,Unemployed,High School,Business,0
3319,42,179484,411,385815,15,0.36,2,Self-Employed,High School,Personal,0
3320,24,130489,677,489091,3,0.13,8,Business,High School,Personal,0
3321,25,31549,567,134909,5,0.33,5,Business,Postgraduate,Education,0
3322,57,45739,597,438039,10,0.72,7,Unemployed,Postgraduate,Car,0
3323,61,41209,616,454058,20,0.12,0,Business,Postgraduate,Business,0
3324,33,127051,808,145688,3,0.38,1,Salaried,PhD,Personal,0
3325,54,35116,845,80976,3,0.12,5,Business,Graduate,Home,0
3326,42,40045,664,238208,20,0.36,2,Unemployed,High School,Business,0
3327,43,177399,846,184810,10,0.22,0,Salaried,High School,Car,0
3328,23,55709,570,280251,3,0.28,5,Salaried,Graduate,Business,0
3329,62,63617,773,197476,1,0.71,4,Business,High School,Personal,0
3330,54,177977,836,99182,10,0.41,8,Unemployed,Postgraduate,Home,0
3331,52,139779,533,248153,1,0.29,5,Unemployed,Postgraduate,Personal,0
3332,41,62919,358,358931,15,0.51,4,Unemployed,Graduate,Car,0
3333,64,103521,550,283098,20,0.2,0,Salaried,Postgraduate,Education,0
3334,41,198966,385,284087,10,0.28,0,Unemployed,Graduate,Home,1
3335,64,26447,689,45725,10,0.48,0,Salaried,Postgraduate,Car,0
3336,31,25499,479,312578,5,0.27,6,Salaried,High School,Car,0
3337,59,59041,448,352895,5,0.58,5,Self-Employed,PhD,Personal,0
3338,24,51315,420,15110,20,0.44,4,Business,Postgraduate,Personal,0
3339,21,152371,555,485307,10,0.64,3,Unemployed,Graduate,Personal,0
3340,48,140506,608,283606,15,0.76,7,Salaried,PhD,Education,0
3341,44,156066,358,346376,3,0.18,7,Business,High School,Business,0
3342,55,158561,368,190153,20,0.33,4,Salaried,PhD,Business,0
3343,33,111647,745,451015,20,0.32,3,Business,Graduate,Personal,0
3344,54,52355,687,71567,5,0.21,1,Salaried,High School,Personal,1
3345,31,93805,385,487517,15,0.67,6,Unemployed,High School,Education,0
3346,56,88367,526,187296,20,0.63,4,Self-Employed,Postgraduate,Business,0
3347,37,129906,483,394569,15,0.44,2,Self-Employed,PhD,Education,0
3348,55,137409,621,323207,20,0.48,8,Self-Employed,Postgraduate,Car,1
3349,38,97355,617,118394,5,0.14,8,Salaried,High School,Business,0
3350,60,136220,698,322384,3,0.49,9,Business,Postgraduate,Personal,0
3351,42,107173,592,348496,5,0.65,7,Unemployed,Postgraduate,Home,1
3352,44,21996,592,153940,20,0.5,0,Unemployed,Graduate,Car,1
3353,39,64387,784,474189,15,0.29,2,Salaried,Postgraduate,Home,0
3354,57,23089,746,348133,1,0.57,1,Self-Employed,High School,Education,0
3355,59,118827,711,27222,5,0.35,3,Salaried,Postgraduate,Education,0
3356,41,40659,807,84794,15,0.48,1,Business,High School,Education,0
3357,28,65178,543,68924,5,0.44,7,Self-Employed,High School,Personal,0
3358,48,115965,719,104854,20,0.37,0,Salaried,Graduate,Education,0
3359,25,101268,453,345657,15,0.6,3,Business,High School,Home,0
3360,37,105042,723,265038,3,0.72,4,Self-Employed,High School,Car,0
3361,57,126471,572,321793,15,0.1,9,Unemployed,Graduate,Personal,0
3362,56,90111,819,370130,10,0.75,3,Business,High School,Car,0
3363,39,185637,427,248815,1,0.46,7,Unemployed,Graduate,Education,0
3364,47,120435,672,350893,20,0.59,1,Business,PhD,Business,0
3365,54,109242,458,238127,15,0.7,8,Self-Employed,PhD,Personal,0
3366,31,133204,475,146295,20,0.43,1,Salaried,PhD,Education,0
3367,32,173956,510,184238,5,0.68,1,Salaried,High School,Personal,1
3368,41,37199,746,44369,5,0.22,1,Salaried,Postgraduate,Business,1
3369,31,80038,466,353523,15,0.21,9,Salaried,Graduate,Home,0
3370,59,77786,759,336536,10,0.56,7,Business,PhD,Home,0
3371,48,129636,656,457742,15,0.71,2,Salaried,Graduate,Home,0
3372,25,69294,603,279805,3,0.72,9,Salaried,PhD,Business,0
3373,37,185250,532,151663,10,0.55,9,Business,PhD,Car,0
3374,40,163737,626,338862,20,0.47,7,Business,High School,Business,0
3375,61,20534,481,191307,15,0.33,6,Self-Employed,Graduate,Business,0
3376,32,111828,633,275114,20,0.79,9,Business,High School,Education,0
3377,26,56132,328,52922,1,0.32,3,Unemployed,Graduate,Home,1
3378,37,135720,392,498614,10,0.62,6,Self-Employed,Graduate,Personal,0
3379,39,56110,629,297899,15,0.47,7,Self-Employed,Postgraduate,Car,1
3380,46,83580,483,125926,1,0.53,5,Salaried,PhD,Personal,0
3381,64,173541,394,24416,15,0.38,5,Salaried,High School,Education,0
3382,64,84016,652,18672,3,0.78,2,Unemployed,Postgraduate,Education,0
3383,52,66233,564,481684,5,0.5,4,Salaried,Graduate,Car,0
3384,26,149863,318,133145,20,0.76,9,Business,PhD,Personal,1
3385,56,126311,798,183068,15,0.11,1,Business,High School,Car,1
3386,58,54409,438,341239,10,0.5,4,Salaried,Postgraduate,Car,0
3387,31,170396,824,5064,15,0.6,4,Salaried,Graduate,Home,0
3388,53,159810,554,73835,15,0.62,6,Business,Postgraduate,Personal,0
3389,44,44054,384,206457,15,0.73,3,Self-Employed,Graduate,Home,0
3390,43,49709,757,403855,15,0.1,5,Unemployed,Graduate,Home,0
3391,35,129321,831,252795,10,0.1,8,Unemployed,PhD,Home,0
3392,47,20363,391,409271,10,0.43,3,Self-Employed,High School,Business,1
3393,31,30358,368,457436,15,0.12,5,Unemployed,PhD,Education,0
3394,37,154312,336,354738,5,0.78,8,Salaried,High School,Education,0
3395,34,65689,439,427643,15,0.26,9,Salaried,High School,Business,1
3396,47,21936,477,121916,20,0.43,0,Salaried,Graduate,Car,0
3397,38,132272,436,387452,20,0.14,7,Unemployed,Postgraduate,Personal,0
3398,48,111074,489,349660,10,0.47,0,Self-Employed,High School,Personal,0
3399,24,195037,641,331810,20,0.37,3,Salaried,High School,Personal,0
3400,27,20882,304,200346,20,0.13,2,Self-Employed,High School,Home,1
3401,55,171296,556,385438,3,0.33,3,Business,High School,Personal,1
3402,29,125227,542,278010,15,0.37,6,Business,Graduate,Personal,0
3403,28,145865,714,8889,15,0.79,8,Business,PhD,Personal,0
3404,37,143745,642,123194,15,0.25,8,Unemployed,Postgraduate,Education,0
3405,37,181897,678,129714,15,0.48,9,Unemployed,Graduate,Business,0
3406,53,48885,445,446442,1,0.79,0,Salaried,Graduate,Car,1
3407,52,191128,622,36335,15,0.65,9,Business,Graduate,Business,1
3408,28,154275,421,55547,10,0.8,0,Self-Employed,High School,Personal,0
3409,39,153316,551,162234,10,0.78,8,Unemployed,Postgraduate,Car,0
3410,58,118322,610,225521,1,0.44,3,Self-Employed,Graduate,Car,0
3411,23,88619,774,160759,15,0.59,2,Self-Employed,Graduate,Business,0
3412,25,41584,791,365900,5,0.18,8,Salaried,Graduate,Business,0
3413,33,28521,646,278139,15,0.41,4,Salaried,High School,Business,1
3414,51,53541,786,454704,10,0.67,5,Self-Employed,High School,Business,0
3415,36,49063,772,7631,3,0.45,0,Self-Employed,Graduate,Home,1
3416,52,90268,681,433170,20,0.59,0,Self-Employed,High School,Education,0
3417,42,146218,579,142039,3,0.62,6,Self-Employed,Postgraduate,Education,0
3418,49,138206,371,355438,5,0.28,9,Business,High School,Personal,0
3419,42,190635,820,354422,15,0.71,7,Self-Employed,Graduate,Home,1
3420,63,190824,665,69471,1,0.42,7,Unemployed,Postgraduate,Car,0
3421,23,153639,393,304260,15,0.25,6,Salaried,High School,Business,0
3422,30,167193,672,359260,5,0.71,8,Unemployed,Graduate,Personal,0
3423,62,152746,638,432443,5,0.39,0,Salaried,PhD,Car,0
3424,41,96411,736,138014,20,0.63,1,Salaried,PhD,Education,1
3425,36,129876,635,52664,5,0.48,2,Salaried,Postgraduate,Car,0
3426,32,180212,791,164141,3,0.37,4,Unemployed,Postgraduate,Business,1
3427,22,160399,339,92342,20,0.67,3,Salaried,Postgraduate,Business,0
3428,61,43331,658,19407,15,0.51,3,Self-Employed,High School,Education,0
3429,44,43004,553,118926,15,0.37,7,Self-Employed,Postgraduate,Business,0
3430,55,139243,697,326345,1,0.18,7,Business,High School,Home,1
3431,50,161564,469,347237,5,0.73,6,Business,Graduate,Personal,0
3432,50,164821,810,452564,5,0.12,0,Business,High School,Education,0
3433,55,83217,559,218053,10,0.7,9,Self-Employed,High School,Education,0
3434,39,109044,758,22878,20,0.35,3,Unemployed,Graduate,Car,0
3435,28,29045,828,88100,10,0.55,0,Business,PhD,Education,0
3436,46,40116,640,345773,20,0.75,4,Self-Employed,High School,Personal,0
3437,60,38667,356,453636,3,0.21,2,Salaried,High School,Home,1
3438,27,95057,517,499308,20,0.5,2,Unemployed,Graduate,Car,0
3439,50,94205,763,228059,15,0.64,3,Unemployed,Postgraduate,Personal,0
3440,27,47302,546,48168,1,0.63,1,Self-Employed,Graduate,Education,1
3441,23,162355,672,255396,20,0.47,6,Self-Employed,PhD,Business,0
3442,21,182007,716,255481,20,0.54,3,Salaried,Postgraduate,Business,0
3443,56,92534,330,322006,20,0.63,4,Salaried,PhD,Personal,1
3444,45,182696,667,487838,1,0.69,1,Salaried,High School,Home,1
3445,57,33440,407,480241,5,0.63,5,Unemployed,PhD,Business,0
3446,21,131001,717,33004,1,0.35,8,Unemployed,PhD,Personal,0
3447,35,66501,697,287615,5,0.8,7,Business,Graduate,Car,0
3448,57,152341,571,96820,15,0.4,7,Business,Postgraduate,Education,1
3449,33,27868,415,196239,1,0.12,1,Business,High School,Home,0
3450,60,181323,555,107229,5,0.35,3,Unemployed,High School,Home,0
3451,28,97909,380,482044,15,0.19,7,Salaried,High School,Car,0
3452,25,104523,427,332452,15,0.19,0,Business,Postgraduate,Home,0
3453,29,189801,534,351113,5,0.3,7,Salaried,Postgraduate,Personal,0
3454,21,35734,480,19568,5,0.14,2,Salaried,PhD,Home,0
3455,56,193501,456,14466,3,0.58,7,Salaried,PhD,Home,0
3456,55,192409,753,227129,15,0.15,5,Business,Postgraduate,Home,1
3457,22,191397,323,62324,5,0.24,6,Business,High School,Personal,0
3458,60,103600,772,369352,15,0.17,1,Salaried,Postgraduate,Education,0
3459,43,28433,699,151539,1,0.14,0,Business,Graduate,Business,1
3460,29,160183,433,495771,10,0.29,5,Self-Employed,Postgraduate,Home,0
3461,54,123986,720,80955,10,0.5,2,Business,Postgraduate,Car,0
3462,34,83753,512,451164,20,0.78,3,Salaried,High School,Car,1
3463,24,133783,781,152748,5,0.71,8,Salaried,PhD,Personal,0
3464,50,41751,647,99791,5,0.71,2,Unemployed,Graduate,Education,1
3465,51,167525,465,167586,15,0.22,1,Unemployed,Graduate,Home,0
3466,58,190040,647,375862,20,0.29,1,Salaried,Graduate,Personal,0
3467,31,181149,697,27650,5,0.15,1,Self-Employed,Postgraduate,Business,0
3468,55,185847,734,355434,15,0.64,5,Unemployed,High School,Education,0
3469,28,68570,520,82701,5,0.15,1,Salaried,Postgraduate,Education,1
3470,23,197169,607,277827,15,0.49,6,Unemployed,PhD,Personal,0
3471,34,44503,765,234164,5,0.27,6,Unemployed,High School,Car,0
3472,33,153851,398,458035,3,0.27,6,Salaried,Graduate,Education,0
3473,52,106840,541,85978,15,0.79,1,Business,Postgraduate,Car,0
3474,54,151827,457,9860,3,0.63,6,Self-Employed,High School,Education,0
3475,39,59263,526,139801,3,0.69,9,Business,Postgraduate,Education,0
3476,58,128491,722,36351,3,0.5,7,Salaried,High School,Education,1
3477,36,75087,371,329888,3,0.71,7,Salaried,Graduate,Business,0
3478,22,193353,542,160418,1,0.55,1,Self-Employed,PhD,Car,0
3479,60,71482,829,387342,20,0.76,4,Salaried,PhD,Business,0
3480,37,142989,344,341299,10,0.3,5,Unemployed,Postgraduate,Car,1
3481,54,168472,771,126449,1,0.52,8,Self-Employed,Graduate,Business,0
3482,62,60115,670,81700,5,0.58,5,Business,Postgraduate,Business,0
3483,36,34249,391,240486,5,0.38,9,Self-Employed,Postgraduate,Business,0
3484,58,197897,321,274099,20,0.72,5,Business,High School,Personal,0
3485,22,130361,471,463858,10,0.79,9,Salaried,High School,Business,0
3486,22,44600,491,262571,10,0.45,9,Business,High School,Education,0
3487,46,57706,376,468506,10,0.37,5,Business,Graduate,Home,0
3488,33,39222,580,442509,3,0.43,8,Business,Graduate,Business,0
3489,51,119041,663,197408,1,0.7,9,Self-Employed,Postgraduate,Home,0
3490,54,124504,478,288806,5,0.55,6,Unemployed,High School,Home,0
3491,59,61139,537,11408,1,0.13,0,Business,Graduate,Education,0
3492,23,134919,434,176475,1,0.48,0,Self-Employed,Postgraduate,Home,0
3493,28,61302,579,268369,1,0.11,3,Self-Employed,Graduate,Home,0
3494,43,107838,318,410412,10,0.64,1,Unemployed,Postgraduate,Home,0
3495,34,159718,670,468002,20,0.33,2,Self-Employed,PhD,Car,0
3496,47,164615,411,151444,20,0.43,6,Salaried,High School,Business,0
3497,49,173857,520,262320,10,0.66,6,Salaried,PhD,Business,0
3498,59,98353,603,22279,5,0.13,2,Salaried,Postgraduate,Home,0
3499,59,182478,624,115401,5,0.21,1,Unemployed,Postgraduate,Education,1
3500,21,108992,736,231801,5,0.38,0,Self-Employed,High School,Car,1
